INSERT INTO nutrienttype (nttypecode, nttypename) VALUES (1, 'พลังงานและสารอาหารหลัก');
INSERT INTO nutrienttype (nttypecode, nttypename) VALUES (2, 'แร่ธาตุ');
INSERT INTO nutrienttype (nttypecode, nttypename) VALUES (3, 'วิตามิน');
INSERT INTO nutrienttype (nttypecode, nttypename) VALUES (4, 'น้ำตาลและเส้นใยอาหาร');

-- กลุ่ม 1: พลังงานและสารอาหารหลัก
INSERT INTO nutrient (ntcode, ntname, nttypecode) VALUES (1, 'Energy', 1);
INSERT INTO nutrient (ntcode, ntname, nttypecode) VALUES (2, 'Water', 1);
INSERT INTO nutrient (ntcode, ntname, nttypecode) VALUES (3, 'Protein', 1);
INSERT INTO nutrient (ntcode, ntname, nttypecode) VALUES (4, 'Fat', 1);
INSERT INTO nutrient (ntcode, ntname, nttypecode) VALUES (5, 'Carbohydrate', 1);

-- กลุ่ม 2: แร่ธาตุ (Minerals)
INSERT INTO nutrient (ntcode, ntname, nttypecode) VALUES (6, 'Calcium', 2);
INSERT INTO nutrient (ntcode, ntname, nttypecode) VALUES (7, 'Phosphorus', 2);
INSERT INTO nutrient (ntcode, ntname, nttypecode) VALUES (8, 'Magnesium', 2);
INSERT INTO nutrient (ntcode, ntname, nttypecode) VALUES (9, 'Sodium', 2);
INSERT INTO nutrient (ntcode, ntname, nttypecode) VALUES (10, 'Potassium', 2);
INSERT INTO nutrient (ntcode, ntname, nttypecode) VALUES (11, 'Iron', 2);
INSERT INTO nutrient (ntcode, ntname, nttypecode) VALUES (12, 'Copper', 2);
INSERT INTO nutrient (ntcode, ntname, nttypecode) VALUES (13, 'Zinc', 2);
INSERT INTO nutrient (ntcode, ntname, nttypecode) VALUES (14, 'Iodine', 2);

-- กลุ่ม 3: วิตามิน (Vitamins)
INSERT INTO nutrient (ntcode, ntname, nttypecode) VALUES (15, 'Beta-Carotene', 3);
INSERT INTO nutrient (ntcode, ntname, nttypecode) VALUES (16, 'Retinol', 3);
INSERT INTO nutrient (ntcode, ntname, nttypecode) VALUES (17, 'Vitamin A', 3);
INSERT INTO nutrient (ntcode, ntname, nttypecode) VALUES (18, 'Thiamin (B1)', 3);
INSERT INTO nutrient (ntcode, ntname, nttypecode) VALUES (19, 'Riboflavin (B2)', 3);
INSERT INTO nutrient (ntcode, ntname, nttypecode) VALUES (20, 'Niacin (B3)', 3);
INSERT INTO nutrient (ntcode, ntname, nttypecode) VALUES (21, 'Vitamin C', 3);
INSERT INTO nutrient (ntcode, ntname, nttypecode) VALUES (22, 'Vitamin E', 3);

-- กลุ่ม 4: น้ำตาลและเส้นใยอาหาร
INSERT INTO nutrient (ntcode, ntname, nttypecode) VALUES (23, 'Fiber', 4);
INSERT INTO nutrient (ntcode, ntname, nttypecode) VALUES (24, 'Ash', 4);
INSERT INTO nutrient (ntcode, ntname, nttypecode) VALUES (25, 'Sugar', 4);


INSERT INTO foodcategory (fccode, fcname) VALUES (1, 'อาหารจานเดียว');
INSERT INTO foodcategory (fccode, fcname) VALUES (2, 'ต้ม');
INSERT INTO foodcategory (fccode, fcname) VALUES (3, 'ก๋วยเตี๊ยว');

-- เพิ่มข้อมูลส่วนประกอบ
INSERT INTO ingredient (ingcode, ingname) VALUES (1, 'Fish maw');
INSERT INTO ingredient (ingcode, ingname) VALUES (2, 'Rice noodles');
INSERT INTO ingredient (ingcode, ingname) VALUES (3, 'Meat');
INSERT INTO ingredient (ingcode, ingname) VALUES (4, 'Tofu');
INSERT INTO ingredient (ingcode, ingname) VALUES (5, 'Curry paste');
INSERT INTO ingredient (ingcode, ingname) VALUES (6, 'Chicken');
INSERT INTO ingredient (ingcode, ingname) VALUES (7, 'Roasted pork');
INSERT INTO ingredient (ingcode, ingname) VALUES (8, 'Egg');
INSERT INTO ingredient (ingcode, ingname) VALUES (9, 'Pink sauce');
INSERT INTO ingredient (ingcode, ingname) VALUES (10, 'Shanghai noodles');
INSERT INTO ingredient (ingcode, ingname) VALUES (11, 'Wheat noodles');

INSERT INTO food (fdcode, fdtname, fdename, imageurl, fooddesc) VALUES (0,'กระเพาะปลา','Fish maw soup','https://www.nestleprofessional.co.th/sites/default/files/styles/np_recipe_detail/public/2023-08/fish-maw-540x400.png?itok=A5aHYvBC','');
INSERT INTO foodcategorydetail (fcdetailcode, fdcode, seq, fccode) VALUES (1,0,1,1);
INSERT INTO foodcategorydetail (fcdetailcode, fdcode, seq, fccode) VALUES (2,0,2,2);
INSERT INTO nutrientdetail (ntdetailcode, fdcode, seq, ntcode, amount, unit) VALUES (1,0,1,1,83,'kcal');
INSERT INTO nutrientdetail (ntdetailcode, fdcode, seq, ntcode, amount, unit) VALUES (2,0,2,2,85,'g');
INSERT INTO nutrientdetail (ntdetailcode, fdcode, seq, ntcode, amount, unit) VALUES (3,0,3,3,7.3,'g');
INSERT INTO nutrientdetail (ntdetailcode, fdcode, seq, ntcode, amount, unit) VALUES (4,0,4,4,5.2,'g');
INSERT INTO nutrientdetail (ntdetailcode, fdcode, seq, ntcode, amount, unit) VALUES (5,0,5,5,1.8,'g');
INSERT INTO nutrientdetail (ntdetailcode, fdcode, seq, ntcode, amount, unit) VALUES (6,0,6,23,0,'g');
INSERT INTO nutrientdetail (ntdetailcode, fdcode, seq, ntcode, amount, unit) VALUES (7,0,7,24,0.7,'g');
INSERT INTO nutrientdetail (ntdetailcode, fdcode, seq, ntcode, amount, unit) VALUES (8,0,8,6,85,'g');
INSERT INTO nutrientdetail (ntdetailcode, fdcode, seq, ntcode, amount, unit) VALUES (9,0,9,7,63,'g');
INSERT INTO nutrientdetail (ntdetailcode, fdcode, seq, ntcode, amount, unit) VALUES (10,0,10,8,0,'g');
INSERT INTO nutrientdetail (ntdetailcode, fdcode, seq, ntcode, amount, unit) VALUES (11,0,11,9,0,'g');
INSERT INTO nutrientdetail (ntdetailcode, fdcode, seq, ntcode, amount, unit) VALUES (12,0,12,10,0,'g');
INSERT INTO nutrientdetail (ntdetailcode, fdcode, seq, ntcode, amount, unit) VALUES (13,0,13,11,2.5,'g');
INSERT INTO nutrientdetail (ntdetailcode, fdcode, seq, ntcode, amount, unit) VALUES (14,0,14,12,0,'g');
INSERT INTO nutrientdetail (ntdetailcode, fdcode, seq, ntcode, amount, unit) VALUES (15,0,15,13,0,'g');
INSERT INTO nutrientdetail (ntdetailcode, fdcode, seq, ntcode, amount, unit) VALUES (16,0,16,14,0,'g');
INSERT INTO nutrientdetail (ntdetailcode, fdcode, seq, ntcode, amount, unit) VALUES (17,0,17,15,14,'g');
INSERT INTO nutrientdetail (ntdetailcode, fdcode, seq, ntcode, amount, unit) VALUES (18,0,18,16,164,'g');
INSERT INTO nutrientdetail (ntdetailcode, fdcode, seq, ntcode, amount, unit) VALUES (19,0,19,17,165,'g');
INSERT INTO nutrientdetail (ntdetailcode, fdcode, seq, ntcode, amount, unit) VALUES (20,0,20,18,0.01,'g');
INSERT INTO nutrientdetail (ntdetailcode, fdcode, seq, ntcode, amount, unit) VALUES (21,0,21,19,0.32,'g');
INSERT INTO nutrientdetail (ntdetailcode, fdcode, seq, ntcode, amount, unit) VALUES (22,0,22,20,1.6,'g');
INSERT INTO nutrientdetail (ntdetailcode, fdcode, seq, ntcode, amount, unit) VALUES (23,0,23,21,0,'g');
INSERT INTO nutrientdetail (ntdetailcode, fdcode, seq, ntcode, amount, unit) VALUES (24,0,24,22,0,'g');
INSERT INTO nutrientdetail (ntdetailcode, fdcode, seq, ntcode, amount, unit) VALUES (25,0,25,25,0,'g');
INSERT INTO food (fdcode, fdtname, fdename, imageurl, fooddesc) VALUES (1,'เส้นหมี่กระเพาะปลา','Fish maw soup with rice noodles','https://img.wongnai.com/p/1968x0/2019/06/14/560733084be14126aea328fb78612638.jpg','');
INSERT INTO foodcategorydetail (fcdetailcode, fdcode, seq, fccode) VALUES (3,1,1,1);
INSERT INTO foodcategorydetail (fcdetailcode, fdcode, seq, fccode) VALUES (4,1,2,2);
INSERT INTO nutrientdetail (ntdetailcode, fdcode, seq, ntcode, amount, unit) VALUES (26,1,1,1,60,'kcal');
INSERT INTO nutrientdetail (ntdetailcode, fdcode, seq, ntcode, amount, unit) VALUES (27,1,2,2,84.7,'g');
INSERT INTO nutrientdetail (ntdetailcode, fdcode, seq, ntcode, amount, unit) VALUES (28,1,3,3,3.75,'g');
INSERT INTO nutrientdetail (ntdetailcode, fdcode, seq, ntcode, amount, unit) VALUES (29,1,4,4,0.75,'g');
INSERT INTO nutrientdetail (ntdetailcode, fdcode, seq, ntcode, amount, unit) VALUES (30,1,5,5,9.46,'g');
INSERT INTO nutrientdetail (ntdetailcode, fdcode, seq, ntcode, amount, unit) VALUES (31,1,6,23,0,'g');
INSERT INTO nutrientdetail (ntdetailcode, fdcode, seq, ntcode, amount, unit) VALUES (32,1,7,24,1.37,'g');
INSERT INTO nutrientdetail (ntdetailcode, fdcode, seq, ntcode, amount, unit) VALUES (33,1,8,6,6,'g');
INSERT INTO nutrientdetail (ntdetailcode, fdcode, seq, ntcode, amount, unit) VALUES (34,1,9,7,17,'g');
INSERT INTO nutrientdetail (ntdetailcode, fdcode, seq, ntcode, amount, unit) VALUES (35,1,10,8,5,'g');
INSERT INTO nutrientdetail (ntdetailcode, fdcode, seq, ntcode, amount, unit) VALUES (36,1,11,9,584,'g');
INSERT INTO nutrientdetail (ntdetailcode, fdcode, seq, ntcode, amount, unit) VALUES (37,1,12,10,31,'g');
INSERT INTO nutrientdetail (ntdetailcode, fdcode, seq, ntcode, amount, unit) VALUES (38,1,13,11,0,'g');
INSERT INTO nutrientdetail (ntdetailcode, fdcode, seq, ntcode, amount, unit) VALUES (39,1,14,12,0,'g');
INSERT INTO nutrientdetail (ntdetailcode, fdcode, seq, ntcode, amount, unit) VALUES (40,1,15,13,0,'g');
INSERT INTO nutrientdetail (ntdetailcode, fdcode, seq, ntcode, amount, unit) VALUES (41,1,16,14,0,'g');
INSERT INTO nutrientdetail (ntdetailcode, fdcode, seq, ntcode, amount, unit) VALUES (42,1,17,15,0,'g');
INSERT INTO nutrientdetail (ntdetailcode, fdcode, seq, ntcode, amount, unit) VALUES (43,1,18,16,0,'g');
INSERT INTO nutrientdetail (ntdetailcode, fdcode, seq, ntcode, amount, unit) VALUES (44,1,19,17,0,'g');
INSERT INTO nutrientdetail (ntdetailcode, fdcode, seq, ntcode, amount, unit) VALUES (45,1,20,18,0,'g');
INSERT INTO nutrientdetail (ntdetailcode, fdcode, seq, ntcode, amount, unit) VALUES (46,1,21,19,0,'g');
INSERT INTO nutrientdetail (ntdetailcode, fdcode, seq, ntcode, amount, unit) VALUES (47,1,22,20,0,'g');
INSERT INTO nutrientdetail (ntdetailcode, fdcode, seq, ntcode, amount, unit) VALUES (48,1,23,21,0,'g');
INSERT INTO nutrientdetail (ntdetailcode, fdcode, seq, ntcode, amount, unit) VALUES (49,1,24,22,0,'g');
INSERT INTO nutrientdetail (ntdetailcode, fdcode, seq, ntcode, amount, unit) VALUES (50,1,25,25,0,'g');
INSERT INTO food (fdcode, fdtname, fdename, imageurl, fooddesc) VALUES (2,'ก๋วยจั๊บน้ำข้น','Rice noodles big sheet soup with meat an','https://images.deliveryhero.io/image/fd-th/LH/a1an-listing.jpg','');
INSERT INTO foodcategorydetail (fcdetailcode, fdcode, seq, fccode) VALUES (5,2,1,1);
INSERT INTO foodcategorydetail (fcdetailcode, fdcode, seq, fccode) VALUES (6,2,2,2);
INSERT INTO nutrientdetail (ntdetailcode, fdcode, seq, ntcode, amount, unit) VALUES (51,2,1,1,67,'kcal');
INSERT INTO nutrientdetail (ntdetailcode, fdcode, seq, ntcode, amount, unit) VALUES (52,2,2,2,84.3,'g');
INSERT INTO nutrientdetail (ntdetailcode, fdcode, seq, ntcode, amount, unit) VALUES (53,2,3,3,3.91,'g');
INSERT INTO nutrientdetail (ntdetailcode, fdcode, seq, ntcode, amount, unit) VALUES (54,2,4,4,1.88,'g');
INSERT INTO nutrientdetail (ntdetailcode, fdcode, seq, ntcode, amount, unit) VALUES (55,2,5,5,8.49,'g');
INSERT INTO nutrientdetail (ntdetailcode, fdcode, seq, ntcode, amount, unit) VALUES (56,2,6,23,0,'g');
INSERT INTO nutrientdetail (ntdetailcode, fdcode, seq, ntcode, amount, unit) VALUES (57,2,7,24,1.38,'g');
INSERT INTO nutrientdetail (ntdetailcode, fdcode, seq, ntcode, amount, unit) VALUES (58,2,8,6,11,'g');
INSERT INTO nutrientdetail (ntdetailcode, fdcode, seq, ntcode, amount, unit) VALUES (59,2,9,7,48,'g');
INSERT INTO nutrientdetail (ntdetailcode, fdcode, seq, ntcode, amount, unit) VALUES (60,2,10,8,13,'g');
INSERT INTO nutrientdetail (ntdetailcode, fdcode, seq, ntcode, amount, unit) VALUES (61,2,11,9,482,'g');
INSERT INTO nutrientdetail (ntdetailcode, fdcode, seq, ntcode, amount, unit) VALUES (62,2,12,10,93,'g');
INSERT INTO nutrientdetail (ntdetailcode, fdcode, seq, ntcode, amount, unit) VALUES (63,2,13,11,0,'g');
INSERT INTO nutrientdetail (ntdetailcode, fdcode, seq, ntcode, amount, unit) VALUES (64,2,14,12,0,'g');
INSERT INTO nutrientdetail (ntdetailcode, fdcode, seq, ntcode, amount, unit) VALUES (65,2,15,13,0,'g');
INSERT INTO nutrientdetail (ntdetailcode, fdcode, seq, ntcode, amount, unit) VALUES (66,2,16,14,0,'g');
INSERT INTO nutrientdetail (ntdetailcode, fdcode, seq, ntcode, amount, unit) VALUES (67,2,17,15,0,'g');
INSERT INTO nutrientdetail (ntdetailcode, fdcode, seq, ntcode, amount, unit) VALUES (68,2,18,16,0,'g');
INSERT INTO nutrientdetail (ntdetailcode, fdcode, seq, ntcode, amount, unit) VALUES (69,2,19,17,0,'g');
INSERT INTO nutrientdetail (ntdetailcode, fdcode, seq, ntcode, amount, unit) VALUES (70,2,20,18,0,'g');
INSERT INTO nutrientdetail (ntdetailcode, fdcode, seq, ntcode, amount, unit) VALUES (71,2,21,19,0,'g');
INSERT INTO nutrientdetail (ntdetailcode, fdcode, seq, ntcode, amount, unit) VALUES (72,2,22,20,0,'g');
INSERT INTO nutrientdetail (ntdetailcode, fdcode, seq, ntcode, amount, unit) VALUES (73,2,23,21,0,'g');
INSERT INTO nutrientdetail (ntdetailcode, fdcode, seq, ntcode, amount, unit) VALUES (74,2,24,22,0,'g');
INSERT INTO nutrientdetail (ntdetailcode, fdcode, seq, ntcode, amount, unit) VALUES (75,2,25,25,0,'g');
INSERT INTO food (fdcode, fdtname, fdename, imageurl, fooddesc) VALUES (3,'ก๋วยเตี๋ยวแขก','Rice noodles with beff curry','https://sharp-weeclub.com/wp-content/uploads/2021/03/%E0%B9%81%E0%B8%81%E0%B8%873-990x510-1.jpg','');
INSERT INTO foodcategorydetail (fcdetailcode, fdcode, seq, fccode) VALUES (7,3,1,1);
INSERT INTO foodcategorydetail (fcdetailcode, fdcode, seq, fccode) VALUES (8,3,2,2);
INSERT INTO nutrientdetail (ntdetailcode, fdcode, seq, ntcode, amount, unit) VALUES (76,3,1,1,131,'kcal');
INSERT INTO nutrientdetail (ntdetailcode, fdcode, seq, ntcode, amount, unit) VALUES (77,3,2,2,75,'g');
INSERT INTO nutrientdetail (ntdetailcode, fdcode, seq, ntcode, amount, unit) VALUES (78,3,3,3,6.6,'g');
INSERT INTO nutrientdetail (ntdetailcode, fdcode, seq, ntcode, amount, unit) VALUES (79,3,4,4,7.4,'g');
INSERT INTO nutrientdetail (ntdetailcode, fdcode, seq, ntcode, amount, unit) VALUES (80,3,5,5,9.4,'g');
INSERT INTO nutrientdetail (ntdetailcode, fdcode, seq, ntcode, amount, unit) VALUES (81,3,6,23,0.3,'g');
INSERT INTO nutrientdetail (ntdetailcode, fdcode, seq, ntcode, amount, unit) VALUES (82,3,7,24,1.6,'g');
INSERT INTO nutrientdetail (ntdetailcode, fdcode, seq, ntcode, amount, unit) VALUES (83,3,8,6,59,'g');
INSERT INTO nutrientdetail (ntdetailcode, fdcode, seq, ntcode, amount, unit) VALUES (84,3,9,7,63,'g');
INSERT INTO nutrientdetail (ntdetailcode, fdcode, seq, ntcode, amount, unit) VALUES (85,3,10,8,0,'g');
INSERT INTO nutrientdetail (ntdetailcode, fdcode, seq, ntcode, amount, unit) VALUES (86,3,11,9,0,'g');
INSERT INTO nutrientdetail (ntdetailcode, fdcode, seq, ntcode, amount, unit) VALUES (87,3,12,10,0,'g');
INSERT INTO nutrientdetail (ntdetailcode, fdcode, seq, ntcode, amount, unit) VALUES (88,3,13,11,0.4,'g');
INSERT INTO nutrientdetail (ntdetailcode, fdcode, seq, ntcode, amount, unit) VALUES (89,3,14,12,0,'g');
INSERT INTO nutrientdetail (ntdetailcode, fdcode, seq, ntcode, amount, unit) VALUES (90,3,15,13,0,'g');
INSERT INTO nutrientdetail (ntdetailcode, fdcode, seq, ntcode, amount, unit) VALUES (91,3,16,14,0,'g');
INSERT INTO nutrientdetail (ntdetailcode, fdcode, seq, ntcode, amount, unit) VALUES (92,3,17,15,22,'g');
INSERT INTO nutrientdetail (ntdetailcode, fdcode, seq, ntcode, amount, unit) VALUES (93,3,18,16,0,'g');
INSERT INTO nutrientdetail (ntdetailcode, fdcode, seq, ntcode, amount, unit) VALUES (94,3,19,17,2,'g');
INSERT INTO nutrientdetail (ntdetailcode, fdcode, seq, ntcode, amount, unit) VALUES (95,3,20,18,0.12,'g');
INSERT INTO nutrientdetail (ntdetailcode, fdcode, seq, ntcode, amount, unit) VALUES (96,3,21,19,0.86,'g');
INSERT INTO nutrientdetail (ntdetailcode, fdcode, seq, ntcode, amount, unit) VALUES (97,3,22,20,1.6,'g');
INSERT INTO nutrientdetail (ntdetailcode, fdcode, seq, ntcode, amount, unit) VALUES (98,3,23,21,0,'g');
INSERT INTO nutrientdetail (ntdetailcode, fdcode, seq, ntcode, amount, unit) VALUES (99,3,24,22,0,'g');
INSERT INTO nutrientdetail (ntdetailcode, fdcode, seq, ntcode, amount, unit) VALUES (100,3,25,25,0,'g');
INSERT INTO food (fdcode, fdtname, fdename, imageurl, fooddesc) VALUES (4,'ก๋วยเตี๋ยวขั้วไก่','Rice noodles with chicken fried','https://i.ytimg.com/vi/jrm1OELQe7o/maxresdefault.jpg','');
INSERT INTO foodcategorydetail (fcdetailcode, fdcode, seq, fccode) VALUES (9,4,1,1);
INSERT INTO foodcategorydetail (fcdetailcode, fdcode, seq, fccode) VALUES (10,4,2,2);
INSERT INTO nutrientdetail (ntdetailcode, fdcode, seq, ntcode, amount, unit) VALUES (101,4,1,1,198,'kcal');
INSERT INTO nutrientdetail (ntdetailcode, fdcode, seq, ntcode, amount, unit) VALUES (102,4,2,2,59.7,'g');
INSERT INTO nutrientdetail (ntdetailcode, fdcode, seq, ntcode, amount, unit) VALUES (103,4,3,3,6.94,'g');
INSERT INTO nutrientdetail (ntdetailcode, fdcode, seq, ntcode, amount, unit) VALUES (104,4,4,4,8.36,'g');
INSERT INTO nutrientdetail (ntdetailcode, fdcode, seq, ntcode, amount, unit) VALUES (105,4,5,5,23.77,'g');
INSERT INTO nutrientdetail (ntdetailcode, fdcode, seq, ntcode, amount, unit) VALUES (106,4,6,23,0,'g');
INSERT INTO nutrientdetail (ntdetailcode, fdcode, seq, ntcode, amount, unit) VALUES (107,4,7,24,1.21,'g');
INSERT INTO nutrientdetail (ntdetailcode, fdcode, seq, ntcode, amount, unit) VALUES (108,4,8,6,17,'g');
INSERT INTO nutrientdetail (ntdetailcode, fdcode, seq, ntcode, amount, unit) VALUES (109,4,9,7,88,'g');
INSERT INTO nutrientdetail (ntdetailcode, fdcode, seq, ntcode, amount, unit) VALUES (110,4,10,8,12,'g');
INSERT INTO nutrientdetail (ntdetailcode, fdcode, seq, ntcode, amount, unit) VALUES (111,4,11,9,384,'g');
INSERT INTO nutrientdetail (ntdetailcode, fdcode, seq, ntcode, amount, unit) VALUES (112,4,12,10,102,'g');
INSERT INTO nutrientdetail (ntdetailcode, fdcode, seq, ntcode, amount, unit) VALUES (113,4,13,11,0,'g');
INSERT INTO nutrientdetail (ntdetailcode, fdcode, seq, ntcode, amount, unit) VALUES (114,4,14,12,0,'g');
INSERT INTO nutrientdetail (ntdetailcode, fdcode, seq, ntcode, amount, unit) VALUES (115,4,15,13,0,'g');
INSERT INTO nutrientdetail (ntdetailcode, fdcode, seq, ntcode, amount, unit) VALUES (116,4,16,14,0,'g');
INSERT INTO nutrientdetail (ntdetailcode, fdcode, seq, ntcode, amount, unit) VALUES (117,4,17,15,0,'g');
INSERT INTO nutrientdetail (ntdetailcode, fdcode, seq, ntcode, amount, unit) VALUES (118,4,18,16,0,'g');
INSERT INTO nutrientdetail (ntdetailcode, fdcode, seq, ntcode, amount, unit) VALUES (119,4,19,17,0,'g');
INSERT INTO nutrientdetail (ntdetailcode, fdcode, seq, ntcode, amount, unit) VALUES (120,4,20,18,0,'g');
INSERT INTO nutrientdetail (ntdetailcode, fdcode, seq, ntcode, amount, unit) VALUES (121,4,21,19,0,'g');
INSERT INTO nutrientdetail (ntdetailcode, fdcode, seq, ntcode, amount, unit) VALUES (122,4,22,20,0,'g');
INSERT INTO nutrientdetail (ntdetailcode, fdcode, seq, ntcode, amount, unit) VALUES (123,4,23,21,0,'g');
INSERT INTO nutrientdetail (ntdetailcode, fdcode, seq, ntcode, amount, unit) VALUES (124,4,24,22,0,'g');
INSERT INTO nutrientdetail (ntdetailcode, fdcode, seq, ntcode, amount, unit) VALUES (125,4,25,25,0,'g');
INSERT INTO food (fdcode, fdtname, fdename, imageurl, fooddesc) VALUES (5,'ก๋วยเตี๋ยวเนื้อสับ','Rice noodles topped with chopped beef an','https://img.wongnai.com/p/1968x0/2021/09/06/d92b704db14d49e88e5ff389e00229ca.jpg','');
INSERT INTO foodcategorydetail (fcdetailcode, fdcode, seq, fccode) VALUES (11,5,1,1);
INSERT INTO foodcategorydetail (fcdetailcode, fdcode, seq, fccode) VALUES (12,5,2,2);
INSERT INTO nutrientdetail (ntdetailcode, fdcode, seq, ntcode, amount, unit) VALUES (126,5,1,1,112,'kcal');
INSERT INTO nutrientdetail (ntdetailcode, fdcode, seq, ntcode, amount, unit) VALUES (127,5,2,2,76.2,'g');
INSERT INTO nutrientdetail (ntdetailcode, fdcode, seq, ntcode, amount, unit) VALUES (128,5,3,3,3.5,'g');
INSERT INTO nutrientdetail (ntdetailcode, fdcode, seq, ntcode, amount, unit) VALUES (129,5,4,4,4.1,'g');
INSERT INTO nutrientdetail (ntdetailcode, fdcode, seq, ntcode, amount, unit) VALUES (130,5,5,5,18.2,'g');
INSERT INTO nutrientdetail (ntdetailcode, fdcode, seq, ntcode, amount, unit) VALUES (131,5,6,23,0.4,'g');
INSERT INTO nutrientdetail (ntdetailcode, fdcode, seq, ntcode, amount, unit) VALUES (132,5,7,24,1,'g');
INSERT INTO nutrientdetail (ntdetailcode, fdcode, seq, ntcode, amount, unit) VALUES (133,5,8,6,41,'g');
INSERT INTO nutrientdetail (ntdetailcode, fdcode, seq, ntcode, amount, unit) VALUES (134,5,9,7,42,'g');
INSERT INTO nutrientdetail (ntdetailcode, fdcode, seq, ntcode, amount, unit) VALUES (135,5,10,8,0,'g');
INSERT INTO nutrientdetail (ntdetailcode, fdcode, seq, ntcode, amount, unit) VALUES (136,5,11,9,0,'g');
INSERT INTO nutrientdetail (ntdetailcode, fdcode, seq, ntcode, amount, unit) VALUES (137,5,12,10,0,'g');
INSERT INTO nutrientdetail (ntdetailcode, fdcode, seq, ntcode, amount, unit) VALUES (138,5,13,11,0.2,'g');
INSERT INTO nutrientdetail (ntdetailcode, fdcode, seq, ntcode, amount, unit) VALUES (139,5,14,12,0,'g');
INSERT INTO nutrientdetail (ntdetailcode, fdcode, seq, ntcode, amount, unit) VALUES (140,5,15,13,0,'g');
INSERT INTO nutrientdetail (ntdetailcode, fdcode, seq, ntcode, amount, unit) VALUES (141,5,16,14,0,'g');
INSERT INTO nutrientdetail (ntdetailcode, fdcode, seq, ntcode, amount, unit) VALUES (142,5,17,15,13,'g');
INSERT INTO nutrientdetail (ntdetailcode, fdcode, seq, ntcode, amount, unit) VALUES (143,5,18,16,0,'g');
INSERT INTO nutrientdetail (ntdetailcode, fdcode, seq, ntcode, amount, unit) VALUES (144,5,19,17,1,'g');
INSERT INTO nutrientdetail (ntdetailcode, fdcode, seq, ntcode, amount, unit) VALUES (145,5,20,18,0.07,'g');
INSERT INTO nutrientdetail (ntdetailcode, fdcode, seq, ntcode, amount, unit) VALUES (146,5,21,19,0.61,'g');
INSERT INTO nutrientdetail (ntdetailcode, fdcode, seq, ntcode, amount, unit) VALUES (147,5,22,20,1.3,'g');
INSERT INTO nutrientdetail (ntdetailcode, fdcode, seq, ntcode, amount, unit) VALUES (148,5,23,21,1,'g');
INSERT INTO nutrientdetail (ntdetailcode, fdcode, seq, ntcode, amount, unit) VALUES (149,5,24,22,0,'g');
INSERT INTO nutrientdetail (ntdetailcode, fdcode, seq, ntcode, amount, unit) VALUES (150,5,25,25,0,'g');
INSERT INTO food (fdcode, fdtname, fdename, imageurl, fooddesc) VALUES (6,'ก๋วยเตี๋ยวผัดไทยใส่ไข่','Rice noodles fried Thai style','https://f.ptcdn.info/787/074/000/qz7tthts6vWB8cG38cA-o.jpg','');
INSERT INTO foodcategorydetail (fcdetailcode, fdcode, seq, fccode) VALUES (13,6,1,1);
INSERT INTO foodcategorydetail (fcdetailcode, fdcode, seq, fccode) VALUES (14,6,2,2);
INSERT INTO nutrientdetail (ntdetailcode, fdcode, seq, ntcode, amount, unit) VALUES (151,6,1,1,239,'kcal');
INSERT INTO nutrientdetail (ntdetailcode, fdcode, seq, ntcode, amount, unit) VALUES (152,6,2,2,53.8,'g');
INSERT INTO nutrientdetail (ntdetailcode, fdcode, seq, ntcode, amount, unit) VALUES (153,6,3,3,7.7,'g');
INSERT INTO nutrientdetail (ntdetailcode, fdcode, seq, ntcode, amount, unit) VALUES (154,6,4,4,12.3,'g');
INSERT INTO nutrientdetail (ntdetailcode, fdcode, seq, ntcode, amount, unit) VALUES (155,6,5,5,24.3,'g');
INSERT INTO nutrientdetail (ntdetailcode, fdcode, seq, ntcode, amount, unit) VALUES (156,6,6,23,0.6,'g');
INSERT INTO nutrientdetail (ntdetailcode, fdcode, seq, ntcode, amount, unit) VALUES (157,6,7,24,1.9,'g');
INSERT INTO nutrientdetail (ntdetailcode, fdcode, seq, ntcode, amount, unit) VALUES (158,6,8,6,150,'g');
INSERT INTO nutrientdetail (ntdetailcode, fdcode, seq, ntcode, amount, unit) VALUES (159,6,9,7,109,'g');
INSERT INTO nutrientdetail (ntdetailcode, fdcode, seq, ntcode, amount, unit) VALUES (160,6,10,8,0,'g');
INSERT INTO nutrientdetail (ntdetailcode, fdcode, seq, ntcode, amount, unit) VALUES (161,6,11,9,0,'g');
INSERT INTO nutrientdetail (ntdetailcode, fdcode, seq, ntcode, amount, unit) VALUES (162,6,12,10,0,'g');
INSERT INTO nutrientdetail (ntdetailcode, fdcode, seq, ntcode, amount, unit) VALUES (163,6,13,11,2,'g');
INSERT INTO nutrientdetail (ntdetailcode, fdcode, seq, ntcode, amount, unit) VALUES (164,6,14,12,0,'g');
INSERT INTO nutrientdetail (ntdetailcode, fdcode, seq, ntcode, amount, unit) VALUES (165,6,15,13,0,'g');
INSERT INTO nutrientdetail (ntdetailcode, fdcode, seq, ntcode, amount, unit) VALUES (166,6,16,14,0,'g');
INSERT INTO nutrientdetail (ntdetailcode, fdcode, seq, ntcode, amount, unit) VALUES (167,6,17,15,79,'g');
INSERT INTO nutrientdetail (ntdetailcode, fdcode, seq, ntcode, amount, unit) VALUES (168,6,18,16,0,'g');
INSERT INTO nutrientdetail (ntdetailcode, fdcode, seq, ntcode, amount, unit) VALUES (169,6,19,17,7,'g');
INSERT INTO nutrientdetail (ntdetailcode, fdcode, seq, ntcode, amount, unit) VALUES (170,6,20,18,0.07,'g');
INSERT INTO nutrientdetail (ntdetailcode, fdcode, seq, ntcode, amount, unit) VALUES (171,6,21,19,0.76,'g');
INSERT INTO nutrientdetail (ntdetailcode, fdcode, seq, ntcode, amount, unit) VALUES (172,6,22,20,1.7,'g');
INSERT INTO nutrientdetail (ntdetailcode, fdcode, seq, ntcode, amount, unit) VALUES (173,6,23,21,1,'g');
INSERT INTO nutrientdetail (ntdetailcode, fdcode, seq, ntcode, amount, unit) VALUES (174,6,24,22,0,'g');
INSERT INTO nutrientdetail (ntdetailcode, fdcode, seq, ntcode, amount, unit) VALUES (175,6,25,25,0,'g');
INSERT INTO food (fdcode, fdtname, fdename, imageurl, fooddesc) VALUES (7,'วุ้นเส้นเย็นตาโฟน้ำ','Pink noodles soup','https://img.wongnai.com/p/1968x0/2019/12/03/812f233d186143e68e23c59a06cdcccd.jpg','');
INSERT INTO foodcategorydetail (fcdetailcode, fdcode, seq, fccode) VALUES (15,7,1,1);
INSERT INTO foodcategorydetail (fcdetailcode, fdcode, seq, fccode) VALUES (16,7,2,2);
INSERT INTO nutrientdetail (ntdetailcode, fdcode, seq, ntcode, amount, unit) VALUES (176,7,1,1,84,'kcal');
INSERT INTO nutrientdetail (ntdetailcode, fdcode, seq, ntcode, amount, unit) VALUES (177,7,2,2,81.1,'g');
INSERT INTO nutrientdetail (ntdetailcode, fdcode, seq, ntcode, amount, unit) VALUES (178,7,3,3,2.26,'g');
INSERT INTO nutrientdetail (ntdetailcode, fdcode, seq, ntcode, amount, unit) VALUES (179,7,4,4,2.74,'g');
INSERT INTO nutrientdetail (ntdetailcode, fdcode, seq, ntcode, amount, unit) VALUES (180,7,5,5,12.67,'g');
INSERT INTO nutrientdetail (ntdetailcode, fdcode, seq, ntcode, amount, unit) VALUES (181,7,6,23,0,'g');
INSERT INTO nutrientdetail (ntdetailcode, fdcode, seq, ntcode, amount, unit) VALUES (182,7,7,24,1.21,'g');
INSERT INTO nutrientdetail (ntdetailcode, fdcode, seq, ntcode, amount, unit) VALUES (183,7,8,6,15,'g');
INSERT INTO nutrientdetail (ntdetailcode, fdcode, seq, ntcode, amount, unit) VALUES (184,7,9,7,24,'g');
INSERT INTO nutrientdetail (ntdetailcode, fdcode, seq, ntcode, amount, unit) VALUES (185,7,10,8,10,'g');
INSERT INTO nutrientdetail (ntdetailcode, fdcode, seq, ntcode, amount, unit) VALUES (186,7,11,9,545,'g');
INSERT INTO nutrientdetail (ntdetailcode, fdcode, seq, ntcode, amount, unit) VALUES (187,7,12,10,60,'g');
INSERT INTO nutrientdetail (ntdetailcode, fdcode, seq, ntcode, amount, unit) VALUES (188,7,13,11,0,'g');
INSERT INTO nutrientdetail (ntdetailcode, fdcode, seq, ntcode, amount, unit) VALUES (189,7,14,12,0,'g');
INSERT INTO nutrientdetail (ntdetailcode, fdcode, seq, ntcode, amount, unit) VALUES (190,7,15,13,0,'g');
INSERT INTO nutrientdetail (ntdetailcode, fdcode, seq, ntcode, amount, unit) VALUES (191,7,16,14,0,'g');
INSERT INTO nutrientdetail (ntdetailcode, fdcode, seq, ntcode, amount, unit) VALUES (192,7,17,15,0,'g');
INSERT INTO nutrientdetail (ntdetailcode, fdcode, seq, ntcode, amount, unit) VALUES (193,7,18,16,0,'g');
INSERT INTO nutrientdetail (ntdetailcode, fdcode, seq, ntcode, amount, unit) VALUES (194,7,19,17,0,'g');
INSERT INTO nutrientdetail (ntdetailcode, fdcode, seq, ntcode, amount, unit) VALUES (195,7,20,18,0,'g');
INSERT INTO nutrientdetail (ntdetailcode, fdcode, seq, ntcode, amount, unit) VALUES (196,7,21,19,0,'g');
INSERT INTO nutrientdetail (ntdetailcode, fdcode, seq, ntcode, amount, unit) VALUES (197,7,22,20,0,'g');
INSERT INTO nutrientdetail (ntdetailcode, fdcode, seq, ntcode, amount, unit) VALUES (198,7,23,21,0,'g');
INSERT INTO nutrientdetail (ntdetailcode, fdcode, seq, ntcode, amount, unit) VALUES (199,7,24,22,0,'g');
INSERT INTO nutrientdetail (ntdetailcode, fdcode, seq, ntcode, amount, unit) VALUES (200,7,25,25,0,'g');
INSERT INTO food (fdcode, fdtname, fdename, imageurl, fooddesc) VALUES (8,'ก๊วยเตี๋ยวเซี่ยงไฮ้น้ำ','Shanghai noodles and soup','https://img.wongnai.com/p/1968x0/2022/09/11/66868e8b185c4bdba6f8ad57e0e107f1.jpg','');
INSERT INTO foodcategorydetail (fcdetailcode, fdcode, seq, fccode) VALUES (17,8,1,1);
INSERT INTO foodcategorydetail (fcdetailcode, fdcode, seq, fccode) VALUES (18,8,2,2);
INSERT INTO nutrientdetail (ntdetailcode, fdcode, seq, ntcode, amount, unit) VALUES (201,8,1,1,77,'kcal');
INSERT INTO nutrientdetail (ntdetailcode, fdcode, seq, ntcode, amount, unit) VALUES (202,8,2,2,85,'g');
INSERT INTO nutrientdetail (ntdetailcode, fdcode, seq, ntcode, amount, unit) VALUES (203,8,3,3,4.4,'g');
INSERT INTO nutrientdetail (ntdetailcode, fdcode, seq, ntcode, amount, unit) VALUES (204,8,4,4,4.35,'g');
INSERT INTO nutrientdetail (ntdetailcode, fdcode, seq, ntcode, amount, unit) VALUES (205,8,5,5,5.06,'g');
INSERT INTO nutrientdetail (ntdetailcode, fdcode, seq, ntcode, amount, unit) VALUES (206,8,6,23,0,'g');
INSERT INTO nutrientdetail (ntdetailcode, fdcode, seq, ntcode, amount, unit) VALUES (207,8,7,24,1.2,'g');
INSERT INTO nutrientdetail (ntdetailcode, fdcode, seq, ntcode, amount, unit) VALUES (208,8,8,6,5,'g');
INSERT INTO nutrientdetail (ntdetailcode, fdcode, seq, ntcode, amount, unit) VALUES (209,8,9,7,48,'g');
INSERT INTO nutrientdetail (ntdetailcode, fdcode, seq, ntcode, amount, unit) VALUES (210,8,10,8,11,'g');
INSERT INTO nutrientdetail (ntdetailcode, fdcode, seq, ntcode, amount, unit) VALUES (211,8,11,9,479,'g');
INSERT INTO nutrientdetail (ntdetailcode, fdcode, seq, ntcode, amount, unit) VALUES (212,8,12,10,68,'g');
INSERT INTO nutrientdetail (ntdetailcode, fdcode, seq, ntcode, amount, unit) VALUES (213,8,13,11,0,'g');
INSERT INTO nutrientdetail (ntdetailcode, fdcode, seq, ntcode, amount, unit) VALUES (214,8,14,12,0,'g');
INSERT INTO nutrientdetail (ntdetailcode, fdcode, seq, ntcode, amount, unit) VALUES (215,8,15,13,0,'g');
INSERT INTO nutrientdetail (ntdetailcode, fdcode, seq, ntcode, amount, unit) VALUES (216,8,16,14,0,'g');
INSERT INTO nutrientdetail (ntdetailcode, fdcode, seq, ntcode, amount, unit) VALUES (217,8,17,15,0,'g');
INSERT INTO nutrientdetail (ntdetailcode, fdcode, seq, ntcode, amount, unit) VALUES (218,8,18,16,0,'g');
INSERT INTO nutrientdetail (ntdetailcode, fdcode, seq, ntcode, amount, unit) VALUES (219,8,19,17,0,'g');
INSERT INTO nutrientdetail (ntdetailcode, fdcode, seq, ntcode, amount, unit) VALUES (220,8,20,18,0,'g');
INSERT INTO nutrientdetail (ntdetailcode, fdcode, seq, ntcode, amount, unit) VALUES (221,8,21,19,0,'g');
INSERT INTO nutrientdetail (ntdetailcode, fdcode, seq, ntcode, amount, unit) VALUES (222,8,22,20,0,'g');
INSERT INTO nutrientdetail (ntdetailcode, fdcode, seq, ntcode, amount, unit) VALUES (223,8,23,21,0,'g');
INSERT INTO nutrientdetail (ntdetailcode, fdcode, seq, ntcode, amount, unit) VALUES (224,8,24,22,0,'g');
INSERT INTO nutrientdetail (ntdetailcode, fdcode, seq, ntcode, amount, unit) VALUES (225,8,25,25,0,'g');
INSERT INTO food (fdcode, fdtname, fdename, imageurl, fooddesc) VALUES (9,'บะหมี่เกี๋ยวน้ำหมูแดง','Wheat noodles with roasted pork and soup','https://img-global.cpcdn.com/recipes/3d32aea0894e28ca/680x482cq70/%E0%B8%A3%E0%B8%9B-%E0%B8%AB%E0%B8%A5%E0%B8%81-%E0%B8%82%E0%B8%AD%E0%B8%87-%E0%B8%AA%E0%B8%95%E0%B8%A3-%E0%B8%9A%E0%B8%B0%E0%B8%AB%E0%B8%A1%E0%B9%80%E0%B8%81%E0%B8%A2%E0%B8%A7%E0%B8%AB','');
INSERT INTO foodcategorydetail (fcdetailcode, fdcode, seq, fccode) VALUES (19,9,1,1);
INSERT INTO foodcategorydetail (fcdetailcode, fdcode, seq, fccode) VALUES (20,9,2,2);
INSERT INTO nutrientdetail (ntdetailcode, fdcode, seq, ntcode, amount, unit) VALUES (226,9,1,1,68,'kcal');
INSERT INTO nutrientdetail (ntdetailcode, fdcode, seq, ntcode, amount, unit) VALUES (227,9,2,2,84.8,'g');
INSERT INTO nutrientdetail (ntdetailcode, fdcode, seq, ntcode, amount, unit) VALUES (228,9,3,3,33.61,'g');
INSERT INTO nutrientdetail (ntdetailcode, fdcode, seq, ntcode, amount, unit) VALUES (229,9,4,4,2.2,'g');
INSERT INTO nutrientdetail (ntdetailcode, fdcode, seq, ntcode, amount, unit) VALUES (230,9,5,5,8.53,'g');
INSERT INTO nutrientdetail (ntdetailcode, fdcode, seq, ntcode, amount, unit) VALUES (231,9,6,23,0,'g');
INSERT INTO nutrientdetail (ntdetailcode, fdcode, seq, ntcode, amount, unit) VALUES (232,9,7,24,0.82,'g');
INSERT INTO nutrientdetail (ntdetailcode, fdcode, seq, ntcode, amount, unit) VALUES (233,9,8,6,8,'g');
INSERT INTO nutrientdetail (ntdetailcode, fdcode, seq, ntcode, amount, unit) VALUES (234,9,9,7,29,'g');
INSERT INTO nutrientdetail (ntdetailcode, fdcode, seq, ntcode, amount, unit) VALUES (235,9,10,8,12,'g');
INSERT INTO nutrientdetail (ntdetailcode, fdcode, seq, ntcode, amount, unit) VALUES (236,9,11,9,397,'g');
INSERT INTO nutrientdetail (ntdetailcode, fdcode, seq, ntcode, amount, unit) VALUES (237,9,12,10,92,'g');
INSERT INTO nutrientdetail (ntdetailcode, fdcode, seq, ntcode, amount, unit) VALUES (238,9,13,11,0,'g');
INSERT INTO nutrientdetail (ntdetailcode, fdcode, seq, ntcode, amount, unit) VALUES (239,9,14,12,0,'g');
INSERT INTO nutrientdetail (ntdetailcode, fdcode, seq, ntcode, amount, unit) VALUES (240,9,15,13,0,'g');
INSERT INTO nutrientdetail (ntdetailcode, fdcode, seq, ntcode, amount, unit) VALUES (241,9,16,14,0,'g');
INSERT INTO nutrientdetail (ntdetailcode, fdcode, seq, ntcode, amount, unit) VALUES (242,9,17,15,0,'g');
INSERT INTO nutrientdetail (ntdetailcode, fdcode, seq, ntcode, amount, unit) VALUES (243,9,18,16,0,'g');
INSERT INTO nutrientdetail (ntdetailcode, fdcode, seq, ntcode, amount, unit) VALUES (244,9,19,17,0,'g');
INSERT INTO nutrientdetail (ntdetailcode, fdcode, seq, ntcode, amount, unit) VALUES (245,9,20,18,0,'g');
INSERT INTO nutrientdetail (ntdetailcode, fdcode, seq, ntcode, amount, unit) VALUES (246,9,21,19,0,'g');
INSERT INTO nutrientdetail (ntdetailcode, fdcode, seq, ntcode, amount, unit) VALUES (247,9,22,20,0,'g');
INSERT INTO nutrientdetail (ntdetailcode, fdcode, seq, ntcode, amount, unit) VALUES (248,9,23,21,0,'g');
INSERT INTO nutrientdetail (ntdetailcode, fdcode, seq, ntcode, amount, unit) VALUES (249,9,24,22,0,'g');
INSERT INTO nutrientdetail (ntdetailcode, fdcode, seq, ntcode, amount, unit) VALUES (250,9,25,25,0,'g');
INSERT INTO food (fdcode, fdtname, fdename, imageurl, fooddesc) VALUES (10,'บะหมี่แห้งหมู','Wheat noodles with pork without soup','https://www.calforlife.com/image/food/-Pork-Noodles.jpg','');
INSERT INTO foodcategorydetail (fcdetailcode, fdcode, seq, fccode) VALUES (21,10,1,1);
INSERT INTO foodcategorydetail (fcdetailcode, fdcode, seq, fccode) VALUES (22,10,2,2);
INSERT INTO nutrientdetail (ntdetailcode, fdcode, seq, ntcode, amount, unit) VALUES (251,10,1,1,190,'kcal');
INSERT INTO nutrientdetail (ntdetailcode, fdcode, seq, ntcode, amount, unit) VALUES (252,10,2,2,61.3,'g');
INSERT INTO nutrientdetail (ntdetailcode, fdcode, seq, ntcode, amount, unit) VALUES (253,10,3,3,10.89,'g');
INSERT INTO nutrientdetail (ntdetailcode, fdcode, seq, ntcode, amount, unit) VALUES (254,10,4,4,8.47,'g');
INSERT INTO nutrientdetail (ntdetailcode, fdcode, seq, ntcode, amount, unit) VALUES (255,10,5,5,14.54,'g');
INSERT INTO nutrientdetail (ntdetailcode, fdcode, seq, ntcode, amount, unit) VALUES (256,10,6,23,0,'g');
INSERT INTO nutrientdetail (ntdetailcode, fdcode, seq, ntcode, amount, unit) VALUES (257,10,7,24,1.84,'g');
INSERT INTO nutrientdetail (ntdetailcode, fdcode, seq, ntcode, amount, unit) VALUES (258,10,8,6,11,'g');
INSERT INTO nutrientdetail (ntdetailcode, fdcode, seq, ntcode, amount, unit) VALUES (259,10,9,7,85,'g');
INSERT INTO nutrientdetail (ntdetailcode, fdcode, seq, ntcode, amount, unit) VALUES (260,10,10,8,25,'g');
INSERT INTO nutrientdetail (ntdetailcode, fdcode, seq, ntcode, amount, unit) VALUES (261,10,11,9,974,'g');
INSERT INTO nutrientdetail (ntdetailcode, fdcode, seq, ntcode, amount, unit) VALUES (262,10,12,10,133,'g');
INSERT INTO nutrientdetail (ntdetailcode, fdcode, seq, ntcode, amount, unit) VALUES (263,10,13,11,0,'g');
INSERT INTO nutrientdetail (ntdetailcode, fdcode, seq, ntcode, amount, unit) VALUES (264,10,14,12,0,'g');
INSERT INTO nutrientdetail (ntdetailcode, fdcode, seq, ntcode, amount, unit) VALUES (265,10,15,13,0,'g');
INSERT INTO nutrientdetail (ntdetailcode, fdcode, seq, ntcode, amount, unit) VALUES (266,10,16,14,0,'g');
INSERT INTO nutrientdetail (ntdetailcode, fdcode, seq, ntcode, amount, unit) VALUES (267,10,17,15,0,'g');
INSERT INTO nutrientdetail (ntdetailcode, fdcode, seq, ntcode, amount, unit) VALUES (268,10,18,16,0,'g');
INSERT INTO nutrientdetail (ntdetailcode, fdcode, seq, ntcode, amount, unit) VALUES (269,10,19,17,0,'g');
INSERT INTO nutrientdetail (ntdetailcode, fdcode, seq, ntcode, amount, unit) VALUES (270,10,20,18,0,'g');
INSERT INTO nutrientdetail (ntdetailcode, fdcode, seq, ntcode, amount, unit) VALUES (271,10,21,19,0,'g');
INSERT INTO nutrientdetail (ntdetailcode, fdcode, seq, ntcode, amount, unit) VALUES (272,10,22,20,0,'g');
INSERT INTO nutrientdetail (ntdetailcode, fdcode, seq, ntcode, amount, unit) VALUES (273,10,23,21,0,'g');
INSERT INTO nutrientdetail (ntdetailcode, fdcode, seq, ntcode, amount, unit) VALUES (274,10,24,22,0,'g');
INSERT INTO nutrientdetail (ntdetailcode, fdcode, seq, ntcode, amount, unit) VALUES (275,10,25,25,0,'g');

-- Ingredient Script 
INSERT INTO ingredientdetail (ingdetailcode, fdcode, seq, ingcode, amount, unit)VALUES (1, 0, 1, 1, 100, 'g');
INSERT INTO ingredientdetail (ingdetailcode, fdcode, seq, ingcode, amount, unit)VALUES (2, 1, 1, 2, 150, 'g');
INSERT INTO ingredientdetail (ingdetailcode, fdcode, seq, ingcode, amount, unit)VALUES (3, 2, 1, 2, 200, 'g');
INSERT INTO ingredientdetail (ingdetailcode, fdcode, seq, ingcode, amount, unit)VALUES (4, 2, 2, 3, 100, 'g');
INSERT INTO ingredientdetail (ingdetailcode, fdcode, seq, ingcode, amount, unit)VALUES (5, 2, 3, 4, 50, 'g');
INSERT INTO ingredientdetail (ingdetailcode, fdcode, seq, ingcode, amount, unit)VALUES (6, 3, 1, 2, 150, 'g');
INSERT INTO ingredientdetail (ingdetailcode, fdcode, seq, ingcode, amount, unit)VALUES (7, 3, 2, 3, 80, 'g');
INSERT INTO ingredientdetail (ingdetailcode, fdcode, seq, ingcode, amount, unit)VALUES (8, 3, 3, 5, 20, 'g');
INSERT INTO ingredientdetail (ingdetailcode, fdcode, seq, ingcode, amount, unit)VALUES (9, 4, 1, 2, 150, 'g');
INSERT INTO ingredientdetail (ingdetailcode, fdcode, seq, ingcode, amount, unit)VALUES (10, 4, 2, 6, 100, 'g');
INSERT INTO ingredientdetail (ingdetailcode, fdcode, seq, ingcode, amount, unit)VALUES (11, 5, 1, 2, 150, 'g');
INSERT INTO ingredientdetail (ingdetailcode, fdcode, seq, ingcode, amount, unit)VALUES (12, 5, 2, 3, 120, 'g');
INSERT INTO ingredientdetail (ingdetailcode, fdcode, seq, ingcode, amount, unit)VALUES (13, 6, 1, 2, 150, 'g');
INSERT INTO ingredientdetail (ingdetailcode, fdcode, seq, ingcode, amount, unit)VALUES (14, 6, 2, 8, 1, 'unit');
INSERT INTO ingredientdetail (ingdetailcode, fdcode, seq, ingcode, amount, unit)VALUES (15, 7, 1, 2, 150, 'g');
INSERT INTO ingredientdetail (ingdetailcode, fdcode, seq, ingcode, amount, unit)VALUES (16, 7, 2, 9, 30, 'ml');
INSERT INTO ingredientdetail (ingdetailcode, fdcode, seq, ingcode, amount, unit)VALUES (17, 8, 1, 10, 200, 'g');
INSERT INTO ingredientdetail (ingdetailcode, fdcode, seq, ingcode, amount, unit)VALUES (18, 8, 2, 3, 100, 'g');
INSERT INTO ingredientdetail (ingdetailcode, fdcode, seq, ingcode, amount, unit)VALUES (19, 9, 1, 11, 200, 'g');
INSERT INTO ingredientdetail (ingdetailcode, fdcode, seq, ingcode, amount, unit)VALUES (20, 9, 2, 7, 80, 'g');