INSERT INTO food (fdcode, fdtname, fdename, imageurl, fooddesc) VALUES (0,'กระเพาะปลา','Fish maw soup','https://www.nestleprofessional.co.th/sites/default/files/styles/np_recipe_detail/public/2023-08/fish-maw-540x400.png?itok=A5aHYvBC','');
INSERT INTO foodcategorydetail (fcdetailcode, fdcode, seq, fccode) VALUES (1,0,1,1);
INSERT INTO foodcategorydetail (fcdetailcode, fdcode, seq, fccode) VALUES (2,0,2,2);
INSERT INTO nutrientdetail (ntdetailcode, fdcode, seq, ntcode, amount, unit) VALUES (1,0,1,1,83,'kcal');
INSERT INTO nutrientdetail (ntdetailcode, fdcode, seq, ntcode, amount, unit) VALUES (2,0,2,2,85,'g');
INSERT INTO nutrientdetail (ntdetailcode, fdcode, seq, ntcode, amount, unit) VALUES (3,0,3,3,7.3,'g');
INSERT INTO nutrientdetail (ntdetailcode, fdcode, seq, ntcode, amount, unit) VALUES (4,0,4,4,5.2,'g');
INSERT INTO nutrientdetail (ntdetailcode, fdcode, seq, ntcode, amount, unit) VALUES (5,0,5,5,1.8,'g');
INSERT INTO nutrientdetail (ntdetailcode, fdcode, seq, ntcode, amount, unit) VALUES (6,0,6,23,0,'g');
INSERT INTO nutrientdetail (ntdetailcode, fdcode, seq, ntcode, amount, unit) VALUES (7,0,7,24,0.7,'g');
INSERT INTO nutrientdetail (ntdetailcode, fdcode, seq, ntcode, amount, unit) VALUES (8,0,8,6,85,'g');
INSERT INTO nutrientdetail (ntdetailcode, fdcode, seq, ntcode, amount, unit) VALUES (9,0,9,7,63,'g');
INSERT INTO nutrientdetail (ntdetailcode, fdcode, seq, ntcode, amount, unit) VALUES (10,0,10,8,0,'g');
INSERT INTO nutrientdetail (ntdetailcode, fdcode, seq, ntcode, amount, unit) VALUES (11,0,11,9,0,'g');
INSERT INTO nutrientdetail (ntdetailcode, fdcode, seq, ntcode, amount, unit) VALUES (12,0,12,10,0,'g');
INSERT INTO nutrientdetail (ntdetailcode, fdcode, seq, ntcode, amount, unit) VALUES (13,0,13,11,2.5,'g');
INSERT INTO nutrientdetail (ntdetailcode, fdcode, seq, ntcode, amount, unit) VALUES (14,0,14,12,0,'g');
INSERT INTO nutrientdetail (ntdetailcode, fdcode, seq, ntcode, amount, unit) VALUES (15,0,15,13,0,'g');
INSERT INTO nutrientdetail (ntdetailcode, fdcode, seq, ntcode, amount, unit) VALUES (16,0,16,14,0,'g');
INSERT INTO nutrientdetail (ntdetailcode, fdcode, seq, ntcode, amount, unit) VALUES (17,0,17,15,14,'g');
INSERT INTO nutrientdetail (ntdetailcode, fdcode, seq, ntcode, amount, unit) VALUES (18,0,18,16,164,'g');
INSERT INTO nutrientdetail (ntdetailcode, fdcode, seq, ntcode, amount, unit) VALUES (19,0,19,17,165,'g');
INSERT INTO nutrientdetail (ntdetailcode, fdcode, seq, ntcode, amount, unit) VALUES (20,0,20,18,0.01,'g');
INSERT INTO nutrientdetail (ntdetailcode, fdcode, seq, ntcode, amount, unit) VALUES (21,0,21,19,0.32,'g');
INSERT INTO nutrientdetail (ntdetailcode, fdcode, seq, ntcode, amount, unit) VALUES (22,0,22,20,1.6,'g');
INSERT INTO nutrientdetail (ntdetailcode, fdcode, seq, ntcode, amount, unit) VALUES (23,0,23,21,0,'g');
INSERT INTO nutrientdetail (ntdetailcode, fdcode, seq, ntcode, amount, unit) VALUES (24,0,24,22,0,'g');
INSERT INTO nutrientdetail (ntdetailcode, fdcode, seq, ntcode, amount, unit) VALUES (25,0,25,25,0,'g');
INSERT INTO food (fdcode, fdtname, fdename, imageurl, fooddesc) VALUES (1,'เส้นหมี่กระเพาะปลา','Fish maw soup with rice noodles','https://img.wongnai.com/p/1968x0/2019/06/14/560733084be14126aea328fb78612638.jpg','');
INSERT INTO foodcategorydetail (fcdetailcode, fdcode, seq, fccode) VALUES (3,1,1,1);
INSERT INTO foodcategorydetail (fcdetailcode, fdcode, seq, fccode) VALUES (4,1,2,2);
INSERT INTO nutrientdetail (ntdetailcode, fdcode, seq, ntcode, amount, unit) VALUES (26,1,1,1,60,'kcal');
INSERT INTO nutrientdetail (ntdetailcode, fdcode, seq, ntcode, amount, unit) VALUES (27,1,2,2,84.7,'g');
INSERT INTO nutrientdetail (ntdetailcode, fdcode, seq, ntcode, amount, unit) VALUES (28,1,3,3,3.75,'g');
INSERT INTO nutrientdetail (ntdetailcode, fdcode, seq, ntcode, amount, unit) VALUES (29,1,4,4,0.75,'g');
INSERT INTO nutrientdetail (ntdetailcode, fdcode, seq, ntcode, amount, unit) VALUES (30,1,5,5,9.46,'g');
INSERT INTO nutrientdetail (ntdetailcode, fdcode, seq, ntcode, amount, unit) VALUES (31,1,6,23,0,'g');
INSERT INTO nutrientdetail (ntdetailcode, fdcode, seq, ntcode, amount, unit) VALUES (32,1,7,24,1.37,'g');
INSERT INTO nutrientdetail (ntdetailcode, fdcode, seq, ntcode, amount, unit) VALUES (33,1,8,6,6,'g');
INSERT INTO nutrientdetail (ntdetailcode, fdcode, seq, ntcode, amount, unit) VALUES (34,1,9,7,17,'g');
INSERT INTO nutrientdetail (ntdetailcode, fdcode, seq, ntcode, amount, unit) VALUES (35,1,10,8,5,'g');
INSERT INTO nutrientdetail (ntdetailcode, fdcode, seq, ntcode, amount, unit) VALUES (36,1,11,9,584,'g');
INSERT INTO nutrientdetail (ntdetailcode, fdcode, seq, ntcode, amount, unit) VALUES (37,1,12,10,31,'g');
INSERT INTO nutrientdetail (ntdetailcode, fdcode, seq, ntcode, amount, unit) VALUES (38,1,13,11,0,'g');
INSERT INTO nutrientdetail (ntdetailcode, fdcode, seq, ntcode, amount, unit) VALUES (39,1,14,12,0,'g');
INSERT INTO nutrientdetail (ntdetailcode, fdcode, seq, ntcode, amount, unit) VALUES (40,1,15,13,0,'g');
INSERT INTO nutrientdetail (ntdetailcode, fdcode, seq, ntcode, amount, unit) VALUES (41,1,16,14,0,'g');
INSERT INTO nutrientdetail (ntdetailcode, fdcode, seq, ntcode, amount, unit) VALUES (42,1,17,15,0,'g');
INSERT INTO nutrientdetail (ntdetailcode, fdcode, seq, ntcode, amount, unit) VALUES (43,1,18,16,0,'g');
INSERT INTO nutrientdetail (ntdetailcode, fdcode, seq, ntcode, amount, unit) VALUES (44,1,19,17,0,'g');
INSERT INTO nutrientdetail (ntdetailcode, fdcode, seq, ntcode, amount, unit) VALUES (45,1,20,18,0,'g');
INSERT INTO nutrientdetail (ntdetailcode, fdcode, seq, ntcode, amount, unit) VALUES (46,1,21,19,0,'g');
INSERT INTO nutrientdetail (ntdetailcode, fdcode, seq, ntcode, amount, unit) VALUES (47,1,22,20,0,'g');
INSERT INTO nutrientdetail (ntdetailcode, fdcode, seq, ntcode, amount, unit) VALUES (48,1,23,21,0,'g');
INSERT INTO nutrientdetail (ntdetailcode, fdcode, seq, ntcode, amount, unit) VALUES (49,1,24,22,0,'g');
INSERT INTO nutrientdetail (ntdetailcode, fdcode, seq, ntcode, amount, unit) VALUES (50,1,25,25,0,'g');
INSERT INTO food (fdcode, fdtname, fdename, imageurl, fooddesc) VALUES (2,'ก๋วยจั๊บน้ำข้น','Rice noodles big sheet soup with meat an','https://images.deliveryhero.io/image/fd-th/LH/a1an-listing.jpg','');
INSERT INTO foodcategorydetail (fcdetailcode, fdcode, seq, fccode) VALUES (5,2,1,1);
INSERT INTO foodcategorydetail (fcdetailcode, fdcode, seq, fccode) VALUES (6,2,2,2);
INSERT INTO nutrientdetail (ntdetailcode, fdcode, seq, ntcode, amount, unit) VALUES (51,2,1,1,67,'kcal');
INSERT INTO nutrientdetail (ntdetailcode, fdcode, seq, ntcode, amount, unit) VALUES (52,2,2,2,84.3,'g');
INSERT INTO nutrientdetail (ntdetailcode, fdcode, seq, ntcode, amount, unit) VALUES (53,2,3,3,3.91,'g');
INSERT INTO nutrientdetail (ntdetailcode, fdcode, seq, ntcode, amount, unit) VALUES (54,2,4,4,1.88,'g');
INSERT INTO nutrientdetail (ntdetailcode, fdcode, seq, ntcode, amount, unit) VALUES (55,2,5,5,8.49,'g');
INSERT INTO nutrientdetail (ntdetailcode, fdcode, seq, ntcode, amount, unit) VALUES (56,2,6,23,0,'g');
INSERT INTO nutrientdetail (ntdetailcode, fdcode, seq, ntcode, amount, unit) VALUES (57,2,7,24,1.38,'g');
INSERT INTO nutrientdetail (ntdetailcode, fdcode, seq, ntcode, amount, unit) VALUES (58,2,8,6,11,'g');
INSERT INTO nutrientdetail (ntdetailcode, fdcode, seq, ntcode, amount, unit) VALUES (59,2,9,7,48,'g');
INSERT INTO nutrientdetail (ntdetailcode, fdcode, seq, ntcode, amount, unit) VALUES (60,2,10,8,13,'g');
INSERT INTO nutrientdetail (ntdetailcode, fdcode, seq, ntcode, amount, unit) VALUES (61,2,11,9,482,'g');
INSERT INTO nutrientdetail (ntdetailcode, fdcode, seq, ntcode, amount, unit) VALUES (62,2,12,10,93,'g');
INSERT INTO nutrientdetail (ntdetailcode, fdcode, seq, ntcode, amount, unit) VALUES (63,2,13,11,0,'g');
INSERT INTO nutrientdetail (ntdetailcode, fdcode, seq, ntcode, amount, unit) VALUES (64,2,14,12,0,'g');
INSERT INTO nutrientdetail (ntdetailcode, fdcode, seq, ntcode, amount, unit) VALUES (65,2,15,13,0,'g');
INSERT INTO nutrientdetail (ntdetailcode, fdcode, seq, ntcode, amount, unit) VALUES (66,2,16,14,0,'g');
INSERT INTO nutrientdetail (ntdetailcode, fdcode, seq, ntcode, amount, unit) VALUES (67,2,17,15,0,'g');
INSERT INTO nutrientdetail (ntdetailcode, fdcode, seq, ntcode, amount, unit) VALUES (68,2,18,16,0,'g');
INSERT INTO nutrientdetail (ntdetailcode, fdcode, seq, ntcode, amount, unit) VALUES (69,2,19,17,0,'g');
INSERT INTO nutrientdetail (ntdetailcode, fdcode, seq, ntcode, amount, unit) VALUES (70,2,20,18,0,'g');
INSERT INTO nutrientdetail (ntdetailcode, fdcode, seq, ntcode, amount, unit) VALUES (71,2,21,19,0,'g');
INSERT INTO nutrientdetail (ntdetailcode, fdcode, seq, ntcode, amount, unit) VALUES (72,2,22,20,0,'g');
INSERT INTO nutrientdetail (ntdetailcode, fdcode, seq, ntcode, amount, unit) VALUES (73,2,23,21,0,'g');
INSERT INTO nutrientdetail (ntdetailcode, fdcode, seq, ntcode, amount, unit) VALUES (74,2,24,22,0,'g');
INSERT INTO nutrientdetail (ntdetailcode, fdcode, seq, ntcode, amount, unit) VALUES (75,2,25,25,0,'g');
INSERT INTO food (fdcode, fdtname, fdename, imageurl, fooddesc) VALUES (3,'ก๋วยเตี๋ยวแขก','Rice noodles with beff curry','https://sharp-weeclub.com/wp-content/uploads/2021/03/%E0%B9%81%E0%B8%81%E0%B8%873-990x510-1.jpg','');
INSERT INTO foodcategorydetail (fcdetailcode, fdcode, seq, fccode) VALUES (7,3,1,1);
INSERT INTO foodcategorydetail (fcdetailcode, fdcode, seq, fccode) VALUES (8,3,2,2);
INSERT INTO nutrientdetail (ntdetailcode, fdcode, seq, ntcode, amount, unit) VALUES (76,3,1,1,131,'kcal');
INSERT INTO nutrientdetail (ntdetailcode, fdcode, seq, ntcode, amount, unit) VALUES (77,3,2,2,75,'g');
INSERT INTO nutrientdetail (ntdetailcode, fdcode, seq, ntcode, amount, unit) VALUES (78,3,3,3,6.6,'g');
INSERT INTO nutrientdetail (ntdetailcode, fdcode, seq, ntcode, amount, unit) VALUES (79,3,4,4,7.4,'g');
INSERT INTO nutrientdetail (ntdetailcode, fdcode, seq, ntcode, amount, unit) VALUES (80,3,5,5,9.4,'g');
INSERT INTO nutrientdetail (ntdetailcode, fdcode, seq, ntcode, amount, unit) VALUES (81,3,6,23,0.3,'g');
INSERT INTO nutrientdetail (ntdetailcode, fdcode, seq, ntcode, amount, unit) VALUES (82,3,7,24,1.6,'g');
INSERT INTO nutrientdetail (ntdetailcode, fdcode, seq, ntcode, amount, unit) VALUES (83,3,8,6,59,'g');
INSERT INTO nutrientdetail (ntdetailcode, fdcode, seq, ntcode, amount, unit) VALUES (84,3,9,7,63,'g');
INSERT INTO nutrientdetail (ntdetailcode, fdcode, seq, ntcode, amount, unit) VALUES (85,3,10,8,0,'g');
INSERT INTO nutrientdetail (ntdetailcode, fdcode, seq, ntcode, amount, unit) VALUES (86,3,11,9,0,'g');
INSERT INTO nutrientdetail (ntdetailcode, fdcode, seq, ntcode, amount, unit) VALUES (87,3,12,10,0,'g');
INSERT INTO nutrientdetail (ntdetailcode, fdcode, seq, ntcode, amount, unit) VALUES (88,3,13,11,0.4,'g');
INSERT INTO nutrientdetail (ntdetailcode, fdcode, seq, ntcode, amount, unit) VALUES (89,3,14,12,0,'g');
INSERT INTO nutrientdetail (ntdetailcode, fdcode, seq, ntcode, amount, unit) VALUES (90,3,15,13,0,'g');
INSERT INTO nutrientdetail (ntdetailcode, fdcode, seq, ntcode, amount, unit) VALUES (91,3,16,14,0,'g');
INSERT INTO nutrientdetail (ntdetailcode, fdcode, seq, ntcode, amount, unit) VALUES (92,3,17,15,22,'g');
INSERT INTO nutrientdetail (ntdetailcode, fdcode, seq, ntcode, amount, unit) VALUES (93,3,18,16,0,'g');
INSERT INTO nutrientdetail (ntdetailcode, fdcode, seq, ntcode, amount, unit) VALUES (94,3,19,17,2,'g');
INSERT INTO nutrientdetail (ntdetailcode, fdcode, seq, ntcode, amount, unit) VALUES (95,3,20,18,0.12,'g');
INSERT INTO nutrientdetail (ntdetailcode, fdcode, seq, ntcode, amount, unit) VALUES (96,3,21,19,0.86,'g');
INSERT INTO nutrientdetail (ntdetailcode, fdcode, seq, ntcode, amount, unit) VALUES (97,3,22,20,1.6,'g');
INSERT INTO nutrientdetail (ntdetailcode, fdcode, seq, ntcode, amount, unit) VALUES (98,3,23,21,0,'g');
INSERT INTO nutrientdetail (ntdetailcode, fdcode, seq, ntcode, amount, unit) VALUES (99,3,24,22,0,'g');
INSERT INTO nutrientdetail (ntdetailcode, fdcode, seq, ntcode, amount, unit) VALUES (100,3,25,25,0,'g');
INSERT INTO food (fdcode, fdtname, fdename, imageurl, fooddesc) VALUES (4,'ก๋วยเตี๋ยวขั้วไก่','Rice noodles with chicken fried','https://i.ytimg.com/vi/jrm1OELQe7o/maxresdefault.jpg','');
INSERT INTO foodcategorydetail (fcdetailcode, fdcode, seq, fccode) VALUES (9,4,1,1);
INSERT INTO foodcategorydetail (fcdetailcode, fdcode, seq, fccode) VALUES (10,4,2,2);
INSERT INTO nutrientdetail (ntdetailcode, fdcode, seq, ntcode, amount, unit) VALUES (101,4,1,1,198,'kcal');
INSERT INTO nutrientdetail (ntdetailcode, fdcode, seq, ntcode, amount, unit) VALUES (102,4,2,2,59.7,'g');
INSERT INTO nutrientdetail (ntdetailcode, fdcode, seq, ntcode, amount, unit) VALUES (103,4,3,3,6.94,'g');
INSERT INTO nutrientdetail (ntdetailcode, fdcode, seq, ntcode, amount, unit) VALUES (104,4,4,4,8.36,'g');
INSERT INTO nutrientdetail (ntdetailcode, fdcode, seq, ntcode, amount, unit) VALUES (105,4,5,5,23.77,'g');
INSERT INTO nutrientdetail (ntdetailcode, fdcode, seq, ntcode, amount, unit) VALUES (106,4,6,23,0,'g');
INSERT INTO nutrientdetail (ntdetailcode, fdcode, seq, ntcode, amount, unit) VALUES (107,4,7,24,1.21,'g');
INSERT INTO nutrientdetail (ntdetailcode, fdcode, seq, ntcode, amount, unit) VALUES (108,4,8,6,17,'g');
INSERT INTO nutrientdetail (ntdetailcode, fdcode, seq, ntcode, amount, unit) VALUES (109,4,9,7,88,'g');
INSERT INTO nutrientdetail (ntdetailcode, fdcode, seq, ntcode, amount, unit) VALUES (110,4,10,8,12,'g');
INSERT INTO nutrientdetail (ntdetailcode, fdcode, seq, ntcode, amount, unit) VALUES (111,4,11,9,384,'g');
INSERT INTO nutrientdetail (ntdetailcode, fdcode, seq, ntcode, amount, unit) VALUES (112,4,12,10,102,'g');
INSERT INTO nutrientdetail (ntdetailcode, fdcode, seq, ntcode, amount, unit) VALUES (113,4,13,11,0,'g');
INSERT INTO nutrientdetail (ntdetailcode, fdcode, seq, ntcode, amount, unit) VALUES (114,4,14,12,0,'g');
INSERT INTO nutrientdetail (ntdetailcode, fdcode, seq, ntcode, amount, unit) VALUES (115,4,15,13,0,'g');
INSERT INTO nutrientdetail (ntdetailcode, fdcode, seq, ntcode, amount, unit) VALUES (116,4,16,14,0,'g');
INSERT INTO nutrientdetail (ntdetailcode, fdcode, seq, ntcode, amount, unit) VALUES (117,4,17,15,0,'g');
INSERT INTO nutrientdetail (ntdetailcode, fdcode, seq, ntcode, amount, unit) VALUES (118,4,18,16,0,'g');
INSERT INTO nutrientdetail (ntdetailcode, fdcode, seq, ntcode, amount, unit) VALUES (119,4,19,17,0,'g');
INSERT INTO nutrientdetail (ntdetailcode, fdcode, seq, ntcode, amount, unit) VALUES (120,4,20,18,0,'g');
INSERT INTO nutrientdetail (ntdetailcode, fdcode, seq, ntcode, amount, unit) VALUES (121,4,21,19,0,'g');
INSERT INTO nutrientdetail (ntdetailcode, fdcode, seq, ntcode, amount, unit) VALUES (122,4,22,20,0,'g');
INSERT INTO nutrientdetail (ntdetailcode, fdcode, seq, ntcode, amount, unit) VALUES (123,4,23,21,0,'g');
INSERT INTO nutrientdetail (ntdetailcode, fdcode, seq, ntcode, amount, unit) VALUES (124,4,24,22,0,'g');
INSERT INTO nutrientdetail (ntdetailcode, fdcode, seq, ntcode, amount, unit) VALUES (125,4,25,25,0,'g');
INSERT INTO food (fdcode, fdtname, fdename, imageurl, fooddesc) VALUES (5,'ก๋วยเตี๋ยวเนื้อสับ','Rice noodles topped with chopped beef an','https://img.wongnai.com/p/1968x0/2021/09/06/d92b704db14d49e88e5ff389e00229ca.jpg','');
INSERT INTO foodcategorydetail (fcdetailcode, fdcode, seq, fccode) VALUES (11,5,1,1);
INSERT INTO foodcategorydetail (fcdetailcode, fdcode, seq, fccode) VALUES (12,5,2,2);
INSERT INTO nutrientdetail (ntdetailcode, fdcode, seq, ntcode, amount, unit) VALUES (126,5,1,1,112,'kcal');
INSERT INTO nutrientdetail (ntdetailcode, fdcode, seq, ntcode, amount, unit) VALUES (127,5,2,2,76.2,'g');
INSERT INTO nutrientdetail (ntdetailcode, fdcode, seq, ntcode, amount, unit) VALUES (128,5,3,3,3.5,'g');
INSERT INTO nutrientdetail (ntdetailcode, fdcode, seq, ntcode, amount, unit) VALUES (129,5,4,4,4.1,'g');
INSERT INTO nutrientdetail (ntdetailcode, fdcode, seq, ntcode, amount, unit) VALUES (130,5,5,5,18.2,'g');
INSERT INTO nutrientdetail (ntdetailcode, fdcode, seq, ntcode, amount, unit) VALUES (131,5,6,23,0.4,'g');
INSERT INTO nutrientdetail (ntdetailcode, fdcode, seq, ntcode, amount, unit) VALUES (132,5,7,24,1,'g');
INSERT INTO nutrientdetail (ntdetailcode, fdcode, seq, ntcode, amount, unit) VALUES (133,5,8,6,41,'g');
INSERT INTO nutrientdetail (ntdetailcode, fdcode, seq, ntcode, amount, unit) VALUES (134,5,9,7,42,'g');
INSERT INTO nutrientdetail (ntdetailcode, fdcode, seq, ntcode, amount, unit) VALUES (135,5,10,8,0,'g');
INSERT INTO nutrientdetail (ntdetailcode, fdcode, seq, ntcode, amount, unit) VALUES (136,5,11,9,0,'g');
INSERT INTO nutrientdetail (ntdetailcode, fdcode, seq, ntcode, amount, unit) VALUES (137,5,12,10,0,'g');
INSERT INTO nutrientdetail (ntdetailcode, fdcode, seq, ntcode, amount, unit) VALUES (138,5,13,11,0.2,'g');
INSERT INTO nutrientdetail (ntdetailcode, fdcode, seq, ntcode, amount, unit) VALUES (139,5,14,12,0,'g');
INSERT INTO nutrientdetail (ntdetailcode, fdcode, seq, ntcode, amount, unit) VALUES (140,5,15,13,0,'g');
INSERT INTO nutrientdetail (ntdetailcode, fdcode, seq, ntcode, amount, unit) VALUES (141,5,16,14,0,'g');
INSERT INTO nutrientdetail (ntdetailcode, fdcode, seq, ntcode, amount, unit) VALUES (142,5,17,15,13,'g');
INSERT INTO nutrientdetail (ntdetailcode, fdcode, seq, ntcode, amount, unit) VALUES (143,5,18,16,0,'g');
INSERT INTO nutrientdetail (ntdetailcode, fdcode, seq, ntcode, amount, unit) VALUES (144,5,19,17,1,'g');
INSERT INTO nutrientdetail (ntdetailcode, fdcode, seq, ntcode, amount, unit) VALUES (145,5,20,18,0.07,'g');
INSERT INTO nutrientdetail (ntdetailcode, fdcode, seq, ntcode, amount, unit) VALUES (146,5,21,19,0.61,'g');
INSERT INTO nutrientdetail (ntdetailcode, fdcode, seq, ntcode, amount, unit) VALUES (147,5,22,20,1.3,'g');
INSERT INTO nutrientdetail (ntdetailcode, fdcode, seq, ntcode, amount, unit) VALUES (148,5,23,21,1,'g');
INSERT INTO nutrientdetail (ntdetailcode, fdcode, seq, ntcode, amount, unit) VALUES (149,5,24,22,0,'g');
INSERT INTO nutrientdetail (ntdetailcode, fdcode, seq, ntcode, amount, unit) VALUES (150,5,25,25,0,'g');
INSERT INTO food (fdcode, fdtname, fdename, imageurl, fooddesc) VALUES (6,'ก๋วยเตี๋ยวผัดไทยใส่ไข่','Rice noodles fried Thai style','https://f.ptcdn.info/787/074/000/qz7tthts6vWB8cG38cA-o.jpg','');
INSERT INTO foodcategorydetail (fcdetailcode, fdcode, seq, fccode) VALUES (13,6,1,1);
INSERT INTO foodcategorydetail (fcdetailcode, fdcode, seq, fccode) VALUES (14,6,2,2);
INSERT INTO nutrientdetail (ntdetailcode, fdcode, seq, ntcode, amount, unit) VALUES (151,6,1,1,239,'kcal');
INSERT INTO nutrientdetail (ntdetailcode, fdcode, seq, ntcode, amount, unit) VALUES (152,6,2,2,53.8,'g');
INSERT INTO nutrientdetail (ntdetailcode, fdcode, seq, ntcode, amount, unit) VALUES (153,6,3,3,7.7,'g');
INSERT INTO nutrientdetail (ntdetailcode, fdcode, seq, ntcode, amount, unit) VALUES (154,6,4,4,12.3,'g');
INSERT INTO nutrientdetail (ntdetailcode, fdcode, seq, ntcode, amount, unit) VALUES (155,6,5,5,24.3,'g');
INSERT INTO nutrientdetail (ntdetailcode, fdcode, seq, ntcode, amount, unit) VALUES (156,6,6,23,0.6,'g');
INSERT INTO nutrientdetail (ntdetailcode, fdcode, seq, ntcode, amount, unit) VALUES (157,6,7,24,1.9,'g');
INSERT INTO nutrientdetail (ntdetailcode, fdcode, seq, ntcode, amount, unit) VALUES (158,6,8,6,150,'g');
INSERT INTO nutrientdetail (ntdetailcode, fdcode, seq, ntcode, amount, unit) VALUES (159,6,9,7,109,'g');
INSERT INTO nutrientdetail (ntdetailcode, fdcode, seq, ntcode, amount, unit) VALUES (160,6,10,8,0,'g');
INSERT INTO nutrientdetail (ntdetailcode, fdcode, seq, ntcode, amount, unit) VALUES (161,6,11,9,0,'g');
INSERT INTO nutrientdetail (ntdetailcode, fdcode, seq, ntcode, amount, unit) VALUES (162,6,12,10,0,'g');
INSERT INTO nutrientdetail (ntdetailcode, fdcode, seq, ntcode, amount, unit) VALUES (163,6,13,11,2,'g');
INSERT INTO nutrientdetail (ntdetailcode, fdcode, seq, ntcode, amount, unit) VALUES (164,6,14,12,0,'g');
INSERT INTO nutrientdetail (ntdetailcode, fdcode, seq, ntcode, amount, unit) VALUES (165,6,15,13,0,'g');
INSERT INTO nutrientdetail (ntdetailcode, fdcode, seq, ntcode, amount, unit) VALUES (166,6,16,14,0,'g');
INSERT INTO nutrientdetail (ntdetailcode, fdcode, seq, ntcode, amount, unit) VALUES (167,6,17,15,79,'g');
INSERT INTO nutrientdetail (ntdetailcode, fdcode, seq, ntcode, amount, unit) VALUES (168,6,18,16,0,'g');
INSERT INTO nutrientdetail (ntdetailcode, fdcode, seq, ntcode, amount, unit) VALUES (169,6,19,17,7,'g');
INSERT INTO nutrientdetail (ntdetailcode, fdcode, seq, ntcode, amount, unit) VALUES (170,6,20,18,0.07,'g');
INSERT INTO nutrientdetail (ntdetailcode, fdcode, seq, ntcode, amount, unit) VALUES (171,6,21,19,0.76,'g');
INSERT INTO nutrientdetail (ntdetailcode, fdcode, seq, ntcode, amount, unit) VALUES (172,6,22,20,1.7,'g');
INSERT INTO nutrientdetail (ntdetailcode, fdcode, seq, ntcode, amount, unit) VALUES (173,6,23,21,1,'g');
INSERT INTO nutrientdetail (ntdetailcode, fdcode, seq, ntcode, amount, unit) VALUES (174,6,24,22,0,'g');
INSERT INTO nutrientdetail (ntdetailcode, fdcode, seq, ntcode, amount, unit) VALUES (175,6,25,25,0,'g');
INSERT INTO food (fdcode, fdtname, fdename, imageurl, fooddesc) VALUES (7,'วุ้นเส้นเย็นตาโฟน้ำ','Pink noodles soup','https://img.wongnai.com/p/1968x0/2019/12/03/812f233d186143e68e23c59a06cdcccd.jpg','');
INSERT INTO foodcategorydetail (fcdetailcode, fdcode, seq, fccode) VALUES (15,7,1,1);
INSERT INTO foodcategorydetail (fcdetailcode, fdcode, seq, fccode) VALUES (16,7,2,2);
INSERT INTO nutrientdetail (ntdetailcode, fdcode, seq, ntcode, amount, unit) VALUES (176,7,1,1,84,'kcal');
INSERT INTO nutrientdetail (ntdetailcode, fdcode, seq, ntcode, amount, unit) VALUES (177,7,2,2,81.1,'g');
INSERT INTO nutrientdetail (ntdetailcode, fdcode, seq, ntcode, amount, unit) VALUES (178,7,3,3,2.26,'g');
INSERT INTO nutrientdetail (ntdetailcode, fdcode, seq, ntcode, amount, unit) VALUES (179,7,4,4,2.74,'g');
INSERT INTO nutrientdetail (ntdetailcode, fdcode, seq, ntcode, amount, unit) VALUES (180,7,5,5,12.67,'g');
INSERT INTO nutrientdetail (ntdetailcode, fdcode, seq, ntcode, amount, unit) VALUES (181,7,6,23,0,'g');
INSERT INTO nutrientdetail (ntdetailcode, fdcode, seq, ntcode, amount, unit) VALUES (182,7,7,24,1.21,'g');
INSERT INTO nutrientdetail (ntdetailcode, fdcode, seq, ntcode, amount, unit) VALUES (183,7,8,6,15,'g');
INSERT INTO nutrientdetail (ntdetailcode, fdcode, seq, ntcode, amount, unit) VALUES (184,7,9,7,24,'g');
INSERT INTO nutrientdetail (ntdetailcode, fdcode, seq, ntcode, amount, unit) VALUES (185,7,10,8,10,'g');
INSERT INTO nutrientdetail (ntdetailcode, fdcode, seq, ntcode, amount, unit) VALUES (186,7,11,9,545,'g');
INSERT INTO nutrientdetail (ntdetailcode, fdcode, seq, ntcode, amount, unit) VALUES (187,7,12,10,60,'g');
INSERT INTO nutrientdetail (ntdetailcode, fdcode, seq, ntcode, amount, unit) VALUES (188,7,13,11,0,'g');
INSERT INTO nutrientdetail (ntdetailcode, fdcode, seq, ntcode, amount, unit) VALUES (189,7,14,12,0,'g');
INSERT INTO nutrientdetail (ntdetailcode, fdcode, seq, ntcode, amount, unit) VALUES (190,7,15,13,0,'g');
INSERT INTO nutrientdetail (ntdetailcode, fdcode, seq, ntcode, amount, unit) VALUES (191,7,16,14,0,'g');
INSERT INTO nutrientdetail (ntdetailcode, fdcode, seq, ntcode, amount, unit) VALUES (192,7,17,15,0,'g');
INSERT INTO nutrientdetail (ntdetailcode, fdcode, seq, ntcode, amount, unit) VALUES (193,7,18,16,0,'g');
INSERT INTO nutrientdetail (ntdetailcode, fdcode, seq, ntcode, amount, unit) VALUES (194,7,19,17,0,'g');
INSERT INTO nutrientdetail (ntdetailcode, fdcode, seq, ntcode, amount, unit) VALUES (195,7,20,18,0,'g');
INSERT INTO nutrientdetail (ntdetailcode, fdcode, seq, ntcode, amount, unit) VALUES (196,7,21,19,0,'g');
INSERT INTO nutrientdetail (ntdetailcode, fdcode, seq, ntcode, amount, unit) VALUES (197,7,22,20,0,'g');
INSERT INTO nutrientdetail (ntdetailcode, fdcode, seq, ntcode, amount, unit) VALUES (198,7,23,21,0,'g');
INSERT INTO nutrientdetail (ntdetailcode, fdcode, seq, ntcode, amount, unit) VALUES (199,7,24,22,0,'g');
INSERT INTO nutrientdetail (ntdetailcode, fdcode, seq, ntcode, amount, unit) VALUES (200,7,25,25,0,'g');
INSERT INTO food (fdcode, fdtname, fdename, imageurl, fooddesc) VALUES (8,'ก๊วยเตี๋ยวเซี่ยงไฮ้น้ำ','Shanghai noodles and soup','https://img.wongnai.com/p/1968x0/2022/09/11/66868e8b185c4bdba6f8ad57e0e107f1.jpg','');
INSERT INTO foodcategorydetail (fcdetailcode, fdcode, seq, fccode) VALUES (17,8,1,1);
INSERT INTO foodcategorydetail (fcdetailcode, fdcode, seq, fccode) VALUES (18,8,2,2);
INSERT INTO nutrientdetail (ntdetailcode, fdcode, seq, ntcode, amount, unit) VALUES (201,8,1,1,77,'kcal');
INSERT INTO nutrientdetail (ntdetailcode, fdcode, seq, ntcode, amount, unit) VALUES (202,8,2,2,85,'g');
INSERT INTO nutrientdetail (ntdetailcode, fdcode, seq, ntcode, amount, unit) VALUES (203,8,3,3,4.4,'g');
INSERT INTO nutrientdetail (ntdetailcode, fdcode, seq, ntcode, amount, unit) VALUES (204,8,4,4,4.35,'g');
INSERT INTO nutrientdetail (ntdetailcode, fdcode, seq, ntcode, amount, unit) VALUES (205,8,5,5,5.06,'g');
INSERT INTO nutrientdetail (ntdetailcode, fdcode, seq, ntcode, amount, unit) VALUES (206,8,6,23,0,'g');
INSERT INTO nutrientdetail (ntdetailcode, fdcode, seq, ntcode, amount, unit) VALUES (207,8,7,24,1.2,'g');
INSERT INTO nutrientdetail (ntdetailcode, fdcode, seq, ntcode, amount, unit) VALUES (208,8,8,6,5,'g');
INSERT INTO nutrientdetail (ntdetailcode, fdcode, seq, ntcode, amount, unit) VALUES (209,8,9,7,48,'g');
INSERT INTO nutrientdetail (ntdetailcode, fdcode, seq, ntcode, amount, unit) VALUES (210,8,10,8,11,'g');
INSERT INTO nutrientdetail (ntdetailcode, fdcode, seq, ntcode, amount, unit) VALUES (211,8,11,9,479,'g');
INSERT INTO nutrientdetail (ntdetailcode, fdcode, seq, ntcode, amount, unit) VALUES (212,8,12,10,68,'g');
INSERT INTO nutrientdetail (ntdetailcode, fdcode, seq, ntcode, amount, unit) VALUES (213,8,13,11,0,'g');
INSERT INTO nutrientdetail (ntdetailcode, fdcode, seq, ntcode, amount, unit) VALUES (214,8,14,12,0,'g');
INSERT INTO nutrientdetail (ntdetailcode, fdcode, seq, ntcode, amount, unit) VALUES (215,8,15,13,0,'g');
INSERT INTO nutrientdetail (ntdetailcode, fdcode, seq, ntcode, amount, unit) VALUES (216,8,16,14,0,'g');
INSERT INTO nutrientdetail (ntdetailcode, fdcode, seq, ntcode, amount, unit) VALUES (217,8,17,15,0,'g');
INSERT INTO nutrientdetail (ntdetailcode, fdcode, seq, ntcode, amount, unit) VALUES (218,8,18,16,0,'g');
INSERT INTO nutrientdetail (ntdetailcode, fdcode, seq, ntcode, amount, unit) VALUES (219,8,19,17,0,'g');
INSERT INTO nutrientdetail (ntdetailcode, fdcode, seq, ntcode, amount, unit) VALUES (220,8,20,18,0,'g');
INSERT INTO nutrientdetail (ntdetailcode, fdcode, seq, ntcode, amount, unit) VALUES (221,8,21,19,0,'g');
INSERT INTO nutrientdetail (ntdetailcode, fdcode, seq, ntcode, amount, unit) VALUES (222,8,22,20,0,'g');
INSERT INTO nutrientdetail (ntdetailcode, fdcode, seq, ntcode, amount, unit) VALUES (223,8,23,21,0,'g');
INSERT INTO nutrientdetail (ntdetailcode, fdcode, seq, ntcode, amount, unit) VALUES (224,8,24,22,0,'g');
INSERT INTO nutrientdetail (ntdetailcode, fdcode, seq, ntcode, amount, unit) VALUES (225,8,25,25,0,'g');
INSERT INTO food (fdcode, fdtname, fdename, imageurl, fooddesc) VALUES (9,'บะหมี่เกี๋ยวน้ำหมูแดง','Wheat noodles with roasted pork and soup','https://img-global.cpcdn.com/recipes/3d32aea0894e28ca/680x482cq70/%E0%B8%A3%E0%B8%9B-%E0%B8%AB%E0%B8%A5%E0%B8%81-%E0%B8%82%E0%B8%AD%E0%B8%87-%E0%B8%AA%E0%B8%95%E0%B8%A3-%E0%B8%9A%E0%B8%B0%E0%B8%AB%E0%B8%A1%E0%B9%80%E0%B8%81%E0%B8%A2%E0%B8%A7%E0%B8%AB','');
INSERT INTO foodcategorydetail (fcdetailcode, fdcode, seq, fccode) VALUES (19,9,1,1);
INSERT INTO foodcategorydetail (fcdetailcode, fdcode, seq, fccode) VALUES (20,9,2,2);
INSERT INTO nutrientdetail (ntdetailcode, fdcode, seq, ntcode, amount, unit) VALUES (226,9,1,1,68,'kcal');
INSERT INTO nutrientdetail (ntdetailcode, fdcode, seq, ntcode, amount, unit) VALUES (227,9,2,2,84.8,'g');
INSERT INTO nutrientdetail (ntdetailcode, fdcode, seq, ntcode, amount, unit) VALUES (228,9,3,3,33.61,'g');
INSERT INTO nutrientdetail (ntdetailcode, fdcode, seq, ntcode, amount, unit) VALUES (229,9,4,4,2.2,'g');
INSERT INTO nutrientdetail (ntdetailcode, fdcode, seq, ntcode, amount, unit) VALUES (230,9,5,5,8.53,'g');
INSERT INTO nutrientdetail (ntdetailcode, fdcode, seq, ntcode, amount, unit) VALUES (231,9,6,23,0,'g');
INSERT INTO nutrientdetail (ntdetailcode, fdcode, seq, ntcode, amount, unit) VALUES (232,9,7,24,0.82,'g');
INSERT INTO nutrientdetail (ntdetailcode, fdcode, seq, ntcode, amount, unit) VALUES (233,9,8,6,8,'g');
INSERT INTO nutrientdetail (ntdetailcode, fdcode, seq, ntcode, amount, unit) VALUES (234,9,9,7,29,'g');
INSERT INTO nutrientdetail (ntdetailcode, fdcode, seq, ntcode, amount, unit) VALUES (235,9,10,8,12,'g');
INSERT INTO nutrientdetail (ntdetailcode, fdcode, seq, ntcode, amount, unit) VALUES (236,9,11,9,397,'g');
INSERT INTO nutrientdetail (ntdetailcode, fdcode, seq, ntcode, amount, unit) VALUES (237,9,12,10,92,'g');
INSERT INTO nutrientdetail (ntdetailcode, fdcode, seq, ntcode, amount, unit) VALUES (238,9,13,11,0,'g');
INSERT INTO nutrientdetail (ntdetailcode, fdcode, seq, ntcode, amount, unit) VALUES (239,9,14,12,0,'g');
INSERT INTO nutrientdetail (ntdetailcode, fdcode, seq, ntcode, amount, unit) VALUES (240,9,15,13,0,'g');
INSERT INTO nutrientdetail (ntdetailcode, fdcode, seq, ntcode, amount, unit) VALUES (241,9,16,14,0,'g');
INSERT INTO nutrientdetail (ntdetailcode, fdcode, seq, ntcode, amount, unit) VALUES (242,9,17,15,0,'g');
INSERT INTO nutrientdetail (ntdetailcode, fdcode, seq, ntcode, amount, unit) VALUES (243,9,18,16,0,'g');
INSERT INTO nutrientdetail (ntdetailcode, fdcode, seq, ntcode, amount, unit) VALUES (244,9,19,17,0,'g');
INSERT INTO nutrientdetail (ntdetailcode, fdcode, seq, ntcode, amount, unit) VALUES (245,9,20,18,0,'g');
INSERT INTO nutrientdetail (ntdetailcode, fdcode, seq, ntcode, amount, unit) VALUES (246,9,21,19,0,'g');
INSERT INTO nutrientdetail (ntdetailcode, fdcode, seq, ntcode, amount, unit) VALUES (247,9,22,20,0,'g');
INSERT INTO nutrientdetail (ntdetailcode, fdcode, seq, ntcode, amount, unit) VALUES (248,9,23,21,0,'g');
INSERT INTO nutrientdetail (ntdetailcode, fdcode, seq, ntcode, amount, unit) VALUES (249,9,24,22,0,'g');
INSERT INTO nutrientdetail (ntdetailcode, fdcode, seq, ntcode, amount, unit) VALUES (250,9,25,25,0,'g');
INSERT INTO food (fdcode, fdtname, fdename, imageurl, fooddesc) VALUES (10,'บะหมี่แห้งหมู','Wheat noodles with pork without soup','https://www.calforlife.com/image/food/-Pork-Noodles.jpg','');
INSERT INTO foodcategorydetail (fcdetailcode, fdcode, seq, fccode) VALUES (21,10,1,1);
INSERT INTO foodcategorydetail (fcdetailcode, fdcode, seq, fccode) VALUES (22,10,2,2);
INSERT INTO nutrientdetail (ntdetailcode, fdcode, seq, ntcode, amount, unit) VALUES (251,10,1,1,190,'kcal');
INSERT INTO nutrientdetail (ntdetailcode, fdcode, seq, ntcode, amount, unit) VALUES (252,10,2,2,61.3,'g');
INSERT INTO nutrientdetail (ntdetailcode, fdcode, seq, ntcode, amount, unit) VALUES (253,10,3,3,10.89,'g');
INSERT INTO nutrientdetail (ntdetailcode, fdcode, seq, ntcode, amount, unit) VALUES (254,10,4,4,8.47,'g');
INSERT INTO nutrientdetail (ntdetailcode, fdcode, seq, ntcode, amount, unit) VALUES (255,10,5,5,14.54,'g');
INSERT INTO nutrientdetail (ntdetailcode, fdcode, seq, ntcode, amount, unit) VALUES (256,10,6,23,0,'g');
INSERT INTO nutrientdetail (ntdetailcode, fdcode, seq, ntcode, amount, unit) VALUES (257,10,7,24,1.84,'g');
INSERT INTO nutrientdetail (ntdetailcode, fdcode, seq, ntcode, amount, unit) VALUES (258,10,8,6,11,'g');
INSERT INTO nutrientdetail (ntdetailcode, fdcode, seq, ntcode, amount, unit) VALUES (259,10,9,7,85,'g');
INSERT INTO nutrientdetail (ntdetailcode, fdcode, seq, ntcode, amount, unit) VALUES (260,10,10,8,25,'g');
INSERT INTO nutrientdetail (ntdetailcode, fdcode, seq, ntcode, amount, unit) VALUES (261,10,11,9,974,'g');
INSERT INTO nutrientdetail (ntdetailcode, fdcode, seq, ntcode, amount, unit) VALUES (262,10,12,10,133,'g');
INSERT INTO nutrientdetail (ntdetailcode, fdcode, seq, ntcode, amount, unit) VALUES (263,10,13,11,0,'g');
INSERT INTO nutrientdetail (ntdetailcode, fdcode, seq, ntcode, amount, unit) VALUES (264,10,14,12,0,'g');
INSERT INTO nutrientdetail (ntdetailcode, fdcode, seq, ntcode, amount, unit) VALUES (265,10,15,13,0,'g');
INSERT INTO nutrientdetail (ntdetailcode, fdcode, seq, ntcode, amount, unit) VALUES (266,10,16,14,0,'g');
INSERT INTO nutrientdetail (ntdetailcode, fdcode, seq, ntcode, amount, unit) VALUES (267,10,17,15,0,'g');
INSERT INTO nutrientdetail (ntdetailcode, fdcode, seq, ntcode, amount, unit) VALUES (268,10,18,16,0,'g');
INSERT INTO nutrientdetail (ntdetailcode, fdcode, seq, ntcode, amount, unit) VALUES (269,10,19,17,0,'g');
INSERT INTO nutrientdetail (ntdetailcode, fdcode, seq, ntcode, amount, unit) VALUES (270,10,20,18,0,'g');
INSERT INTO nutrientdetail (ntdetailcode, fdcode, seq, ntcode, amount, unit) VALUES (271,10,21,19,0,'g');
INSERT INTO nutrientdetail (ntdetailcode, fdcode, seq, ntcode, amount, unit) VALUES (272,10,22,20,0,'g');
INSERT INTO nutrientdetail (ntdetailcode, fdcode, seq, ntcode, amount, unit) VALUES (273,10,23,21,0,'g');
INSERT INTO nutrientdetail (ntdetailcode, fdcode, seq, ntcode, amount, unit) VALUES (274,10,24,22,0,'g');
INSERT INTO nutrientdetail (ntdetailcode, fdcode, seq, ntcode, amount, unit) VALUES (275,10,25,25,0,'g');
INSERT INTO food (fdcode, fdtname, fdename, imageurl, fooddesc) VALUES (11,'แกงกะหรี่ทูน่า','Curry yellow tuna','https://encrypted-tbn0.gstatic.com/images?q=tbn:ANd9GcRXq-QzAUUsAMTwfO_MDr266bVm2SUShgb3vQ&s','');
INSERT INTO foodcategorydetail (fcdetailcode, fdcode, seq, fccode) VALUES (23,11,1,1);
INSERT INTO foodcategorydetail (fcdetailcode, fdcode, seq, fccode) VALUES (24,11,2,2);
INSERT INTO nutrientdetail (ntdetailcode, fdcode, seq, ntcode, amount, unit) VALUES (276,11,1,1,129,'kcal');
INSERT INTO nutrientdetail (ntdetailcode, fdcode, seq, ntcode, amount, unit) VALUES (277,11,2,2,74.9,'g');
INSERT INTO nutrientdetail (ntdetailcode, fdcode, seq, ntcode, amount, unit) VALUES (278,11,3,3,10.76,'g');
INSERT INTO nutrientdetail (ntdetailcode, fdcode, seq, ntcode, amount, unit) VALUES (279,11,4,4,7.09,'g');
INSERT INTO nutrientdetail (ntdetailcode, fdcode, seq, ntcode, amount, unit) VALUES (280,11,5,5,5.64,'g');
INSERT INTO nutrientdetail (ntdetailcode, fdcode, seq, ntcode, amount, unit) VALUES (281,11,6,23,0,'g');
INSERT INTO nutrientdetail (ntdetailcode, fdcode, seq, ntcode, amount, unit) VALUES (282,11,7,24,1.57,'g');
INSERT INTO nutrientdetail (ntdetailcode, fdcode, seq, ntcode, amount, unit) VALUES (283,11,8,6,0,'g');
INSERT INTO nutrientdetail (ntdetailcode, fdcode, seq, ntcode, amount, unit) VALUES (284,11,9,7,0,'g');
INSERT INTO nutrientdetail (ntdetailcode, fdcode, seq, ntcode, amount, unit) VALUES (285,11,10,8,0,'g');
INSERT INTO nutrientdetail (ntdetailcode, fdcode, seq, ntcode, amount, unit) VALUES (286,11,11,9,0,'g');
INSERT INTO nutrientdetail (ntdetailcode, fdcode, seq, ntcode, amount, unit) VALUES (287,11,12,10,0,'g');
INSERT INTO nutrientdetail (ntdetailcode, fdcode, seq, ntcode, amount, unit) VALUES (288,11,13,11,0,'g');
INSERT INTO nutrientdetail (ntdetailcode, fdcode, seq, ntcode, amount, unit) VALUES (289,11,14,12,0,'g');
INSERT INTO nutrientdetail (ntdetailcode, fdcode, seq, ntcode, amount, unit) VALUES (290,11,15,13,0,'g');
INSERT INTO nutrientdetail (ntdetailcode, fdcode, seq, ntcode, amount, unit) VALUES (291,11,16,14,0,'g');
INSERT INTO nutrientdetail (ntdetailcode, fdcode, seq, ntcode, amount, unit) VALUES (292,11,17,15,0,'g');
INSERT INTO nutrientdetail (ntdetailcode, fdcode, seq, ntcode, amount, unit) VALUES (293,11,18,16,0,'g');
INSERT INTO nutrientdetail (ntdetailcode, fdcode, seq, ntcode, amount, unit) VALUES (294,11,19,17,0,'g');
INSERT INTO nutrientdetail (ntdetailcode, fdcode, seq, ntcode, amount, unit) VALUES (295,11,20,18,0,'g');
INSERT INTO nutrientdetail (ntdetailcode, fdcode, seq, ntcode, amount, unit) VALUES (296,11,21,19,0,'g');
INSERT INTO nutrientdetail (ntdetailcode, fdcode, seq, ntcode, amount, unit) VALUES (297,11,22,20,0,'g');
INSERT INTO nutrientdetail (ntdetailcode, fdcode, seq, ntcode, amount, unit) VALUES (298,11,23,21,0,'g');
INSERT INTO nutrientdetail (ntdetailcode, fdcode, seq, ntcode, amount, unit) VALUES (299,11,24,22,0,'g');
INSERT INTO nutrientdetail (ntdetailcode, fdcode, seq, ntcode, amount, unit) VALUES (300,11,25,25,0,'g');
INSERT INTO food (fdcode, fdtname, fdename, imageurl, fooddesc) VALUES (12,'แกงเขียวหวานทูน่า','Curry green tuna','https://img-global.cpcdn.com/recipes/964d04391600e3e9/680x482cq70/%E0%B8%A3%E0%B8%9B-%E0%B8%AB%E0%B8%A5%E0%B8%81-%E0%B8%82%E0%B8%AD%E0%B8%87-%E0%B8%AA%E0%B8%95%E0%B8%A3-%E0%B9%81%E0%B8%81%E0%B8%87%E0%B9%80%E0%B8%82%E0%B8%A2%E0%B8%A7%E0%B8%AB%E0%B8%A7','');
INSERT INTO foodcategorydetail (fcdetailcode, fdcode, seq, fccode) VALUES (25,12,1,1);
INSERT INTO foodcategorydetail (fcdetailcode, fdcode, seq, fccode) VALUES (26,12,2,2);
INSERT INTO nutrientdetail (ntdetailcode, fdcode, seq, ntcode, amount, unit) VALUES (301,12,1,1,169,'kcal');
INSERT INTO nutrientdetail (ntdetailcode, fdcode, seq, ntcode, amount, unit) VALUES (302,12,2,2,68.6,'g');
INSERT INTO nutrientdetail (ntdetailcode, fdcode, seq, ntcode, amount, unit) VALUES (303,12,3,3,9.16,'g');
INSERT INTO nutrientdetail (ntdetailcode, fdcode, seq, ntcode, amount, unit) VALUES (304,12,4,4,10.36,'g');
INSERT INTO nutrientdetail (ntdetailcode, fdcode, seq, ntcode, amount, unit) VALUES (305,12,5,5,9.82,'g');
INSERT INTO nutrientdetail (ntdetailcode, fdcode, seq, ntcode, amount, unit) VALUES (306,12,6,23,0,'g');
INSERT INTO nutrientdetail (ntdetailcode, fdcode, seq, ntcode, amount, unit) VALUES (307,12,7,24,2.06,'g');
INSERT INTO nutrientdetail (ntdetailcode, fdcode, seq, ntcode, amount, unit) VALUES (308,12,8,6,0,'g');
INSERT INTO nutrientdetail (ntdetailcode, fdcode, seq, ntcode, amount, unit) VALUES (309,12,9,7,0,'g');
INSERT INTO nutrientdetail (ntdetailcode, fdcode, seq, ntcode, amount, unit) VALUES (310,12,10,8,0,'g');
INSERT INTO nutrientdetail (ntdetailcode, fdcode, seq, ntcode, amount, unit) VALUES (311,12,11,9,0,'g');
INSERT INTO nutrientdetail (ntdetailcode, fdcode, seq, ntcode, amount, unit) VALUES (312,12,12,10,0,'g');
INSERT INTO nutrientdetail (ntdetailcode, fdcode, seq, ntcode, amount, unit) VALUES (313,12,13,11,0,'g');
INSERT INTO nutrientdetail (ntdetailcode, fdcode, seq, ntcode, amount, unit) VALUES (314,12,14,12,0,'g');
INSERT INTO nutrientdetail (ntdetailcode, fdcode, seq, ntcode, amount, unit) VALUES (315,12,15,13,0,'g');
INSERT INTO nutrientdetail (ntdetailcode, fdcode, seq, ntcode, amount, unit) VALUES (316,12,16,14,0,'g');
INSERT INTO nutrientdetail (ntdetailcode, fdcode, seq, ntcode, amount, unit) VALUES (317,12,17,15,0,'g');
INSERT INTO nutrientdetail (ntdetailcode, fdcode, seq, ntcode, amount, unit) VALUES (318,12,18,16,0,'g');
INSERT INTO nutrientdetail (ntdetailcode, fdcode, seq, ntcode, amount, unit) VALUES (319,12,19,17,0,'g');
INSERT INTO nutrientdetail (ntdetailcode, fdcode, seq, ntcode, amount, unit) VALUES (320,12,20,18,0,'g');
INSERT INTO nutrientdetail (ntdetailcode, fdcode, seq, ntcode, amount, unit) VALUES (321,12,21,19,0,'g');
INSERT INTO nutrientdetail (ntdetailcode, fdcode, seq, ntcode, amount, unit) VALUES (322,12,22,20,0,'g');
INSERT INTO nutrientdetail (ntdetailcode, fdcode, seq, ntcode, amount, unit) VALUES (323,12,23,21,0,'g');
INSERT INTO nutrientdetail (ntdetailcode, fdcode, seq, ntcode, amount, unit) VALUES (324,12,24,22,0,'g');
INSERT INTO nutrientdetail (ntdetailcode, fdcode, seq, ntcode, amount, unit) VALUES (325,12,25,25,0,'g');
INSERT INTO food (fdcode, fdtname, fdename, imageurl, fooddesc) VALUES (13,'แกงเผ็ดเนื้อ','Curry red beef','https://img.wongnai.com/p/400x0/2019/08/06/07ac51ff3efd4fd5b4c2337bb13717ea.jpg','');
INSERT INTO foodcategorydetail (fcdetailcode, fdcode, seq, fccode) VALUES (27,13,1,1);
INSERT INTO foodcategorydetail (fcdetailcode, fdcode, seq, fccode) VALUES (28,13,2,2);
INSERT INTO nutrientdetail (ntdetailcode, fdcode, seq, ntcode, amount, unit) VALUES (326,13,1,1,136,'kcal');
INSERT INTO nutrientdetail (ntdetailcode, fdcode, seq, ntcode, amount, unit) VALUES (327,13,2,2,73,'g');
INSERT INTO nutrientdetail (ntdetailcode, fdcode, seq, ntcode, amount, unit) VALUES (328,13,3,3,10.1,'g');
INSERT INTO nutrientdetail (ntdetailcode, fdcode, seq, ntcode, amount, unit) VALUES (329,13,4,4,7.77,'g');
INSERT INTO nutrientdetail (ntdetailcode, fdcode, seq, ntcode, amount, unit) VALUES (330,13,5,5,6.45,'g');
INSERT INTO nutrientdetail (ntdetailcode, fdcode, seq, ntcode, amount, unit) VALUES (331,13,6,23,0,'g');
INSERT INTO nutrientdetail (ntdetailcode, fdcode, seq, ntcode, amount, unit) VALUES (332,13,7,24,2.65,'g');
INSERT INTO nutrientdetail (ntdetailcode, fdcode, seq, ntcode, amount, unit) VALUES (333,13,8,6,0,'g');
INSERT INTO nutrientdetail (ntdetailcode, fdcode, seq, ntcode, amount, unit) VALUES (334,13,9,7,0,'g');
INSERT INTO nutrientdetail (ntdetailcode, fdcode, seq, ntcode, amount, unit) VALUES (335,13,10,8,0,'g');
INSERT INTO nutrientdetail (ntdetailcode, fdcode, seq, ntcode, amount, unit) VALUES (336,13,11,9,0,'g');
INSERT INTO nutrientdetail (ntdetailcode, fdcode, seq, ntcode, amount, unit) VALUES (337,13,12,10,0,'g');
INSERT INTO nutrientdetail (ntdetailcode, fdcode, seq, ntcode, amount, unit) VALUES (338,13,13,11,0,'g');
INSERT INTO nutrientdetail (ntdetailcode, fdcode, seq, ntcode, amount, unit) VALUES (339,13,14,12,0,'g');
INSERT INTO nutrientdetail (ntdetailcode, fdcode, seq, ntcode, amount, unit) VALUES (340,13,15,13,0,'g');
INSERT INTO nutrientdetail (ntdetailcode, fdcode, seq, ntcode, amount, unit) VALUES (341,13,16,14,0,'g');
INSERT INTO nutrientdetail (ntdetailcode, fdcode, seq, ntcode, amount, unit) VALUES (342,13,17,15,0,'g');
INSERT INTO nutrientdetail (ntdetailcode, fdcode, seq, ntcode, amount, unit) VALUES (343,13,18,16,0,'g');
INSERT INTO nutrientdetail (ntdetailcode, fdcode, seq, ntcode, amount, unit) VALUES (344,13,19,17,0,'g');
INSERT INTO nutrientdetail (ntdetailcode, fdcode, seq, ntcode, amount, unit) VALUES (345,13,20,18,0,'g');
INSERT INTO nutrientdetail (ntdetailcode, fdcode, seq, ntcode, amount, unit) VALUES (346,13,21,19,0,'g');
INSERT INTO nutrientdetail (ntdetailcode, fdcode, seq, ntcode, amount, unit) VALUES (347,13,22,20,0,'g');
INSERT INTO nutrientdetail (ntdetailcode, fdcode, seq, ntcode, amount, unit) VALUES (348,13,23,21,0,'g');
INSERT INTO nutrientdetail (ntdetailcode, fdcode, seq, ntcode, amount, unit) VALUES (349,13,24,22,0,'g');
INSERT INTO nutrientdetail (ntdetailcode, fdcode, seq, ntcode, amount, unit) VALUES (350,13,25,25,0,'g');
INSERT INTO food (fdcode, fdtname, fdename, imageurl, fooddesc) VALUES (14,'แกงเลียง','Spicy vegetable and prawn soup','https://img-global.cpcdn.com/recipes/a72a52b89bd0c284/400x400cq70/photo.jpg','');
INSERT INTO foodcategorydetail (fcdetailcode, fdcode, seq, fccode) VALUES (29,14,1,1);
INSERT INTO foodcategorydetail (fcdetailcode, fdcode, seq, fccode) VALUES (30,14,2,2);
INSERT INTO nutrientdetail (ntdetailcode, fdcode, seq, ntcode, amount, unit) VALUES (351,14,1,1,30,'kcal');
INSERT INTO nutrientdetail (ntdetailcode, fdcode, seq, ntcode, amount, unit) VALUES (352,14,2,2,91.6,'g');
INSERT INTO nutrientdetail (ntdetailcode, fdcode, seq, ntcode, amount, unit) VALUES (353,14,3,3,1.44,'g');
INSERT INTO nutrientdetail (ntdetailcode, fdcode, seq, ntcode, amount, unit) VALUES (354,14,4,4,0.35,'g');
INSERT INTO nutrientdetail (ntdetailcode, fdcode, seq, ntcode, amount, unit) VALUES (355,14,5,5,5.36,'g');
INSERT INTO nutrientdetail (ntdetailcode, fdcode, seq, ntcode, amount, unit) VALUES (356,14,6,23,0,'g');
INSERT INTO nutrientdetail (ntdetailcode, fdcode, seq, ntcode, amount, unit) VALUES (357,14,7,24,1.29,'g');
INSERT INTO nutrientdetail (ntdetailcode, fdcode, seq, ntcode, amount, unit) VALUES (358,14,8,6,24,'g');
INSERT INTO nutrientdetail (ntdetailcode, fdcode, seq, ntcode, amount, unit) VALUES (359,14,9,7,40,'g');
INSERT INTO nutrientdetail (ntdetailcode, fdcode, seq, ntcode, amount, unit) VALUES (360,14,10,8,17,'g');
INSERT INTO nutrientdetail (ntdetailcode, fdcode, seq, ntcode, amount, unit) VALUES (361,14,11,9,3,'g');
INSERT INTO nutrientdetail (ntdetailcode, fdcode, seq, ntcode, amount, unit) VALUES (362,14,12,10,170,'g');
INSERT INTO nutrientdetail (ntdetailcode, fdcode, seq, ntcode, amount, unit) VALUES (363,14,13,11,0,'g');
INSERT INTO nutrientdetail (ntdetailcode, fdcode, seq, ntcode, amount, unit) VALUES (364,14,14,12,0,'g');
INSERT INTO nutrientdetail (ntdetailcode, fdcode, seq, ntcode, amount, unit) VALUES (365,14,15,13,0,'g');
INSERT INTO nutrientdetail (ntdetailcode, fdcode, seq, ntcode, amount, unit) VALUES (366,14,16,14,0,'g');
INSERT INTO nutrientdetail (ntdetailcode, fdcode, seq, ntcode, amount, unit) VALUES (367,14,17,15,0,'g');
INSERT INTO nutrientdetail (ntdetailcode, fdcode, seq, ntcode, amount, unit) VALUES (368,14,18,16,0,'g');
INSERT INTO nutrientdetail (ntdetailcode, fdcode, seq, ntcode, amount, unit) VALUES (369,14,19,17,0,'g');
INSERT INTO nutrientdetail (ntdetailcode, fdcode, seq, ntcode, amount, unit) VALUES (370,14,20,18,0,'g');
INSERT INTO nutrientdetail (ntdetailcode, fdcode, seq, ntcode, amount, unit) VALUES (371,14,21,19,0,'g');
INSERT INTO nutrientdetail (ntdetailcode, fdcode, seq, ntcode, amount, unit) VALUES (372,14,22,20,0,'g');
INSERT INTO nutrientdetail (ntdetailcode, fdcode, seq, ntcode, amount, unit) VALUES (373,14,23,21,0,'g');
INSERT INTO nutrientdetail (ntdetailcode, fdcode, seq, ntcode, amount, unit) VALUES (374,14,24,22,0,'g');
INSERT INTO nutrientdetail (ntdetailcode, fdcode, seq, ntcode, amount, unit) VALUES (375,14,25,25,0,'g');
INSERT INTO food (fdcode, fdtname, fdename, imageurl, fooddesc) VALUES (15,'กระเทียมพริกไทยไก่','Fried chicken with garlic and pepper','https://s359.kapook.com/pagebuilder/683d4862-5951-4398-a53f-97af8490f14a.jpg','');
INSERT INTO foodcategorydetail (fcdetailcode, fdcode, seq, fccode) VALUES (31,15,1,1);
INSERT INTO foodcategorydetail (fcdetailcode, fdcode, seq, fccode) VALUES (32,15,2,2);
INSERT INTO nutrientdetail (ntdetailcode, fdcode, seq, ntcode, amount, unit) VALUES (376,15,1,1,186,'kcal');
INSERT INTO nutrientdetail (ntdetailcode, fdcode, seq, ntcode, amount, unit) VALUES (377,15,2,2,63.2,'g');
INSERT INTO nutrientdetail (ntdetailcode, fdcode, seq, ntcode, amount, unit) VALUES (378,15,3,3,18.38,'g');
INSERT INTO nutrientdetail (ntdetailcode, fdcode, seq, ntcode, amount, unit) VALUES (379,15,4,4,10.02,'g');
INSERT INTO nutrientdetail (ntdetailcode, fdcode, seq, ntcode, amount, unit) VALUES (380,15,5,5,5.68,'g');
INSERT INTO nutrientdetail (ntdetailcode, fdcode, seq, ntcode, amount, unit) VALUES (381,15,6,23,0,'g');
INSERT INTO nutrientdetail (ntdetailcode, fdcode, seq, ntcode, amount, unit) VALUES (382,15,7,24,2.74,'g');
INSERT INTO nutrientdetail (ntdetailcode, fdcode, seq, ntcode, amount, unit) VALUES (383,15,8,6,0,'g');
INSERT INTO nutrientdetail (ntdetailcode, fdcode, seq, ntcode, amount, unit) VALUES (384,15,9,7,0,'g');
INSERT INTO nutrientdetail (ntdetailcode, fdcode, seq, ntcode, amount, unit) VALUES (385,15,10,8,0,'g');
INSERT INTO nutrientdetail (ntdetailcode, fdcode, seq, ntcode, amount, unit) VALUES (386,15,11,9,0,'g');
INSERT INTO nutrientdetail (ntdetailcode, fdcode, seq, ntcode, amount, unit) VALUES (387,15,12,10,0,'g');
INSERT INTO nutrientdetail (ntdetailcode, fdcode, seq, ntcode, amount, unit) VALUES (388,15,13,11,0,'g');
INSERT INTO nutrientdetail (ntdetailcode, fdcode, seq, ntcode, amount, unit) VALUES (389,15,14,12,0,'g');
INSERT INTO nutrientdetail (ntdetailcode, fdcode, seq, ntcode, amount, unit) VALUES (390,15,15,13,0,'g');
INSERT INTO nutrientdetail (ntdetailcode, fdcode, seq, ntcode, amount, unit) VALUES (391,15,16,14,0,'g');
INSERT INTO nutrientdetail (ntdetailcode, fdcode, seq, ntcode, amount, unit) VALUES (392,15,17,15,0,'g');
INSERT INTO nutrientdetail (ntdetailcode, fdcode, seq, ntcode, amount, unit) VALUES (393,15,18,16,0,'g');
INSERT INTO nutrientdetail (ntdetailcode, fdcode, seq, ntcode, amount, unit) VALUES (394,15,19,17,0,'g');
INSERT INTO nutrientdetail (ntdetailcode, fdcode, seq, ntcode, amount, unit) VALUES (395,15,20,18,0,'g');
INSERT INTO nutrientdetail (ntdetailcode, fdcode, seq, ntcode, amount, unit) VALUES (396,15,21,19,0,'g');
INSERT INTO nutrientdetail (ntdetailcode, fdcode, seq, ntcode, amount, unit) VALUES (397,15,22,20,0,'g');
INSERT INTO nutrientdetail (ntdetailcode, fdcode, seq, ntcode, amount, unit) VALUES (398,15,23,21,0,'g');
INSERT INTO nutrientdetail (ntdetailcode, fdcode, seq, ntcode, amount, unit) VALUES (399,15,24,22,0,'g');
INSERT INTO nutrientdetail (ntdetailcode, fdcode, seq, ntcode, amount, unit) VALUES (400,15,25,25,0,'g');
INSERT INTO food (fdcode, fdtname, fdename, imageurl, fooddesc) VALUES (16,'ต้มข่าทูน่า','Soup coconut milk with galangal tuna','https://media.oknation.net/uploads/201207/21/48866e3f3.jpg','');
INSERT INTO foodcategorydetail (fcdetailcode, fdcode, seq, fccode) VALUES (33,16,1,1);
INSERT INTO foodcategorydetail (fcdetailcode, fdcode, seq, fccode) VALUES (34,16,2,2);
INSERT INTO nutrientdetail (ntdetailcode, fdcode, seq, ntcode, amount, unit) VALUES (401,16,1,1,104,'kcal');
INSERT INTO nutrientdetail (ntdetailcode, fdcode, seq, ntcode, amount, unit) VALUES (402,16,2,2,80.2,'g');
INSERT INTO nutrientdetail (ntdetailcode, fdcode, seq, ntcode, amount, unit) VALUES (403,16,3,3,7.26,'g');
INSERT INTO nutrientdetail (ntdetailcode, fdcode, seq, ntcode, amount, unit) VALUES (404,16,4,4,6.64,'g');
INSERT INTO nutrientdetail (ntdetailcode, fdcode, seq, ntcode, amount, unit) VALUES (405,16,5,5,3.82,'g');
INSERT INTO nutrientdetail (ntdetailcode, fdcode, seq, ntcode, amount, unit) VALUES (406,16,6,23,0,'g');
INSERT INTO nutrientdetail (ntdetailcode, fdcode, seq, ntcode, amount, unit) VALUES (407,16,7,24,2.11,'g');
INSERT INTO nutrientdetail (ntdetailcode, fdcode, seq, ntcode, amount, unit) VALUES (408,16,8,6,0,'g');
INSERT INTO nutrientdetail (ntdetailcode, fdcode, seq, ntcode, amount, unit) VALUES (409,16,9,7,0,'g');
INSERT INTO nutrientdetail (ntdetailcode, fdcode, seq, ntcode, amount, unit) VALUES (410,16,10,8,0,'g');
INSERT INTO nutrientdetail (ntdetailcode, fdcode, seq, ntcode, amount, unit) VALUES (411,16,11,9,0,'g');
INSERT INTO nutrientdetail (ntdetailcode, fdcode, seq, ntcode, amount, unit) VALUES (412,16,12,10,0,'g');
INSERT INTO nutrientdetail (ntdetailcode, fdcode, seq, ntcode, amount, unit) VALUES (413,16,13,11,0,'g');
INSERT INTO nutrientdetail (ntdetailcode, fdcode, seq, ntcode, amount, unit) VALUES (414,16,14,12,0,'g');
INSERT INTO nutrientdetail (ntdetailcode, fdcode, seq, ntcode, amount, unit) VALUES (415,16,15,13,0,'g');
INSERT INTO nutrientdetail (ntdetailcode, fdcode, seq, ntcode, amount, unit) VALUES (416,16,16,14,0,'g');
INSERT INTO nutrientdetail (ntdetailcode, fdcode, seq, ntcode, amount, unit) VALUES (417,16,17,15,0,'g');
INSERT INTO nutrientdetail (ntdetailcode, fdcode, seq, ntcode, amount, unit) VALUES (418,16,18,16,0,'g');
INSERT INTO nutrientdetail (ntdetailcode, fdcode, seq, ntcode, amount, unit) VALUES (419,16,19,17,0,'g');
INSERT INTO nutrientdetail (ntdetailcode, fdcode, seq, ntcode, amount, unit) VALUES (420,16,20,18,0,'g');
INSERT INTO nutrientdetail (ntdetailcode, fdcode, seq, ntcode, amount, unit) VALUES (421,16,21,19,0,'g');
INSERT INTO nutrientdetail (ntdetailcode, fdcode, seq, ntcode, amount, unit) VALUES (422,16,22,20,0,'g');
INSERT INTO nutrientdetail (ntdetailcode, fdcode, seq, ntcode, amount, unit) VALUES (423,16,23,21,0,'g');
INSERT INTO nutrientdetail (ntdetailcode, fdcode, seq, ntcode, amount, unit) VALUES (424,16,24,22,0,'g');
INSERT INTO nutrientdetail (ntdetailcode, fdcode, seq, ntcode, amount, unit) VALUES (425,16,25,25,0,'g');
INSERT INTO food (fdcode, fdtname, fdename, imageurl, fooddesc) VALUES (17,'ต้มเลือดหมู','Tom-leud-moo','https://www.khaotrachat.com/wp-content/uploads/2023/02/CP_2020_%E0%B8%82%E0%B9%89%E0%B8%B2%E0%B8%A7%E0%B8%89%E0%B8%B1%E0%B8%95%E0%B8%A3%E0%B9%80%E0%B8%82%E0%B8%B5%E0%B8%A2%E0%B8%A7_%E0%B8%95%E0%B9%89%E0%B8%A1%E0%B9%80%E0%B8%A5%E0%B8%B7%E0%B8%AD%E0%B8','');
INSERT INTO foodcategorydetail (fcdetailcode, fdcode, seq, fccode) VALUES (35,17,1,1);
INSERT INTO foodcategorydetail (fcdetailcode, fdcode, seq, fccode) VALUES (36,17,2,2);
INSERT INTO nutrientdetail (ntdetailcode, fdcode, seq, ntcode, amount, unit) VALUES (426,17,1,1,36,'kcal');
INSERT INTO nutrientdetail (ntdetailcode, fdcode, seq, ntcode, amount, unit) VALUES (427,17,2,2,91.6,'g');
INSERT INTO nutrientdetail (ntdetailcode, fdcode, seq, ntcode, amount, unit) VALUES (428,17,3,3,5.05,'g');
INSERT INTO nutrientdetail (ntdetailcode, fdcode, seq, ntcode, amount, unit) VALUES (429,17,4,4,1.3,'g');
INSERT INTO nutrientdetail (ntdetailcode, fdcode, seq, ntcode, amount, unit) VALUES (430,17,5,5,1.04,'g');
INSERT INTO nutrientdetail (ntdetailcode, fdcode, seq, ntcode, amount, unit) VALUES (431,17,6,23,0,'g');
INSERT INTO nutrientdetail (ntdetailcode, fdcode, seq, ntcode, amount, unit) VALUES (432,17,7,24,1.03,'g');
INSERT INTO nutrientdetail (ntdetailcode, fdcode, seq, ntcode, amount, unit) VALUES (433,17,8,6,10,'g');
INSERT INTO nutrientdetail (ntdetailcode, fdcode, seq, ntcode, amount, unit) VALUES (434,17,9,7,57,'g');
INSERT INTO nutrientdetail (ntdetailcode, fdcode, seq, ntcode, amount, unit) VALUES (435,17,10,8,10,'g');
INSERT INTO nutrientdetail (ntdetailcode, fdcode, seq, ntcode, amount, unit) VALUES (436,17,11,9,335,'g');
INSERT INTO nutrientdetail (ntdetailcode, fdcode, seq, ntcode, amount, unit) VALUES (437,17,12,10,120,'g');
INSERT INTO nutrientdetail (ntdetailcode, fdcode, seq, ntcode, amount, unit) VALUES (438,17,13,11,0,'g');
INSERT INTO nutrientdetail (ntdetailcode, fdcode, seq, ntcode, amount, unit) VALUES (439,17,14,12,0,'g');
INSERT INTO nutrientdetail (ntdetailcode, fdcode, seq, ntcode, amount, unit) VALUES (440,17,15,13,0,'g');
INSERT INTO nutrientdetail (ntdetailcode, fdcode, seq, ntcode, amount, unit) VALUES (441,17,16,14,0,'g');
INSERT INTO nutrientdetail (ntdetailcode, fdcode, seq, ntcode, amount, unit) VALUES (442,17,17,15,0,'g');
INSERT INTO nutrientdetail (ntdetailcode, fdcode, seq, ntcode, amount, unit) VALUES (443,17,18,16,0,'g');
INSERT INTO nutrientdetail (ntdetailcode, fdcode, seq, ntcode, amount, unit) VALUES (444,17,19,17,0,'g');
INSERT INTO nutrientdetail (ntdetailcode, fdcode, seq, ntcode, amount, unit) VALUES (445,17,20,18,0,'g');
INSERT INTO nutrientdetail (ntdetailcode, fdcode, seq, ntcode, amount, unit) VALUES (446,17,21,19,0,'g');
INSERT INTO nutrientdetail (ntdetailcode, fdcode, seq, ntcode, amount, unit) VALUES (447,17,22,20,0,'g');
INSERT INTO nutrientdetail (ntdetailcode, fdcode, seq, ntcode, amount, unit) VALUES (448,17,23,21,0,'g');
INSERT INTO nutrientdetail (ntdetailcode, fdcode, seq, ntcode, amount, unit) VALUES (449,17,24,22,0,'g');
INSERT INTO nutrientdetail (ntdetailcode, fdcode, seq, ntcode, amount, unit) VALUES (450,17,25,25,0,'g');
INSERT INTO food (fdcode, fdtname, fdename, imageurl, fooddesc) VALUES (18,'น้ำพริกกะปิ+ปลาทู+ผัก','Shrimp-paste sauce with fried mackerel a','https://d.line-scdn.net/lcp-prod-photo/20200819_237/1597807133847gdTsW_JPEG/IJLU9OY5XGR16932RMY1DABN5EK40J.jpg','');
INSERT INTO foodcategorydetail (fcdetailcode, fdcode, seq, fccode) VALUES (37,18,1,1);
INSERT INTO foodcategorydetail (fcdetailcode, fdcode, seq, fccode) VALUES (38,18,2,2);
INSERT INTO nutrientdetail (ntdetailcode, fdcode, seq, ntcode, amount, unit) VALUES (451,18,1,1,116,'kcal');
INSERT INTO nutrientdetail (ntdetailcode, fdcode, seq, ntcode, amount, unit) VALUES (452,18,2,2,78.1,'g');
INSERT INTO nutrientdetail (ntdetailcode, fdcode, seq, ntcode, amount, unit) VALUES (453,18,3,3,9.91,'g');
INSERT INTO nutrientdetail (ntdetailcode, fdcode, seq, ntcode, amount, unit) VALUES (454,18,4,4,7.39,'g');
INSERT INTO nutrientdetail (ntdetailcode, fdcode, seq, ntcode, amount, unit) VALUES (455,18,5,5,2.58,'g');
INSERT INTO nutrientdetail (ntdetailcode, fdcode, seq, ntcode, amount, unit) VALUES (456,18,6,23,0,'g');
INSERT INTO nutrientdetail (ntdetailcode, fdcode, seq, ntcode, amount, unit) VALUES (457,18,7,24,2.06,'g');
INSERT INTO nutrientdetail (ntdetailcode, fdcode, seq, ntcode, amount, unit) VALUES (458,18,8,6,78,'g');
INSERT INTO nutrientdetail (ntdetailcode, fdcode, seq, ntcode, amount, unit) VALUES (459,18,9,7,125,'g');
INSERT INTO nutrientdetail (ntdetailcode, fdcode, seq, ntcode, amount, unit) VALUES (460,18,10,8,31,'g');
INSERT INTO nutrientdetail (ntdetailcode, fdcode, seq, ntcode, amount, unit) VALUES (461,18,11,9,505,'g');
INSERT INTO nutrientdetail (ntdetailcode, fdcode, seq, ntcode, amount, unit) VALUES (462,18,12,10,219,'g');
INSERT INTO nutrientdetail (ntdetailcode, fdcode, seq, ntcode, amount, unit) VALUES (463,18,13,11,0,'g');
INSERT INTO nutrientdetail (ntdetailcode, fdcode, seq, ntcode, amount, unit) VALUES (464,18,14,12,0,'g');
INSERT INTO nutrientdetail (ntdetailcode, fdcode, seq, ntcode, amount, unit) VALUES (465,18,15,13,0,'g');
INSERT INTO nutrientdetail (ntdetailcode, fdcode, seq, ntcode, amount, unit) VALUES (466,18,16,14,0,'g');
INSERT INTO nutrientdetail (ntdetailcode, fdcode, seq, ntcode, amount, unit) VALUES (467,18,17,15,0,'g');
INSERT INTO nutrientdetail (ntdetailcode, fdcode, seq, ntcode, amount, unit) VALUES (468,18,18,16,0,'g');
INSERT INTO nutrientdetail (ntdetailcode, fdcode, seq, ntcode, amount, unit) VALUES (469,18,19,17,0,'g');
INSERT INTO nutrientdetail (ntdetailcode, fdcode, seq, ntcode, amount, unit) VALUES (470,18,20,18,0,'g');
INSERT INTO nutrientdetail (ntdetailcode, fdcode, seq, ntcode, amount, unit) VALUES (471,18,21,19,0,'g');
INSERT INTO nutrientdetail (ntdetailcode, fdcode, seq, ntcode, amount, unit) VALUES (472,18,22,20,0,'g');
INSERT INTO nutrientdetail (ntdetailcode, fdcode, seq, ntcode, amount, unit) VALUES (473,18,23,21,0,'g');
INSERT INTO nutrientdetail (ntdetailcode, fdcode, seq, ntcode, amount, unit) VALUES (474,18,24,22,0,'g');
INSERT INTO nutrientdetail (ntdetailcode, fdcode, seq, ntcode, amount, unit) VALUES (475,18,25,25,0,'g');
INSERT INTO food (fdcode, fdtname, fdename, imageurl, fooddesc) VALUES (19,'น้ำพริกปลาทู+ผัก','Fried mackerel paste sauce with vegetabl','https://lh4.googleusercontent.com/proxy/BTKr-IbP4lhQWJxQLq-ZywiuBUHpgrW_ZFjiZzFQsjvZDJ3ech_5cmPm9UE03_ox7-y7V5cmZoeXGwT76fyaSNjeedIGL-HkznLqEISp8PbFRRloc_kJV2M','');
INSERT INTO foodcategorydetail (fcdetailcode, fdcode, seq, fccode) VALUES (39,19,1,1);
INSERT INTO foodcategorydetail (fcdetailcode, fdcode, seq, fccode) VALUES (40,19,2,2);
INSERT INTO nutrientdetail (ntdetailcode, fdcode, seq, ntcode, amount, unit) VALUES (476,19,1,1,32,'kcal');
INSERT INTO nutrientdetail (ntdetailcode, fdcode, seq, ntcode, amount, unit) VALUES (477,19,2,2,91.6,'g');
INSERT INTO nutrientdetail (ntdetailcode, fdcode, seq, ntcode, amount, unit) VALUES (478,19,3,3,2.12,'g');
INSERT INTO nutrientdetail (ntdetailcode, fdcode, seq, ntcode, amount, unit) VALUES (479,19,4,4,0.71,'g');
INSERT INTO nutrientdetail (ntdetailcode, fdcode, seq, ntcode, amount, unit) VALUES (480,19,5,5,4.33,'g');
INSERT INTO nutrientdetail (ntdetailcode, fdcode, seq, ntcode, amount, unit) VALUES (481,19,6,23,0,'g');
INSERT INTO nutrientdetail (ntdetailcode, fdcode, seq, ntcode, amount, unit) VALUES (482,19,7,24,1.27,'g');
INSERT INTO nutrientdetail (ntdetailcode, fdcode, seq, ntcode, amount, unit) VALUES (483,19,8,6,21,'g');
INSERT INTO nutrientdetail (ntdetailcode, fdcode, seq, ntcode, amount, unit) VALUES (484,19,9,7,36,'g');
INSERT INTO nutrientdetail (ntdetailcode, fdcode, seq, ntcode, amount, unit) VALUES (485,19,10,8,18,'g');
INSERT INTO nutrientdetail (ntdetailcode, fdcode, seq, ntcode, amount, unit) VALUES (486,19,11,9,423,'g');
INSERT INTO nutrientdetail (ntdetailcode, fdcode, seq, ntcode, amount, unit) VALUES (487,19,12,10,186,'g');
INSERT INTO nutrientdetail (ntdetailcode, fdcode, seq, ntcode, amount, unit) VALUES (488,19,13,11,0,'g');
INSERT INTO nutrientdetail (ntdetailcode, fdcode, seq, ntcode, amount, unit) VALUES (489,19,14,12,0,'g');
INSERT INTO nutrientdetail (ntdetailcode, fdcode, seq, ntcode, amount, unit) VALUES (490,19,15,13,0,'g');
INSERT INTO nutrientdetail (ntdetailcode, fdcode, seq, ntcode, amount, unit) VALUES (491,19,16,14,0,'g');
INSERT INTO nutrientdetail (ntdetailcode, fdcode, seq, ntcode, amount, unit) VALUES (492,19,17,15,0,'g');
INSERT INTO nutrientdetail (ntdetailcode, fdcode, seq, ntcode, amount, unit) VALUES (493,19,18,16,0,'g');
INSERT INTO nutrientdetail (ntdetailcode, fdcode, seq, ntcode, amount, unit) VALUES (494,19,19,17,0,'g');
INSERT INTO nutrientdetail (ntdetailcode, fdcode, seq, ntcode, amount, unit) VALUES (495,19,20,18,0,'g');
INSERT INTO nutrientdetail (ntdetailcode, fdcode, seq, ntcode, amount, unit) VALUES (496,19,21,19,0,'g');
INSERT INTO nutrientdetail (ntdetailcode, fdcode, seq, ntcode, amount, unit) VALUES (497,19,22,20,0,'g');
INSERT INTO nutrientdetail (ntdetailcode, fdcode, seq, ntcode, amount, unit) VALUES (498,19,23,21,0,'g');
INSERT INTO nutrientdetail (ntdetailcode, fdcode, seq, ntcode, amount, unit) VALUES (499,19,24,22,0,'g');
INSERT INTO nutrientdetail (ntdetailcode, fdcode, seq, ntcode, amount, unit) VALUES (500,19,25,25,0,'g');
INSERT INTO food (fdcode, fdtname, fdename, imageurl, fooddesc) VALUES (20,'ปลาซาบะในซอสมะเขือเทศ','Steamed saba in tomato sauce','https://assets.tops.co.th/ROZA-RozaBigSabainTomatoSauce220g-8850511121617-1','');
INSERT INTO foodcategorydetail (fcdetailcode, fdcode, seq, fccode) VALUES (41,20,1,1);
INSERT INTO foodcategorydetail (fcdetailcode, fdcode, seq, fccode) VALUES (42,20,2,2);
INSERT INTO nutrientdetail (ntdetailcode, fdcode, seq, ntcode, amount, unit) VALUES (501,20,1,1,187,'kcal');
INSERT INTO nutrientdetail (ntdetailcode, fdcode, seq, ntcode, amount, unit) VALUES (502,20,2,2,73.4,'g');
INSERT INTO nutrientdetail (ntdetailcode, fdcode, seq, ntcode, amount, unit) VALUES (503,20,3,3,16.7,'g');
INSERT INTO nutrientdetail (ntdetailcode, fdcode, seq, ntcode, amount, unit) VALUES (504,20,4,4,13.37,'g');
INSERT INTO nutrientdetail (ntdetailcode, fdcode, seq, ntcode, amount, unit) VALUES (505,20,5,5,0,'g');
INSERT INTO nutrientdetail (ntdetailcode, fdcode, seq, ntcode, amount, unit) VALUES (506,20,6,23,0,'g');
INSERT INTO nutrientdetail (ntdetailcode, fdcode, seq, ntcode, amount, unit) VALUES (507,20,7,24,1.32,'g');
INSERT INTO nutrientdetail (ntdetailcode, fdcode, seq, ntcode, amount, unit) VALUES (508,20,8,6,0,'g');
INSERT INTO nutrientdetail (ntdetailcode, fdcode, seq, ntcode, amount, unit) VALUES (509,20,9,7,0,'g');
INSERT INTO nutrientdetail (ntdetailcode, fdcode, seq, ntcode, amount, unit) VALUES (510,20,10,8,0,'g');
INSERT INTO nutrientdetail (ntdetailcode, fdcode, seq, ntcode, amount, unit) VALUES (511,20,11,9,0,'g');
INSERT INTO nutrientdetail (ntdetailcode, fdcode, seq, ntcode, amount, unit) VALUES (512,20,12,10,0,'g');
INSERT INTO nutrientdetail (ntdetailcode, fdcode, seq, ntcode, amount, unit) VALUES (513,20,13,11,0,'g');
INSERT INTO nutrientdetail (ntdetailcode, fdcode, seq, ntcode, amount, unit) VALUES (514,20,14,12,0,'g');
INSERT INTO nutrientdetail (ntdetailcode, fdcode, seq, ntcode, amount, unit) VALUES (515,20,15,13,0,'g');
INSERT INTO nutrientdetail (ntdetailcode, fdcode, seq, ntcode, amount, unit) VALUES (516,20,16,14,0,'g');
INSERT INTO nutrientdetail (ntdetailcode, fdcode, seq, ntcode, amount, unit) VALUES (517,20,17,15,0,'g');
INSERT INTO nutrientdetail (ntdetailcode, fdcode, seq, ntcode, amount, unit) VALUES (518,20,18,16,0,'g');
INSERT INTO nutrientdetail (ntdetailcode, fdcode, seq, ntcode, amount, unit) VALUES (519,20,19,17,0,'g');
INSERT INTO nutrientdetail (ntdetailcode, fdcode, seq, ntcode, amount, unit) VALUES (520,20,20,18,0,'g');
INSERT INTO nutrientdetail (ntdetailcode, fdcode, seq, ntcode, amount, unit) VALUES (521,20,21,19,0,'g');
INSERT INTO nutrientdetail (ntdetailcode, fdcode, seq, ntcode, amount, unit) VALUES (522,20,22,20,0,'g');
INSERT INTO nutrientdetail (ntdetailcode, fdcode, seq, ntcode, amount, unit) VALUES (523,20,23,21,0,'g');
INSERT INTO nutrientdetail (ntdetailcode, fdcode, seq, ntcode, amount, unit) VALUES (524,20,24,22,0,'g');
INSERT INTO nutrientdetail (ntdetailcode, fdcode, seq, ntcode, amount, unit) VALUES (525,20,25,25,0,'g');
INSERT INTO food (fdcode, fdtname, fdename, imageurl, fooddesc) VALUES (21,'ก๋วยเตี๊ยวผัดปูใส่ถั่วงอก','Rice noodles fried with crab and raw mun','https://f.ptcdn.info/229/059/000/pdll822hJN0c4JBIv4-o.jpg','');
INSERT INTO foodcategorydetail (fcdetailcode, fdcode, seq, fccode) VALUES (43,21,1,1);
INSERT INTO foodcategorydetail (fcdetailcode, fdcode, seq, fccode) VALUES (44,21,2,2);
INSERT INTO foodcategorydetail (fcdetailcode, fdcode, seq, fccode) VALUES (45,21,3,3);
INSERT INTO nutrientdetail (ntdetailcode, fdcode, seq, ntcode, amount, unit) VALUES (526,21,1,1,243,'kcal');
INSERT INTO nutrientdetail (ntdetailcode, fdcode, seq, ntcode, amount, unit) VALUES (527,21,2,2,44.9,'g');
INSERT INTO nutrientdetail (ntdetailcode, fdcode, seq, ntcode, amount, unit) VALUES (528,21,3,3,2.94,'g');
INSERT INTO nutrientdetail (ntdetailcode, fdcode, seq, ntcode, amount, unit) VALUES (529,21,4,4,6.12,'g');
INSERT INTO nutrientdetail (ntdetailcode, fdcode, seq, ntcode, amount, unit) VALUES (530,21,5,5,44.1,'g');
INSERT INTO nutrientdetail (ntdetailcode, fdcode, seq, ntcode, amount, unit) VALUES (531,21,6,23,0,'g');
INSERT INTO nutrientdetail (ntdetailcode, fdcode, seq, ntcode, amount, unit) VALUES (532,21,7,24,1.9,'g');
INSERT INTO nutrientdetail (ntdetailcode, fdcode, seq, ntcode, amount, unit) VALUES (533,21,8,6,54,'g');
INSERT INTO nutrientdetail (ntdetailcode, fdcode, seq, ntcode, amount, unit) VALUES (534,21,9,7,37,'g');
INSERT INTO nutrientdetail (ntdetailcode, fdcode, seq, ntcode, amount, unit) VALUES (535,21,10,8,23,'g');
INSERT INTO nutrientdetail (ntdetailcode, fdcode, seq, ntcode, amount, unit) VALUES (536,21,11,9,545,'g');
INSERT INTO nutrientdetail (ntdetailcode, fdcode, seq, ntcode, amount, unit) VALUES (537,21,12,10,135,'g');
INSERT INTO nutrientdetail (ntdetailcode, fdcode, seq, ntcode, amount, unit) VALUES (538,21,13,11,1.2,'g');
INSERT INTO nutrientdetail (ntdetailcode, fdcode, seq, ntcode, amount, unit) VALUES (539,21,14,12,0.37,'g');
INSERT INTO nutrientdetail (ntdetailcode, fdcode, seq, ntcode, amount, unit) VALUES (540,21,15,13,13,'g');
INSERT INTO nutrientdetail (ntdetailcode, fdcode, seq, ntcode, amount, unit) VALUES (541,21,16,14,20,'g');
INSERT INTO nutrientdetail (ntdetailcode, fdcode, seq, ntcode, amount, unit) VALUES (542,21,17,15,96,'g');
INSERT INTO nutrientdetail (ntdetailcode, fdcode, seq, ntcode, amount, unit) VALUES (543,21,18,16,0,'g');
INSERT INTO nutrientdetail (ntdetailcode, fdcode, seq, ntcode, amount, unit) VALUES (544,21,19,17,8,'g');
INSERT INTO nutrientdetail (ntdetailcode, fdcode, seq, ntcode, amount, unit) VALUES (545,21,20,18,0.01,'g');
INSERT INTO nutrientdetail (ntdetailcode, fdcode, seq, ntcode, amount, unit) VALUES (546,21,21,19,0.08,'g');
INSERT INTO nutrientdetail (ntdetailcode, fdcode, seq, ntcode, amount, unit) VALUES (547,21,22,20,1.33,'g');
INSERT INTO nutrientdetail (ntdetailcode, fdcode, seq, ntcode, amount, unit) VALUES (548,21,23,21,0,'g');
INSERT INTO nutrientdetail (ntdetailcode, fdcode, seq, ntcode, amount, unit) VALUES (549,21,24,22,74,'g');
INSERT INTO nutrientdetail (ntdetailcode, fdcode, seq, ntcode, amount, unit) VALUES (550,21,25,25,0,'g');
INSERT INTO food (fdcode, fdtname, fdename, imageurl, fooddesc) VALUES (22,'แกงขี้เหล็ก','Curry cassia leaves','https://wwwgreeneryorg2b5fd.zapwp.com/q:i/r:1/wp:1/w:412/u:https://greenery.org/wp-content/uploads/2019/10/KKR-04.jpg','');
INSERT INTO foodcategorydetail (fcdetailcode, fdcode, seq, fccode) VALUES (46,22,1,1);
INSERT INTO foodcategorydetail (fcdetailcode, fdcode, seq, fccode) VALUES (47,22,2,2);
INSERT INTO foodcategorydetail (fcdetailcode, fdcode, seq, fccode) VALUES (48,22,3,3);
INSERT INTO nutrientdetail (ntdetailcode, fdcode, seq, ntcode, amount, unit) VALUES (551,22,1,1,182,'kcal');
INSERT INTO nutrientdetail (ntdetailcode, fdcode, seq, ntcode, amount, unit) VALUES (552,22,2,2,81.8,'g');
INSERT INTO nutrientdetail (ntdetailcode, fdcode, seq, ntcode, amount, unit) VALUES (553,22,3,3,2.8,'g');
INSERT INTO nutrientdetail (ntdetailcode, fdcode, seq, ntcode, amount, unit) VALUES (554,22,4,4,19.02,'g');
INSERT INTO nutrientdetail (ntdetailcode, fdcode, seq, ntcode, amount, unit) VALUES (555,22,5,5,0,'g');
INSERT INTO nutrientdetail (ntdetailcode, fdcode, seq, ntcode, amount, unit) VALUES (556,22,6,23,0,'g');
INSERT INTO nutrientdetail (ntdetailcode, fdcode, seq, ntcode, amount, unit) VALUES (557,22,7,24,1.84,'g');
INSERT INTO nutrientdetail (ntdetailcode, fdcode, seq, ntcode, amount, unit) VALUES (558,22,8,6,32,'g');
INSERT INTO nutrientdetail (ntdetailcode, fdcode, seq, ntcode, amount, unit) VALUES (559,22,9,7,44,'g');
INSERT INTO nutrientdetail (ntdetailcode, fdcode, seq, ntcode, amount, unit) VALUES (560,22,10,8,20,'g');
INSERT INTO nutrientdetail (ntdetailcode, fdcode, seq, ntcode, amount, unit) VALUES (561,22,11,9,598,'g');
INSERT INTO nutrientdetail (ntdetailcode, fdcode, seq, ntcode, amount, unit) VALUES (562,22,12,10,142,'g');
INSERT INTO nutrientdetail (ntdetailcode, fdcode, seq, ntcode, amount, unit) VALUES (563,22,13,11,1,'g');
INSERT INTO nutrientdetail (ntdetailcode, fdcode, seq, ntcode, amount, unit) VALUES (564,22,14,12,0.16,'g');
INSERT INTO nutrientdetail (ntdetailcode, fdcode, seq, ntcode, amount, unit) VALUES (565,22,15,13,0.4,'g');
INSERT INTO nutrientdetail (ntdetailcode, fdcode, seq, ntcode, amount, unit) VALUES (566,22,16,14,8,'g');
INSERT INTO nutrientdetail (ntdetailcode, fdcode, seq, ntcode, amount, unit) VALUES (567,22,17,15,0,'g');
INSERT INTO nutrientdetail (ntdetailcode, fdcode, seq, ntcode, amount, unit) VALUES (568,22,18,16,0,'g');
INSERT INTO nutrientdetail (ntdetailcode, fdcode, seq, ntcode, amount, unit) VALUES (569,22,19,17,0,'g');
INSERT INTO nutrientdetail (ntdetailcode, fdcode, seq, ntcode, amount, unit) VALUES (570,22,20,18,0.05,'g');
INSERT INTO nutrientdetail (ntdetailcode, fdcode, seq, ntcode, amount, unit) VALUES (571,22,21,19,0.03,'g');
INSERT INTO nutrientdetail (ntdetailcode, fdcode, seq, ntcode, amount, unit) VALUES (572,22,22,20,1.09,'g');
INSERT INTO nutrientdetail (ntdetailcode, fdcode, seq, ntcode, amount, unit) VALUES (573,22,23,21,0,'g');
INSERT INTO nutrientdetail (ntdetailcode, fdcode, seq, ntcode, amount, unit) VALUES (574,22,24,22,0,'g');
INSERT INTO nutrientdetail (ntdetailcode, fdcode, seq, ntcode, amount, unit) VALUES (575,22,25,25,0,'g');
INSERT INTO food (fdcode, fdtname, fdename, imageurl, fooddesc) VALUES (23,'แกงเขียวหวานหมู','Green curry pork','https://f.ptcdn.info/145/047/000/ogfk3my5jHgqR0XI08N-o.jpg','');
INSERT INTO foodcategorydetail (fcdetailcode, fdcode, seq, fccode) VALUES (49,23,1,1);
INSERT INTO foodcategorydetail (fcdetailcode, fdcode, seq, fccode) VALUES (50,23,2,2);
INSERT INTO foodcategorydetail (fcdetailcode, fdcode, seq, fccode) VALUES (51,23,3,3);
INSERT INTO nutrientdetail (ntdetailcode, fdcode, seq, ntcode, amount, unit) VALUES (576,23,1,1,136,'kcal');
INSERT INTO nutrientdetail (ntdetailcode, fdcode, seq, ntcode, amount, unit) VALUES (577,23,2,2,82.7,'g');
INSERT INTO nutrientdetail (ntdetailcode, fdcode, seq, ntcode, amount, unit) VALUES (578,23,3,3,6.31,'g');
INSERT INTO nutrientdetail (ntdetailcode, fdcode, seq, ntcode, amount, unit) VALUES (579,23,4,4,12.32,'g');
INSERT INTO nutrientdetail (ntdetailcode, fdcode, seq, ntcode, amount, unit) VALUES (580,23,5,5,0,'g');
INSERT INTO nutrientdetail (ntdetailcode, fdcode, seq, ntcode, amount, unit) VALUES (581,23,6,23,0,'g');
INSERT INTO nutrientdetail (ntdetailcode, fdcode, seq, ntcode, amount, unit) VALUES (582,23,7,24,1.86,'g');
INSERT INTO nutrientdetail (ntdetailcode, fdcode, seq, ntcode, amount, unit) VALUES (583,23,8,6,15,'g');
INSERT INTO nutrientdetail (ntdetailcode, fdcode, seq, ntcode, amount, unit) VALUES (584,23,9,7,64,'g');
INSERT INTO nutrientdetail (ntdetailcode, fdcode, seq, ntcode, amount, unit) VALUES (585,23,10,8,23,'g');
INSERT INTO nutrientdetail (ntdetailcode, fdcode, seq, ntcode, amount, unit) VALUES (586,23,11,9,571,'g');
INSERT INTO nutrientdetail (ntdetailcode, fdcode, seq, ntcode, amount, unit) VALUES (587,23,12,10,242,'g');
INSERT INTO nutrientdetail (ntdetailcode, fdcode, seq, ntcode, amount, unit) VALUES (588,23,13,11,1.1,'g');
INSERT INTO nutrientdetail (ntdetailcode, fdcode, seq, ntcode, amount, unit) VALUES (589,23,14,12,0.16,'g');
INSERT INTO nutrientdetail (ntdetailcode, fdcode, seq, ntcode, amount, unit) VALUES (590,23,15,13,0.8,'g');
INSERT INTO nutrientdetail (ntdetailcode, fdcode, seq, ntcode, amount, unit) VALUES (591,23,16,14,12,'g');
INSERT INTO nutrientdetail (ntdetailcode, fdcode, seq, ntcode, amount, unit) VALUES (592,23,17,15,40,'g');
INSERT INTO nutrientdetail (ntdetailcode, fdcode, seq, ntcode, amount, unit) VALUES (593,23,18,16,0,'g');
INSERT INTO nutrientdetail (ntdetailcode, fdcode, seq, ntcode, amount, unit) VALUES (594,23,19,17,3,'g');
INSERT INTO nutrientdetail (ntdetailcode, fdcode, seq, ntcode, amount, unit) VALUES (595,23,20,18,0.12,'g');
INSERT INTO nutrientdetail (ntdetailcode, fdcode, seq, ntcode, amount, unit) VALUES (596,23,21,19,0.06,'g');
INSERT INTO nutrientdetail (ntdetailcode, fdcode, seq, ntcode, amount, unit) VALUES (597,23,22,20,3.32,'g');
INSERT INTO nutrientdetail (ntdetailcode, fdcode, seq, ntcode, amount, unit) VALUES (598,23,23,21,0,'g');
INSERT INTO nutrientdetail (ntdetailcode, fdcode, seq, ntcode, amount, unit) VALUES (599,23,24,22,0.2,'g');
INSERT INTO nutrientdetail (ntdetailcode, fdcode, seq, ntcode, amount, unit) VALUES (600,23,25,25,0,'g');
INSERT INTO food (fdcode, fdtname, fdename, imageurl, fooddesc) VALUES (24,'แกงบอน','Kang-bon','https://i.ytimg.com/vi/R0TAFwSMLFE/maxresdefault.jpg','');
INSERT INTO foodcategorydetail (fcdetailcode, fdcode, seq, fccode) VALUES (52,24,1,1);
INSERT INTO foodcategorydetail (fcdetailcode, fdcode, seq, fccode) VALUES (53,24,2,2);
INSERT INTO foodcategorydetail (fcdetailcode, fdcode, seq, fccode) VALUES (54,24,3,3);
INSERT INTO nutrientdetail (ntdetailcode, fdcode, seq, ntcode, amount, unit) VALUES (601,24,1,1,39,'kcal');
INSERT INTO nutrientdetail (ntdetailcode, fdcode, seq, ntcode, amount, unit) VALUES (602,24,2,2,88.2,'g');
INSERT INTO nutrientdetail (ntdetailcode, fdcode, seq, ntcode, amount, unit) VALUES (603,24,3,3,1.55,'g');
INSERT INTO nutrientdetail (ntdetailcode, fdcode, seq, ntcode, amount, unit) VALUES (604,24,4,4,0.32,'g');
INSERT INTO nutrientdetail (ntdetailcode, fdcode, seq, ntcode, amount, unit) VALUES (605,24,5,5,7.53,'g');
INSERT INTO nutrientdetail (ntdetailcode, fdcode, seq, ntcode, amount, unit) VALUES (606,24,6,23,0,'g');
INSERT INTO nutrientdetail (ntdetailcode, fdcode, seq, ntcode, amount, unit) VALUES (607,24,7,24,2.43,'g');
INSERT INTO nutrientdetail (ntdetailcode, fdcode, seq, ntcode, amount, unit) VALUES (608,24,8,6,5,'g');
INSERT INTO nutrientdetail (ntdetailcode, fdcode, seq, ntcode, amount, unit) VALUES (609,24,9,7,26,'g');
INSERT INTO nutrientdetail (ntdetailcode, fdcode, seq, ntcode, amount, unit) VALUES (610,24,10,8,15,'g');
INSERT INTO nutrientdetail (ntdetailcode, fdcode, seq, ntcode, amount, unit) VALUES (611,24,11,9,437,'g');
INSERT INTO nutrientdetail (ntdetailcode, fdcode, seq, ntcode, amount, unit) VALUES (612,24,12,10,152,'g');
INSERT INTO nutrientdetail (ntdetailcode, fdcode, seq, ntcode, amount, unit) VALUES (613,24,13,11,0.7,'g');
INSERT INTO nutrientdetail (ntdetailcode, fdcode, seq, ntcode, amount, unit) VALUES (614,24,14,12,0.09,'g');
INSERT INTO nutrientdetail (ntdetailcode, fdcode, seq, ntcode, amount, unit) VALUES (615,24,15,13,0.3,'g');
INSERT INTO nutrientdetail (ntdetailcode, fdcode, seq, ntcode, amount, unit) VALUES (616,24,16,14,54,'g');
INSERT INTO nutrientdetail (ntdetailcode, fdcode, seq, ntcode, amount, unit) VALUES (617,24,17,15,50,'g');
INSERT INTO nutrientdetail (ntdetailcode, fdcode, seq, ntcode, amount, unit) VALUES (618,24,18,16,0,'g');
INSERT INTO nutrientdetail (ntdetailcode, fdcode, seq, ntcode, amount, unit) VALUES (619,24,19,17,4,'g');
INSERT INTO nutrientdetail (ntdetailcode, fdcode, seq, ntcode, amount, unit) VALUES (620,24,20,18,0.03,'g');
INSERT INTO nutrientdetail (ntdetailcode, fdcode, seq, ntcode, amount, unit) VALUES (621,24,21,19,0.02,'g');
INSERT INTO nutrientdetail (ntdetailcode, fdcode, seq, ntcode, amount, unit) VALUES (622,24,22,20,1.74,'g');
INSERT INTO nutrientdetail (ntdetailcode, fdcode, seq, ntcode, amount, unit) VALUES (623,24,23,21,0,'g');
INSERT INTO nutrientdetail (ntdetailcode, fdcode, seq, ntcode, amount, unit) VALUES (624,24,24,22,0.22,'g');
INSERT INTO nutrientdetail (ntdetailcode, fdcode, seq, ntcode, amount, unit) VALUES (625,24,25,25,0,'g');
INSERT INTO food (fdcode, fdtname, fdename, imageurl, fooddesc) VALUES (25,'แกงส้มผักปลาช่อน','Kang-som vegetable and triped snakehead ','https://img.wongnai.com/p/1968x0/2022/12/16/9b1fa064d9774afb8e55587cde14254d.jpg','');
INSERT INTO foodcategorydetail (fcdetailcode, fdcode, seq, fccode) VALUES (55,25,1,1);
INSERT INTO foodcategorydetail (fcdetailcode, fdcode, seq, fccode) VALUES (56,25,2,2);
INSERT INTO foodcategorydetail (fcdetailcode, fdcode, seq, fccode) VALUES (57,25,3,3);
INSERT INTO nutrientdetail (ntdetailcode, fdcode, seq, ntcode, amount, unit) VALUES (626,25,1,1,24,'kcal');
INSERT INTO nutrientdetail (ntdetailcode, fdcode, seq, ntcode, amount, unit) VALUES (627,25,2,2,93.1,'g');
INSERT INTO nutrientdetail (ntdetailcode, fdcode, seq, ntcode, amount, unit) VALUES (628,25,3,3,1.96,'g');
INSERT INTO nutrientdetail (ntdetailcode, fdcode, seq, ntcode, amount, unit) VALUES (629,25,4,4,0.49,'g');
INSERT INTO nutrientdetail (ntdetailcode, fdcode, seq, ntcode, amount, unit) VALUES (630,25,5,5,2.91,'g');
INSERT INTO nutrientdetail (ntdetailcode, fdcode, seq, ntcode, amount, unit) VALUES (631,25,6,23,0,'g');
INSERT INTO nutrientdetail (ntdetailcode, fdcode, seq, ntcode, amount, unit) VALUES (632,25,7,24,1.54,'g');
INSERT INTO nutrientdetail (ntdetailcode, fdcode, seq, ntcode, amount, unit) VALUES (633,25,8,6,20,'g');
INSERT INTO nutrientdetail (ntdetailcode, fdcode, seq, ntcode, amount, unit) VALUES (634,25,9,7,27,'g');
INSERT INTO nutrientdetail (ntdetailcode, fdcode, seq, ntcode, amount, unit) VALUES (635,25,10,8,3,'g');
INSERT INTO nutrientdetail (ntdetailcode, fdcode, seq, ntcode, amount, unit) VALUES (636,25,11,9,509,'g');
INSERT INTO nutrientdetail (ntdetailcode, fdcode, seq, ntcode, amount, unit) VALUES (637,25,12,10,128,'g');
INSERT INTO nutrientdetail (ntdetailcode, fdcode, seq, ntcode, amount, unit) VALUES (638,25,13,11,1.1,'g');
INSERT INTO nutrientdetail (ntdetailcode, fdcode, seq, ntcode, amount, unit) VALUES (639,25,14,12,0.11,'g');
INSERT INTO nutrientdetail (ntdetailcode, fdcode, seq, ntcode, amount, unit) VALUES (640,25,15,13,1,'g');
INSERT INTO nutrientdetail (ntdetailcode, fdcode, seq, ntcode, amount, unit) VALUES (641,25,16,14,11,'g');
INSERT INTO nutrientdetail (ntdetailcode, fdcode, seq, ntcode, amount, unit) VALUES (642,25,17,15,34,'g');
INSERT INTO nutrientdetail (ntdetailcode, fdcode, seq, ntcode, amount, unit) VALUES (643,25,18,16,0,'g');
INSERT INTO nutrientdetail (ntdetailcode, fdcode, seq, ntcode, amount, unit) VALUES (644,25,19,17,3,'g');
INSERT INTO nutrientdetail (ntdetailcode, fdcode, seq, ntcode, amount, unit) VALUES (645,25,20,18,0.03,'g');
INSERT INTO nutrientdetail (ntdetailcode, fdcode, seq, ntcode, amount, unit) VALUES (646,25,21,19,0.04,'g');
INSERT INTO nutrientdetail (ntdetailcode, fdcode, seq, ntcode, amount, unit) VALUES (647,25,22,20,1.03,'g');
INSERT INTO nutrientdetail (ntdetailcode, fdcode, seq, ntcode, amount, unit) VALUES (648,25,23,21,0,'g');
INSERT INTO nutrientdetail (ntdetailcode, fdcode, seq, ntcode, amount, unit) VALUES (649,25,24,22,0.31,'g');
INSERT INTO nutrientdetail (ntdetailcode, fdcode, seq, ntcode, amount, unit) VALUES (650,25,25,25,0,'g');
INSERT INTO food (fdcode, fdtname, fdename, imageurl, fooddesc) VALUES (26,'แกงหมูชะมวง','Kang-moo-chamoung','https://img-global.cpcdn.com/recipes/40b9a48bc7d2bb1f/1200x630cq70/photo.jpg','');
INSERT INTO foodcategorydetail (fcdetailcode, fdcode, seq, fccode) VALUES (58,26,1,1);
INSERT INTO foodcategorydetail (fcdetailcode, fdcode, seq, fccode) VALUES (59,26,2,2);
INSERT INTO foodcategorydetail (fcdetailcode, fdcode, seq, fccode) VALUES (60,26,3,3);
INSERT INTO nutrientdetail (ntdetailcode, fdcode, seq, ntcode, amount, unit) VALUES (651,26,1,1,194,'kcal');
INSERT INTO nutrientdetail (ntdetailcode, fdcode, seq, ntcode, amount, unit) VALUES (652,26,2,2,56.6,'g');
INSERT INTO nutrientdetail (ntdetailcode, fdcode, seq, ntcode, amount, unit) VALUES (653,26,3,3,10.28,'g');
INSERT INTO nutrientdetail (ntdetailcode, fdcode, seq, ntcode, amount, unit) VALUES (654,26,4,4,6.5,'g');
INSERT INTO nutrientdetail (ntdetailcode, fdcode, seq, ntcode, amount, unit) VALUES (655,26,5,5,22.82,'g');
INSERT INTO nutrientdetail (ntdetailcode, fdcode, seq, ntcode, amount, unit) VALUES (656,26,6,23,2,'g');
INSERT INTO nutrientdetail (ntdetailcode, fdcode, seq, ntcode, amount, unit) VALUES (657,26,7,24,2.26,'g');
INSERT INTO nutrientdetail (ntdetailcode, fdcode, seq, ntcode, amount, unit) VALUES (658,26,8,6,44,'g');
INSERT INTO nutrientdetail (ntdetailcode, fdcode, seq, ntcode, amount, unit) VALUES (659,26,9,7,100,'g');
INSERT INTO nutrientdetail (ntdetailcode, fdcode, seq, ntcode, amount, unit) VALUES (660,26,10,8,27,'g');
INSERT INTO nutrientdetail (ntdetailcode, fdcode, seq, ntcode, amount, unit) VALUES (661,26,11,9,625,'g');
INSERT INTO nutrientdetail (ntdetailcode, fdcode, seq, ntcode, amount, unit) VALUES (662,26,12,10,249,'g');
INSERT INTO nutrientdetail (ntdetailcode, fdcode, seq, ntcode, amount, unit) VALUES (663,26,13,11,1.1,'g');
INSERT INTO nutrientdetail (ntdetailcode, fdcode, seq, ntcode, amount, unit) VALUES (664,26,14,12,0.19,'g');
INSERT INTO nutrientdetail (ntdetailcode, fdcode, seq, ntcode, amount, unit) VALUES (665,26,15,13,4.9,'g');
INSERT INTO nutrientdetail (ntdetailcode, fdcode, seq, ntcode, amount, unit) VALUES (666,26,16,14,70,'g');
INSERT INTO nutrientdetail (ntdetailcode, fdcode, seq, ntcode, amount, unit) VALUES (667,26,17,15,142,'g');
INSERT INTO nutrientdetail (ntdetailcode, fdcode, seq, ntcode, amount, unit) VALUES (668,26,18,16,0,'g');
INSERT INTO nutrientdetail (ntdetailcode, fdcode, seq, ntcode, amount, unit) VALUES (669,26,19,17,12,'g');
INSERT INTO nutrientdetail (ntdetailcode, fdcode, seq, ntcode, amount, unit) VALUES (670,26,20,18,0.03,'g');
INSERT INTO nutrientdetail (ntdetailcode, fdcode, seq, ntcode, amount, unit) VALUES (671,26,21,19,0.18,'g');
INSERT INTO nutrientdetail (ntdetailcode, fdcode, seq, ntcode, amount, unit) VALUES (672,26,22,20,2.85,'g');
INSERT INTO nutrientdetail (ntdetailcode, fdcode, seq, ntcode, amount, unit) VALUES (673,26,23,21,0,'g');
INSERT INTO nutrientdetail (ntdetailcode, fdcode, seq, ntcode, amount, unit) VALUES (674,26,24,22,0.61,'g');
INSERT INTO nutrientdetail (ntdetailcode, fdcode, seq, ntcode, amount, unit) VALUES (675,26,25,25,0,'g');
INSERT INTO food (fdcode, fdtname, fdename, imageurl, fooddesc) VALUES (27,'แกงหอยขม','Curry river snail','https://i.ytimg.com/vi/1EGsW2yJytc/maxresdefault.jpg','');
INSERT INTO foodcategorydetail (fcdetailcode, fdcode, seq, fccode) VALUES (61,27,1,1);
INSERT INTO foodcategorydetail (fcdetailcode, fdcode, seq, fccode) VALUES (62,27,2,2);
INSERT INTO foodcategorydetail (fcdetailcode, fdcode, seq, fccode) VALUES (63,27,3,3);
INSERT INTO nutrientdetail (ntdetailcode, fdcode, seq, ntcode, amount, unit) VALUES (676,27,1,1,129,'kcal');
INSERT INTO nutrientdetail (ntdetailcode, fdcode, seq, ntcode, amount, unit) VALUES (677,27,2,2,76.2,'g');
INSERT INTO nutrientdetail (ntdetailcode, fdcode, seq, ntcode, amount, unit) VALUES (678,27,3,3,5.46,'g');
INSERT INTO nutrientdetail (ntdetailcode, fdcode, seq, ntcode, amount, unit) VALUES (679,27,4,4,10,'g');
INSERT INTO nutrientdetail (ntdetailcode, fdcode, seq, ntcode, amount, unit) VALUES (680,27,5,5,2.39,'g');
INSERT INTO nutrientdetail (ntdetailcode, fdcode, seq, ntcode, amount, unit) VALUES (681,27,6,23,2,'g');
INSERT INTO nutrientdetail (ntdetailcode, fdcode, seq, ntcode, amount, unit) VALUES (682,27,7,24,3.87,'g');
INSERT INTO nutrientdetail (ntdetailcode, fdcode, seq, ntcode, amount, unit) VALUES (683,27,8,6,633,'g');
INSERT INTO nutrientdetail (ntdetailcode, fdcode, seq, ntcode, amount, unit) VALUES (684,27,9,7,69,'g');
INSERT INTO nutrientdetail (ntdetailcode, fdcode, seq, ntcode, amount, unit) VALUES (685,27,10,8,73,'g');
INSERT INTO nutrientdetail (ntdetailcode, fdcode, seq, ntcode, amount, unit) VALUES (686,27,11,9,618,'g');
INSERT INTO nutrientdetail (ntdetailcode, fdcode, seq, ntcode, amount, unit) VALUES (687,27,12,10,161,'g');
INSERT INTO nutrientdetail (ntdetailcode, fdcode, seq, ntcode, amount, unit) VALUES (688,27,13,11,16,'g');
INSERT INTO nutrientdetail (ntdetailcode, fdcode, seq, ntcode, amount, unit) VALUES (689,27,14,12,0.94,'g');
INSERT INTO nutrientdetail (ntdetailcode, fdcode, seq, ntcode, amount, unit) VALUES (690,27,15,13,2.5,'g');
INSERT INTO nutrientdetail (ntdetailcode, fdcode, seq, ntcode, amount, unit) VALUES (691,27,16,14,85,'g');
INSERT INTO nutrientdetail (ntdetailcode, fdcode, seq, ntcode, amount, unit) VALUES (692,27,17,15,184,'g');
INSERT INTO nutrientdetail (ntdetailcode, fdcode, seq, ntcode, amount, unit) VALUES (693,27,18,16,0,'g');
INSERT INTO nutrientdetail (ntdetailcode, fdcode, seq, ntcode, amount, unit) VALUES (694,27,19,17,15,'g');
INSERT INTO nutrientdetail (ntdetailcode, fdcode, seq, ntcode, amount, unit) VALUES (695,27,20,18,0.07,'g');
INSERT INTO nutrientdetail (ntdetailcode, fdcode, seq, ntcode, amount, unit) VALUES (696,27,21,19,0.16,'g');
INSERT INTO nutrientdetail (ntdetailcode, fdcode, seq, ntcode, amount, unit) VALUES (697,27,22,20,2.81,'g');
INSERT INTO nutrientdetail (ntdetailcode, fdcode, seq, ntcode, amount, unit) VALUES (698,27,23,21,0,'g');
INSERT INTO nutrientdetail (ntdetailcode, fdcode, seq, ntcode, amount, unit) VALUES (699,27,24,22,0.81,'g');
INSERT INTO nutrientdetail (ntdetailcode, fdcode, seq, ntcode, amount, unit) VALUES (700,27,25,25,0,'g');
INSERT INTO food (fdcode, fdtname, fdename, imageurl, fooddesc) VALUES (28,'ขนมจีนซาวน้ำ','Round rice noodles with coconut milk pin','https://img.wongnai.com/p/1920x0/2018/12/17/213ff8cc6acf4daca0f10f38854db298.jpg','');
INSERT INTO foodcategorydetail (fcdetailcode, fdcode, seq, fccode) VALUES (64,28,1,1);
INSERT INTO foodcategorydetail (fcdetailcode, fdcode, seq, fccode) VALUES (65,28,2,2);
INSERT INTO nutrientdetail (ntdetailcode, fdcode, seq, ntcode, amount, unit) VALUES (701,28,1,1,120,'kcal');
INSERT INTO nutrientdetail (ntdetailcode, fdcode, seq, ntcode, amount, unit) VALUES (702,28,2,2,74.9,'g');
INSERT INTO nutrientdetail (ntdetailcode, fdcode, seq, ntcode, amount, unit) VALUES (703,28,3,3,2.5,'g');
INSERT INTO nutrientdetail (ntdetailcode, fdcode, seq, ntcode, amount, unit) VALUES (704,28,4,4,4.6,'g');
INSERT INTO nutrientdetail (ntdetailcode, fdcode, seq, ntcode, amount, unit) VALUES (705,28,5,5,17,'g');
INSERT INTO nutrientdetail (ntdetailcode, fdcode, seq, ntcode, amount, unit) VALUES (706,28,6,23,0.1,'g');
INSERT INTO nutrientdetail (ntdetailcode, fdcode, seq, ntcode, amount, unit) VALUES (707,28,7,24,0.9,'g');
INSERT INTO nutrientdetail (ntdetailcode, fdcode, seq, ntcode, amount, unit) VALUES (708,28,8,6,143,'g');
INSERT INTO nutrientdetail (ntdetailcode, fdcode, seq, ntcode, amount, unit) VALUES (709,28,9,7,43,'g');
INSERT INTO nutrientdetail (ntdetailcode, fdcode, seq, ntcode, amount, unit) VALUES (710,28,10,8,0,'g');
INSERT INTO nutrientdetail (ntdetailcode, fdcode, seq, ntcode, amount, unit) VALUES (711,28,11,9,0,'g');
INSERT INTO nutrientdetail (ntdetailcode, fdcode, seq, ntcode, amount, unit) VALUES (712,28,12,10,0,'g');
INSERT INTO nutrientdetail (ntdetailcode, fdcode, seq, ntcode, amount, unit) VALUES (713,28,13,11,0.9,'g');
INSERT INTO nutrientdetail (ntdetailcode, fdcode, seq, ntcode, amount, unit) VALUES (714,28,14,12,0,'g');
INSERT INTO nutrientdetail (ntdetailcode, fdcode, seq, ntcode, amount, unit) VALUES (715,28,15,13,0,'g');
INSERT INTO nutrientdetail (ntdetailcode, fdcode, seq, ntcode, amount, unit) VALUES (716,28,16,14,0,'g');
INSERT INTO nutrientdetail (ntdetailcode, fdcode, seq, ntcode, amount, unit) VALUES (717,28,17,15,4,'g');
INSERT INTO nutrientdetail (ntdetailcode, fdcode, seq, ntcode, amount, unit) VALUES (718,28,18,16,0,'g');
INSERT INTO nutrientdetail (ntdetailcode, fdcode, seq, ntcode, amount, unit) VALUES (719,28,19,17,0,'g');
INSERT INTO nutrientdetail (ntdetailcode, fdcode, seq, ntcode, amount, unit) VALUES (720,28,20,18,0,'g');
INSERT INTO nutrientdetail (ntdetailcode, fdcode, seq, ntcode, amount, unit) VALUES (721,28,21,19,0.2,'g');
INSERT INTO nutrientdetail (ntdetailcode, fdcode, seq, ntcode, amount, unit) VALUES (722,28,22,20,1,'g');
INSERT INTO nutrientdetail (ntdetailcode, fdcode, seq, ntcode, amount, unit) VALUES (723,28,23,21,0,'g');
INSERT INTO nutrientdetail (ntdetailcode, fdcode, seq, ntcode, amount, unit) VALUES (724,28,24,22,0,'g');
INSERT INTO nutrientdetail (ntdetailcode, fdcode, seq, ntcode, amount, unit) VALUES (725,28,25,25,0,'g');
INSERT INTO food (fdcode, fdtname, fdename, imageurl, fooddesc) VALUES (29,'ขนมจีนน้ำพริก','Round rice noodles with shrimp mungbean ','https://img.kapook.com/u/wanwanat/Noodle-1.jpg','');
INSERT INTO foodcategorydetail (fcdetailcode, fdcode, seq, fccode) VALUES (66,29,1,1);
INSERT INTO foodcategorydetail (fcdetailcode, fdcode, seq, fccode) VALUES (67,29,2,2);
INSERT INTO nutrientdetail (ntdetailcode, fdcode, seq, ntcode, amount, unit) VALUES (726,29,1,1,168,'kcal');
INSERT INTO nutrientdetail (ntdetailcode, fdcode, seq, ntcode, amount, unit) VALUES (727,29,2,2,65.9,'g');
INSERT INTO nutrientdetail (ntdetailcode, fdcode, seq, ntcode, amount, unit) VALUES (728,29,3,3,3.58,'g');
INSERT INTO nutrientdetail (ntdetailcode, fdcode, seq, ntcode, amount, unit) VALUES (729,29,4,4,8.57,'g');
INSERT INTO nutrientdetail (ntdetailcode, fdcode, seq, ntcode, amount, unit) VALUES (730,29,5,5,19.06,'g');
INSERT INTO nutrientdetail (ntdetailcode, fdcode, seq, ntcode, amount, unit) VALUES (731,29,6,23,0,'g');
INSERT INTO nutrientdetail (ntdetailcode, fdcode, seq, ntcode, amount, unit) VALUES (732,29,7,24,2.87,'g');
INSERT INTO nutrientdetail (ntdetailcode, fdcode, seq, ntcode, amount, unit) VALUES (733,29,8,6,36,'g');
INSERT INTO nutrientdetail (ntdetailcode, fdcode, seq, ntcode, amount, unit) VALUES (734,29,9,7,61,'g');
INSERT INTO nutrientdetail (ntdetailcode, fdcode, seq, ntcode, amount, unit) VALUES (735,29,10,8,32,'g');
INSERT INTO nutrientdetail (ntdetailcode, fdcode, seq, ntcode, amount, unit) VALUES (736,29,11,9,413,'g');
INSERT INTO nutrientdetail (ntdetailcode, fdcode, seq, ntcode, amount, unit) VALUES (737,29,12,10,204,'g');
INSERT INTO nutrientdetail (ntdetailcode, fdcode, seq, ntcode, amount, unit) VALUES (738,29,13,11,1.1,'g');
INSERT INTO nutrientdetail (ntdetailcode, fdcode, seq, ntcode, amount, unit) VALUES (739,29,14,12,0.28,'g');
INSERT INTO nutrientdetail (ntdetailcode, fdcode, seq, ntcode, amount, unit) VALUES (740,29,15,13,0.5,'g');
INSERT INTO nutrientdetail (ntdetailcode, fdcode, seq, ntcode, amount, unit) VALUES (741,29,16,14,53,'g');
INSERT INTO nutrientdetail (ntdetailcode, fdcode, seq, ntcode, amount, unit) VALUES (742,29,17,15,111,'g');
INSERT INTO nutrientdetail (ntdetailcode, fdcode, seq, ntcode, amount, unit) VALUES (743,29,18,16,0,'g');
INSERT INTO nutrientdetail (ntdetailcode, fdcode, seq, ntcode, amount, unit) VALUES (744,29,19,17,9,'g');
INSERT INTO nutrientdetail (ntdetailcode, fdcode, seq, ntcode, amount, unit) VALUES (745,29,20,18,0.03,'g');
INSERT INTO nutrientdetail (ntdetailcode, fdcode, seq, ntcode, amount, unit) VALUES (746,29,21,19,0,'g');
INSERT INTO nutrientdetail (ntdetailcode, fdcode, seq, ntcode, amount, unit) VALUES (747,29,22,20,1.83,'g');
INSERT INTO nutrientdetail (ntdetailcode, fdcode, seq, ntcode, amount, unit) VALUES (748,29,23,21,0,'g');
INSERT INTO nutrientdetail (ntdetailcode, fdcode, seq, ntcode, amount, unit) VALUES (749,29,24,22,0.32,'g');
INSERT INTO nutrientdetail (ntdetailcode, fdcode, seq, ntcode, amount, unit) VALUES (750,29,25,25,0,'g');
INSERT INTO food (fdcode, fdtname, fdename, imageurl, fooddesc) VALUES (30,'ขนมจีนน้ำพริกรวมผัก','Round rice noodles with shrimp mungbean ','https://i.ytimg.com/vi/4sJV0OrcWk0/maxresdefault.jpg','');
INSERT INTO foodcategorydetail (fcdetailcode, fdcode, seq, fccode) VALUES (68,30,1,1);
INSERT INTO foodcategorydetail (fcdetailcode, fdcode, seq, fccode) VALUES (69,30,2,2);
INSERT INTO nutrientdetail (ntdetailcode, fdcode, seq, ntcode, amount, unit) VALUES (751,30,1,1,152,'kcal');
INSERT INTO nutrientdetail (ntdetailcode, fdcode, seq, ntcode, amount, unit) VALUES (752,30,2,2,68.2,'g');
INSERT INTO nutrientdetail (ntdetailcode, fdcode, seq, ntcode, amount, unit) VALUES (753,30,3,3,3.4,'g');
INSERT INTO nutrientdetail (ntdetailcode, fdcode, seq, ntcode, amount, unit) VALUES (754,30,4,4,6.6,'g');
INSERT INTO nutrientdetail (ntdetailcode, fdcode, seq, ntcode, amount, unit) VALUES (755,30,5,5,19.5,'g');
INSERT INTO nutrientdetail (ntdetailcode, fdcode, seq, ntcode, amount, unit) VALUES (756,30,6,23,0.3,'g');
INSERT INTO nutrientdetail (ntdetailcode, fdcode, seq, ntcode, amount, unit) VALUES (757,30,7,24,2,'g');
INSERT INTO nutrientdetail (ntdetailcode, fdcode, seq, ntcode, amount, unit) VALUES (758,30,8,6,32,'g');
INSERT INTO nutrientdetail (ntdetailcode, fdcode, seq, ntcode, amount, unit) VALUES (759,30,9,7,54,'g');
INSERT INTO nutrientdetail (ntdetailcode, fdcode, seq, ntcode, amount, unit) VALUES (760,30,10,8,0,'g');
INSERT INTO nutrientdetail (ntdetailcode, fdcode, seq, ntcode, amount, unit) VALUES (761,30,11,9,0,'g');
INSERT INTO nutrientdetail (ntdetailcode, fdcode, seq, ntcode, amount, unit) VALUES (762,30,12,10,0,'g');
INSERT INTO nutrientdetail (ntdetailcode, fdcode, seq, ntcode, amount, unit) VALUES (763,30,13,11,1.2,'g');
INSERT INTO nutrientdetail (ntdetailcode, fdcode, seq, ntcode, amount, unit) VALUES (764,30,14,12,0,'g');
INSERT INTO nutrientdetail (ntdetailcode, fdcode, seq, ntcode, amount, unit) VALUES (765,30,15,13,0,'g');
INSERT INTO nutrientdetail (ntdetailcode, fdcode, seq, ntcode, amount, unit) VALUES (766,30,16,14,51,'g');
INSERT INTO nutrientdetail (ntdetailcode, fdcode, seq, ntcode, amount, unit) VALUES (767,30,17,15,94,'g');
INSERT INTO nutrientdetail (ntdetailcode, fdcode, seq, ntcode, amount, unit) VALUES (768,30,18,16,0,'g');
INSERT INTO nutrientdetail (ntdetailcode, fdcode, seq, ntcode, amount, unit) VALUES (769,30,19,17,8,'g');
INSERT INTO nutrientdetail (ntdetailcode, fdcode, seq, ntcode, amount, unit) VALUES (770,30,20,18,0.02,'g');
INSERT INTO nutrientdetail (ntdetailcode, fdcode, seq, ntcode, amount, unit) VALUES (771,30,21,19,0.1,'g');
INSERT INTO nutrientdetail (ntdetailcode, fdcode, seq, ntcode, amount, unit) VALUES (772,30,22,20,1.5,'g');
INSERT INTO nutrientdetail (ntdetailcode, fdcode, seq, ntcode, amount, unit) VALUES (773,30,23,21,1,'g');
INSERT INTO nutrientdetail (ntdetailcode, fdcode, seq, ntcode, amount, unit) VALUES (774,30,24,22,0.32,'g');
INSERT INTO nutrientdetail (ntdetailcode, fdcode, seq, ntcode, amount, unit) VALUES (775,30,25,25,0,'g');
INSERT INTO food (fdcode, fdtname, fdename, imageurl, fooddesc) VALUES (31,'ขนมจีนน้ำยา','Round rice noodles with fish curry and c','https://img.wongnai.com/p/1920x0/2019/02/18/b5a6f26e61b0419f942c6aa099bd1bf7.jpg','');
INSERT INTO foodcategorydetail (fcdetailcode, fdcode, seq, fccode) VALUES (70,31,1,1);
INSERT INTO foodcategorydetail (fcdetailcode, fdcode, seq, fccode) VALUES (71,31,2,2);
INSERT INTO nutrientdetail (ntdetailcode, fdcode, seq, ntcode, amount, unit) VALUES (776,31,1,1,95,'kcal');
INSERT INTO nutrientdetail (ntdetailcode, fdcode, seq, ntcode, amount, unit) VALUES (777,31,2,2,81.8,'g');
INSERT INTO nutrientdetail (ntdetailcode, fdcode, seq, ntcode, amount, unit) VALUES (778,31,3,3,2.4,'g');
INSERT INTO nutrientdetail (ntdetailcode, fdcode, seq, ntcode, amount, unit) VALUES (779,31,4,4,5.4,'g');
INSERT INTO nutrientdetail (ntdetailcode, fdcode, seq, ntcode, amount, unit) VALUES (780,31,5,5,9.07,'g');
INSERT INTO nutrientdetail (ntdetailcode, fdcode, seq, ntcode, amount, unit) VALUES (781,31,6,23,0,'g');
INSERT INTO nutrientdetail (ntdetailcode, fdcode, seq, ntcode, amount, unit) VALUES (782,31,7,24,1.33,'g');
INSERT INTO nutrientdetail (ntdetailcode, fdcode, seq, ntcode, amount, unit) VALUES (783,31,8,6,21,'g');
INSERT INTO nutrientdetail (ntdetailcode, fdcode, seq, ntcode, amount, unit) VALUES (784,31,9,7,35,'g');
INSERT INTO nutrientdetail (ntdetailcode, fdcode, seq, ntcode, amount, unit) VALUES (785,31,10,8,18,'g');
INSERT INTO nutrientdetail (ntdetailcode, fdcode, seq, ntcode, amount, unit) VALUES (786,31,11,9,436,'g');
INSERT INTO nutrientdetail (ntdetailcode, fdcode, seq, ntcode, amount, unit) VALUES (787,31,12,10,165,'g');
INSERT INTO nutrientdetail (ntdetailcode, fdcode, seq, ntcode, amount, unit) VALUES (788,31,13,11,1,'g');
INSERT INTO nutrientdetail (ntdetailcode, fdcode, seq, ntcode, amount, unit) VALUES (789,31,14,12,0.13,'g');
INSERT INTO nutrientdetail (ntdetailcode, fdcode, seq, ntcode, amount, unit) VALUES (790,31,15,13,0,'g');
INSERT INTO nutrientdetail (ntdetailcode, fdcode, seq, ntcode, amount, unit) VALUES (791,31,16,14,21,'g');
INSERT INTO nutrientdetail (ntdetailcode, fdcode, seq, ntcode, amount, unit) VALUES (792,31,17,15,42,'g');
INSERT INTO nutrientdetail (ntdetailcode, fdcode, seq, ntcode, amount, unit) VALUES (793,31,18,16,0,'g');
INSERT INTO nutrientdetail (ntdetailcode, fdcode, seq, ntcode, amount, unit) VALUES (794,31,19,17,4,'g');
INSERT INTO nutrientdetail (ntdetailcode, fdcode, seq, ntcode, amount, unit) VALUES (795,31,20,18,0.03,'g');
INSERT INTO nutrientdetail (ntdetailcode, fdcode, seq, ntcode, amount, unit) VALUES (796,31,21,19,0.04,'g');
INSERT INTO nutrientdetail (ntdetailcode, fdcode, seq, ntcode, amount, unit) VALUES (797,31,22,20,0.99,'g');
INSERT INTO nutrientdetail (ntdetailcode, fdcode, seq, ntcode, amount, unit) VALUES (798,31,23,21,0,'g');
INSERT INTO nutrientdetail (ntdetailcode, fdcode, seq, ntcode, amount, unit) VALUES (799,31,24,22,0.08,'g');
INSERT INTO nutrientdetail (ntdetailcode, fdcode, seq, ntcode, amount, unit) VALUES (800,31,25,25,0,'g');
INSERT INTO food (fdcode, fdtname, fdename, imageurl, fooddesc) VALUES (32,'ขนมจีนน้ำยารวมผัก','Round rice noodles with fish curry and c','https://img.kapook.com/u/2017/surauch/cooking/q1_5.jpg','');
INSERT INTO foodcategorydetail (fcdetailcode, fdcode, seq, fccode) VALUES (72,32,1,1);
INSERT INTO foodcategorydetail (fcdetailcode, fdcode, seq, fccode) VALUES (73,32,2,2);
INSERT INTO nutrientdetail (ntdetailcode, fdcode, seq, ntcode, amount, unit) VALUES (801,32,1,1,80,'kcal');
INSERT INTO nutrientdetail (ntdetailcode, fdcode, seq, ntcode, amount, unit) VALUES (802,32,2,2,83,'g');
INSERT INTO nutrientdetail (ntdetailcode, fdcode, seq, ntcode, amount, unit) VALUES (803,32,3,3,2.7,'g');
INSERT INTO nutrientdetail (ntdetailcode, fdcode, seq, ntcode, amount, unit) VALUES (804,32,4,4,3.6,'g');
INSERT INTO nutrientdetail (ntdetailcode, fdcode, seq, ntcode, amount, unit) VALUES (805,32,5,5,9.2,'g');
INSERT INTO nutrientdetail (ntdetailcode, fdcode, seq, ntcode, amount, unit) VALUES (806,32,6,23,0.2,'g');
INSERT INTO nutrientdetail (ntdetailcode, fdcode, seq, ntcode, amount, unit) VALUES (807,32,7,24,1.3,'g');
INSERT INTO nutrientdetail (ntdetailcode, fdcode, seq, ntcode, amount, unit) VALUES (808,32,8,6,40,'g');
INSERT INTO nutrientdetail (ntdetailcode, fdcode, seq, ntcode, amount, unit) VALUES (809,32,9,7,41,'g');
INSERT INTO nutrientdetail (ntdetailcode, fdcode, seq, ntcode, amount, unit) VALUES (810,32,10,8,0,'g');
INSERT INTO nutrientdetail (ntdetailcode, fdcode, seq, ntcode, amount, unit) VALUES (811,32,11,9,0,'g');
INSERT INTO nutrientdetail (ntdetailcode, fdcode, seq, ntcode, amount, unit) VALUES (812,32,12,10,0,'g');
INSERT INTO nutrientdetail (ntdetailcode, fdcode, seq, ntcode, amount, unit) VALUES (813,32,13,11,0.6,'g');
INSERT INTO nutrientdetail (ntdetailcode, fdcode, seq, ntcode, amount, unit) VALUES (814,32,14,12,0,'g');
INSERT INTO nutrientdetail (ntdetailcode, fdcode, seq, ntcode, amount, unit) VALUES (815,32,15,13,0,'g');
INSERT INTO nutrientdetail (ntdetailcode, fdcode, seq, ntcode, amount, unit) VALUES (816,32,16,14,22,'g');
INSERT INTO nutrientdetail (ntdetailcode, fdcode, seq, ntcode, amount, unit) VALUES (817,32,17,15,53,'g');
INSERT INTO nutrientdetail (ntdetailcode, fdcode, seq, ntcode, amount, unit) VALUES (818,32,18,16,0,'g');
INSERT INTO nutrientdetail (ntdetailcode, fdcode, seq, ntcode, amount, unit) VALUES (819,32,19,17,9,'g');
INSERT INTO nutrientdetail (ntdetailcode, fdcode, seq, ntcode, amount, unit) VALUES (820,32,20,18,0.02,'g');
INSERT INTO nutrientdetail (ntdetailcode, fdcode, seq, ntcode, amount, unit) VALUES (821,32,21,19,0.11,'g');
INSERT INTO nutrientdetail (ntdetailcode, fdcode, seq, ntcode, amount, unit) VALUES (822,32,22,20,1,'g');
INSERT INTO nutrientdetail (ntdetailcode, fdcode, seq, ntcode, amount, unit) VALUES (823,32,23,21,0,'g');
INSERT INTO nutrientdetail (ntdetailcode, fdcode, seq, ntcode, amount, unit) VALUES (824,32,24,22,0.08,'g');
INSERT INTO nutrientdetail (ntdetailcode, fdcode, seq, ntcode, amount, unit) VALUES (825,32,25,25,0,'g');
INSERT INTO food (fdcode, fdtname, fdename, imageurl, fooddesc) VALUES (33,'ขนมจีนน้ำยาป่า','Round rice nooldes with fish curry witho','https://s359.kapook.com/pagebuilder/fa4a8a78-9d57-46a4-b8e4-9139574dd68e.jpg','');
INSERT INTO foodcategorydetail (fcdetailcode, fdcode, seq, fccode) VALUES (74,33,1,1);
INSERT INTO foodcategorydetail (fcdetailcode, fdcode, seq, fccode) VALUES (75,33,2,2);
INSERT INTO nutrientdetail (ntdetailcode, fdcode, seq, ntcode, amount, unit) VALUES (826,33,1,1,66,'kcal');
INSERT INTO nutrientdetail (ntdetailcode, fdcode, seq, ntcode, amount, unit) VALUES (827,33,2,2,82.8,'g');
INSERT INTO nutrientdetail (ntdetailcode, fdcode, seq, ntcode, amount, unit) VALUES (828,33,3,3,1.96,'g');
INSERT INTO nutrientdetail (ntdetailcode, fdcode, seq, ntcode, amount, unit) VALUES (829,33,4,4,0.63,'g');
INSERT INTO nutrientdetail (ntdetailcode, fdcode, seq, ntcode, amount, unit) VALUES (830,33,5,5,13.12,'g');
INSERT INTO nutrientdetail (ntdetailcode, fdcode, seq, ntcode, amount, unit) VALUES (831,33,6,23,0,'g');
INSERT INTO nutrientdetail (ntdetailcode, fdcode, seq, ntcode, amount, unit) VALUES (832,33,7,24,1.49,'g');
INSERT INTO nutrientdetail (ntdetailcode, fdcode, seq, ntcode, amount, unit) VALUES (833,33,8,6,17,'g');
INSERT INTO nutrientdetail (ntdetailcode, fdcode, seq, ntcode, amount, unit) VALUES (834,33,9,7,33,'g');
INSERT INTO nutrientdetail (ntdetailcode, fdcode, seq, ntcode, amount, unit) VALUES (835,33,10,8,16,'g');
INSERT INTO nutrientdetail (ntdetailcode, fdcode, seq, ntcode, amount, unit) VALUES (836,33,11,9,499,'g');
INSERT INTO nutrientdetail (ntdetailcode, fdcode, seq, ntcode, amount, unit) VALUES (837,33,12,10,129,'g');
INSERT INTO nutrientdetail (ntdetailcode, fdcode, seq, ntcode, amount, unit) VALUES (838,33,13,11,1.4,'g');
INSERT INTO nutrientdetail (ntdetailcode, fdcode, seq, ntcode, amount, unit) VALUES (839,33,14,12,0.22,'g');
INSERT INTO nutrientdetail (ntdetailcode, fdcode, seq, ntcode, amount, unit) VALUES (840,33,15,13,9.7,'g');
INSERT INTO nutrientdetail (ntdetailcode, fdcode, seq, ntcode, amount, unit) VALUES (841,33,16,14,19,'g');
INSERT INTO nutrientdetail (ntdetailcode, fdcode, seq, ntcode, amount, unit) VALUES (842,33,17,15,0,'g');
INSERT INTO nutrientdetail (ntdetailcode, fdcode, seq, ntcode, amount, unit) VALUES (843,33,18,16,0,'g');
INSERT INTO nutrientdetail (ntdetailcode, fdcode, seq, ntcode, amount, unit) VALUES (844,33,19,17,0,'g');
INSERT INTO nutrientdetail (ntdetailcode, fdcode, seq, ntcode, amount, unit) VALUES (845,33,20,18,0.02,'g');
INSERT INTO nutrientdetail (ntdetailcode, fdcode, seq, ntcode, amount, unit) VALUES (846,33,21,19,0.04,'g');
INSERT INTO nutrientdetail (ntdetailcode, fdcode, seq, ntcode, amount, unit) VALUES (847,33,22,20,1.47,'g');
INSERT INTO nutrientdetail (ntdetailcode, fdcode, seq, ntcode, amount, unit) VALUES (848,33,23,21,0,'g');
INSERT INTO nutrientdetail (ntdetailcode, fdcode, seq, ntcode, amount, unit) VALUES (849,33,24,22,0.09,'g');
INSERT INTO nutrientdetail (ntdetailcode, fdcode, seq, ntcode, amount, unit) VALUES (850,33,25,25,0,'g');
INSERT INTO food (fdcode, fdtname, fdename, imageurl, fooddesc) VALUES (34,'ซุปหน่อไม้','Bamboo shoot salad','https://img-global.cpcdn.com/recipes/303352aef14aa6f5/1200x630cq70/photo.jpg','');
INSERT INTO foodcategorydetail (fcdetailcode, fdcode, seq, fccode) VALUES (76,34,1,1);
INSERT INTO foodcategorydetail (fcdetailcode, fdcode, seq, fccode) VALUES (77,34,2,2);
INSERT INTO foodcategorydetail (fcdetailcode, fdcode, seq, fccode) VALUES (78,34,3,3);
INSERT INTO nutrientdetail (ntdetailcode, fdcode, seq, ntcode, amount, unit) VALUES (851,34,1,1,41,'kcal');
INSERT INTO nutrientdetail (ntdetailcode, fdcode, seq, ntcode, amount, unit) VALUES (852,34,2,2,88.5,'g');
INSERT INTO nutrientdetail (ntdetailcode, fdcode, seq, ntcode, amount, unit) VALUES (853,34,3,3,2.5,'g');
INSERT INTO nutrientdetail (ntdetailcode, fdcode, seq, ntcode, amount, unit) VALUES (854,34,4,4,0.8,'g');
INSERT INTO nutrientdetail (ntdetailcode, fdcode, seq, ntcode, amount, unit) VALUES (855,34,5,5,6,'g');
INSERT INTO nutrientdetail (ntdetailcode, fdcode, seq, ntcode, amount, unit) VALUES (856,34,6,23,1,'g');
INSERT INTO nutrientdetail (ntdetailcode, fdcode, seq, ntcode, amount, unit) VALUES (857,34,7,24,2.2,'g');
INSERT INTO nutrientdetail (ntdetailcode, fdcode, seq, ntcode, amount, unit) VALUES (858,34,8,6,251,'g');
INSERT INTO nutrientdetail (ntdetailcode, fdcode, seq, ntcode, amount, unit) VALUES (859,34,9,7,31,'g');
INSERT INTO nutrientdetail (ntdetailcode, fdcode, seq, ntcode, amount, unit) VALUES (860,34,10,8,0,'g');
INSERT INTO nutrientdetail (ntdetailcode, fdcode, seq, ntcode, amount, unit) VALUES (861,34,11,9,0,'g');
INSERT INTO nutrientdetail (ntdetailcode, fdcode, seq, ntcode, amount, unit) VALUES (862,34,12,10,0,'g');
INSERT INTO nutrientdetail (ntdetailcode, fdcode, seq, ntcode, amount, unit) VALUES (863,34,13,11,1.3,'g');
INSERT INTO nutrientdetail (ntdetailcode, fdcode, seq, ntcode, amount, unit) VALUES (864,34,14,12,0,'g');
INSERT INTO nutrientdetail (ntdetailcode, fdcode, seq, ntcode, amount, unit) VALUES (865,34,15,13,0,'g');
INSERT INTO nutrientdetail (ntdetailcode, fdcode, seq, ntcode, amount, unit) VALUES (866,34,16,14,0,'g');
INSERT INTO nutrientdetail (ntdetailcode, fdcode, seq, ntcode, amount, unit) VALUES (867,34,17,15,95,'g');
INSERT INTO nutrientdetail (ntdetailcode, fdcode, seq, ntcode, amount, unit) VALUES (868,34,18,16,0,'g');
INSERT INTO nutrientdetail (ntdetailcode, fdcode, seq, ntcode, amount, unit) VALUES (869,34,19,17,8,'g');
INSERT INTO nutrientdetail (ntdetailcode, fdcode, seq, ntcode, amount, unit) VALUES (870,34,20,18,0,'g');
INSERT INTO nutrientdetail (ntdetailcode, fdcode, seq, ntcode, amount, unit) VALUES (871,34,21,19,0.08,'g');
INSERT INTO nutrientdetail (ntdetailcode, fdcode, seq, ntcode, amount, unit) VALUES (872,34,22,20,0.4,'g');
INSERT INTO nutrientdetail (ntdetailcode, fdcode, seq, ntcode, amount, unit) VALUES (873,34,23,21,1,'g');
INSERT INTO nutrientdetail (ntdetailcode, fdcode, seq, ntcode, amount, unit) VALUES (874,34,24,22,0,'g');
INSERT INTO nutrientdetail (ntdetailcode, fdcode, seq, ntcode, amount, unit) VALUES (875,34,25,25,0,'g');
INSERT INTO food (fdcode, fdtname, fdename, imageurl, fooddesc) VALUES (35,'เต้าเจี้ยวหลน','Preserved soy bean dip','https://img.wongnai.com/p/1920x0/2020/06/18/5c6635bda6e04cb19a4b0827a1ade1da.jpg','');
INSERT INTO foodcategorydetail (fcdetailcode, fdcode, seq, fccode) VALUES (79,35,1,1);
INSERT INTO foodcategorydetail (fcdetailcode, fdcode, seq, fccode) VALUES (80,35,2,2);
INSERT INTO foodcategorydetail (fcdetailcode, fdcode, seq, fccode) VALUES (81,35,3,3);
INSERT INTO nutrientdetail (ntdetailcode, fdcode, seq, ntcode, amount, unit) VALUES (876,35,1,1,72,'kcal');
INSERT INTO nutrientdetail (ntdetailcode, fdcode, seq, ntcode, amount, unit) VALUES (877,35,2,2,83.6,'g');
INSERT INTO nutrientdetail (ntdetailcode, fdcode, seq, ntcode, amount, unit) VALUES (878,35,3,3,3.52,'g');
INSERT INTO nutrientdetail (ntdetailcode, fdcode, seq, ntcode, amount, unit) VALUES (879,35,4,4,2.94,'g');
INSERT INTO nutrientdetail (ntdetailcode, fdcode, seq, ntcode, amount, unit) VALUES (880,35,5,5,7.95,'g');
INSERT INTO nutrientdetail (ntdetailcode, fdcode, seq, ntcode, amount, unit) VALUES (881,35,6,23,0,'g');
INSERT INTO nutrientdetail (ntdetailcode, fdcode, seq, ntcode, amount, unit) VALUES (882,35,7,24,2.03,'g');
INSERT INTO nutrientdetail (ntdetailcode, fdcode, seq, ntcode, amount, unit) VALUES (883,35,8,6,29,'g');
INSERT INTO nutrientdetail (ntdetailcode, fdcode, seq, ntcode, amount, unit) VALUES (884,35,9,7,61,'g');
INSERT INTO nutrientdetail (ntdetailcode, fdcode, seq, ntcode, amount, unit) VALUES (885,35,10,8,32,'g');
INSERT INTO nutrientdetail (ntdetailcode, fdcode, seq, ntcode, amount, unit) VALUES (886,35,11,9,576,'g');
INSERT INTO nutrientdetail (ntdetailcode, fdcode, seq, ntcode, amount, unit) VALUES (887,35,12,10,274,'g');
INSERT INTO nutrientdetail (ntdetailcode, fdcode, seq, ntcode, amount, unit) VALUES (888,35,13,11,1.7,'g');
INSERT INTO nutrientdetail (ntdetailcode, fdcode, seq, ntcode, amount, unit) VALUES (889,35,14,12,0.26,'g');
INSERT INTO nutrientdetail (ntdetailcode, fdcode, seq, ntcode, amount, unit) VALUES (890,35,15,13,0.8,'g');
INSERT INTO nutrientdetail (ntdetailcode, fdcode, seq, ntcode, amount, unit) VALUES (891,35,16,14,14,'g');
INSERT INTO nutrientdetail (ntdetailcode, fdcode, seq, ntcode, amount, unit) VALUES (892,35,17,15,529,'g');
INSERT INTO nutrientdetail (ntdetailcode, fdcode, seq, ntcode, amount, unit) VALUES (893,35,18,16,0,'g');
INSERT INTO nutrientdetail (ntdetailcode, fdcode, seq, ntcode, amount, unit) VALUES (894,35,19,17,44,'g');
INSERT INTO nutrientdetail (ntdetailcode, fdcode, seq, ntcode, amount, unit) VALUES (895,35,20,18,0.02,'g');
INSERT INTO nutrientdetail (ntdetailcode, fdcode, seq, ntcode, amount, unit) VALUES (896,35,21,19,0.06,'g');
INSERT INTO nutrientdetail (ntdetailcode, fdcode, seq, ntcode, amount, unit) VALUES (897,35,22,20,0.82,'g');
INSERT INTO nutrientdetail (ntdetailcode, fdcode, seq, ntcode, amount, unit) VALUES (898,35,23,21,0,'g');
INSERT INTO nutrientdetail (ntdetailcode, fdcode, seq, ntcode, amount, unit) VALUES (899,35,24,22,0.53,'g');
INSERT INTO nutrientdetail (ntdetailcode, fdcode, seq, ntcode, amount, unit) VALUES (900,35,25,25,0,'g');
INSERT INTO food (fdcode, fdtname, fdename, imageurl, fooddesc) VALUES (36,'ผักลวกน้ำพริกปลาร้า','Nmaprik-pla-ra with blanched vegetable','https://img-global.cpcdn.com/recipes/57be7fcf590029f0/680x482cq70/%E0%B8%A3%E0%B8%9B-%E0%B8%AB%E0%B8%A5%E0%B8%81-%E0%B8%82%E0%B8%AD%E0%B8%87-%E0%B8%AA%E0%B8%95%E0%B8%A3-%E0%B8%99%E0%B8%B3%E0%B8%9E%E0%B8%A3%E0%B8%81%E0%B8%9B%E0%B8%A5%E0%B8%B2%E0%B8%A3','');
INSERT INTO foodcategorydetail (fcdetailcode, fdcode, seq, fccode) VALUES (82,36,1,1);
INSERT INTO foodcategorydetail (fcdetailcode, fdcode, seq, fccode) VALUES (83,36,2,2);
INSERT INTO foodcategorydetail (fcdetailcode, fdcode, seq, fccode) VALUES (84,36,3,3);
INSERT INTO nutrientdetail (ntdetailcode, fdcode, seq, ntcode, amount, unit) VALUES (901,36,1,1,88,'kcal');
INSERT INTO nutrientdetail (ntdetailcode, fdcode, seq, ntcode, amount, unit) VALUES (902,36,2,2,87.3,'g');
INSERT INTO nutrientdetail (ntdetailcode, fdcode, seq, ntcode, amount, unit) VALUES (903,36,3,3,3.42,'g');
INSERT INTO nutrientdetail (ntdetailcode, fdcode, seq, ntcode, amount, unit) VALUES (904,36,4,4,7.99,'g');
INSERT INTO nutrientdetail (ntdetailcode, fdcode, seq, ntcode, amount, unit) VALUES (905,36,5,5,0,'g');
INSERT INTO nutrientdetail (ntdetailcode, fdcode, seq, ntcode, amount, unit) VALUES (906,36,6,23,1.31,'g');
INSERT INTO nutrientdetail (ntdetailcode, fdcode, seq, ntcode, amount, unit) VALUES (907,36,7,24,2.26,'g');
INSERT INTO nutrientdetail (ntdetailcode, fdcode, seq, ntcode, amount, unit) VALUES (908,36,8,6,48,'g');
INSERT INTO nutrientdetail (ntdetailcode, fdcode, seq, ntcode, amount, unit) VALUES (909,36,9,7,55,'g');
INSERT INTO nutrientdetail (ntdetailcode, fdcode, seq, ntcode, amount, unit) VALUES (910,36,10,8,27,'g');
INSERT INTO nutrientdetail (ntdetailcode, fdcode, seq, ntcode, amount, unit) VALUES (911,36,11,9,697,'g');
INSERT INTO nutrientdetail (ntdetailcode, fdcode, seq, ntcode, amount, unit) VALUES (912,36,12,10,212,'g');
INSERT INTO nutrientdetail (ntdetailcode, fdcode, seq, ntcode, amount, unit) VALUES (913,36,13,11,2,'g');
INSERT INTO nutrientdetail (ntdetailcode, fdcode, seq, ntcode, amount, unit) VALUES (914,36,14,12,0.22,'g');
INSERT INTO nutrientdetail (ntdetailcode, fdcode, seq, ntcode, amount, unit) VALUES (915,36,15,13,0.4,'g');
INSERT INTO nutrientdetail (ntdetailcode, fdcode, seq, ntcode, amount, unit) VALUES (916,36,16,14,17,'g');
INSERT INTO nutrientdetail (ntdetailcode, fdcode, seq, ntcode, amount, unit) VALUES (917,36,17,15,90,'g');
INSERT INTO nutrientdetail (ntdetailcode, fdcode, seq, ntcode, amount, unit) VALUES (918,36,18,16,0,'g');
INSERT INTO nutrientdetail (ntdetailcode, fdcode, seq, ntcode, amount, unit) VALUES (919,36,19,17,7,'g');
INSERT INTO nutrientdetail (ntdetailcode, fdcode, seq, ntcode, amount, unit) VALUES (920,36,20,18,0.05,'g');
INSERT INTO nutrientdetail (ntdetailcode, fdcode, seq, ntcode, amount, unit) VALUES (921,36,21,19,0.06,'g');
INSERT INTO nutrientdetail (ntdetailcode, fdcode, seq, ntcode, amount, unit) VALUES (922,36,22,20,2.09,'g');
INSERT INTO nutrientdetail (ntdetailcode, fdcode, seq, ntcode, amount, unit) VALUES (923,36,23,21,0,'g');
INSERT INTO nutrientdetail (ntdetailcode, fdcode, seq, ntcode, amount, unit) VALUES (924,36,24,22,0.59,'g');
INSERT INTO nutrientdetail (ntdetailcode, fdcode, seq, ntcode, amount, unit) VALUES (925,36,25,25,0,'g');
INSERT INTO food (fdcode, fdtname, fdename, imageurl, fooddesc) VALUES (37,'ห่อหมกปลาช่อนใบยอ','Snakehead fish with curry and indian-mul','https://i.ytimg.com/vi/9ngfoKZWQ9A/maxresdefault.jpg','');
INSERT INTO foodcategorydetail (fcdetailcode, fdcode, seq, fccode) VALUES (85,37,1,1);
INSERT INTO foodcategorydetail (fcdetailcode, fdcode, seq, fccode) VALUES (86,37,2,2);
INSERT INTO nutrientdetail (ntdetailcode, fdcode, seq, ntcode, amount, unit) VALUES (926,37,1,1,126,'kcal');
INSERT INTO nutrientdetail (ntdetailcode, fdcode, seq, ntcode, amount, unit) VALUES (927,37,2,2,81.3,'g');
INSERT INTO nutrientdetail (ntdetailcode, fdcode, seq, ntcode, amount, unit) VALUES (928,37,3,3,9.9,'g');
INSERT INTO nutrientdetail (ntdetailcode, fdcode, seq, ntcode, amount, unit) VALUES (929,37,4,4,9.6,'g');
INSERT INTO nutrientdetail (ntdetailcode, fdcode, seq, ntcode, amount, unit) VALUES (930,37,5,5,0,'g');
INSERT INTO nutrientdetail (ntdetailcode, fdcode, seq, ntcode, amount, unit) VALUES (931,37,6,23,0,'g');
INSERT INTO nutrientdetail (ntdetailcode, fdcode, seq, ntcode, amount, unit) VALUES (932,37,7,24,1.94,'g');
INSERT INTO nutrientdetail (ntdetailcode, fdcode, seq, ntcode, amount, unit) VALUES (933,37,8,6,132,'g');
INSERT INTO nutrientdetail (ntdetailcode, fdcode, seq, ntcode, amount, unit) VALUES (934,37,9,7,76,'g');
INSERT INTO nutrientdetail (ntdetailcode, fdcode, seq, ntcode, amount, unit) VALUES (935,37,10,8,42,'g');
INSERT INTO nutrientdetail (ntdetailcode, fdcode, seq, ntcode, amount, unit) VALUES (936,37,11,9,417,'g');
INSERT INTO nutrientdetail (ntdetailcode, fdcode, seq, ntcode, amount, unit) VALUES (937,37,12,10,252,'g');
INSERT INTO nutrientdetail (ntdetailcode, fdcode, seq, ntcode, amount, unit) VALUES (938,37,13,11,1.7,'g');
INSERT INTO nutrientdetail (ntdetailcode, fdcode, seq, ntcode, amount, unit) VALUES (939,37,14,12,0.28,'g');
INSERT INTO nutrientdetail (ntdetailcode, fdcode, seq, ntcode, amount, unit) VALUES (940,37,15,13,0.7,'g');
INSERT INTO nutrientdetail (ntdetailcode, fdcode, seq, ntcode, amount, unit) VALUES (941,37,16,14,53,'g');
INSERT INTO nutrientdetail (ntdetailcode, fdcode, seq, ntcode, amount, unit) VALUES (942,37,17,15,8787,'g');
INSERT INTO nutrientdetail (ntdetailcode, fdcode, seq, ntcode, amount, unit) VALUES (943,37,18,16,0,'g');
INSERT INTO nutrientdetail (ntdetailcode, fdcode, seq, ntcode, amount, unit) VALUES (944,37,19,17,732,'g');
INSERT INTO nutrientdetail (ntdetailcode, fdcode, seq, ntcode, amount, unit) VALUES (945,37,20,18,0,'g');
INSERT INTO nutrientdetail (ntdetailcode, fdcode, seq, ntcode, amount, unit) VALUES (946,37,21,19,0.07,'g');
INSERT INTO nutrientdetail (ntdetailcode, fdcode, seq, ntcode, amount, unit) VALUES (947,37,22,20,3.75,'g');
INSERT INTO nutrientdetail (ntdetailcode, fdcode, seq, ntcode, amount, unit) VALUES (948,37,23,21,0,'g');
INSERT INTO nutrientdetail (ntdetailcode, fdcode, seq, ntcode, amount, unit) VALUES (949,37,24,22,2.21,'g');
INSERT INTO nutrientdetail (ntdetailcode, fdcode, seq, ntcode, amount, unit) VALUES (950,37,25,25,0,'g');
INSERT INTO food (fdcode, fdtname, fdename, imageurl, fooddesc) VALUES (38,'ข้าวขาหมู','','https://img.wongnai.com/p/1920x0/2020/06/14/47888461f85344e49c077fbc4126a568.jpg','');
INSERT INTO foodcategorydetail (fcdetailcode, fdcode, seq, fccode) VALUES (87,38,1,1);
INSERT INTO foodcategorydetail (fcdetailcode, fdcode, seq, fccode) VALUES (88,38,2,2);
INSERT INTO nutrientdetail (ntdetailcode, fdcode, seq, ntcode, amount, unit) VALUES (951,38,1,1,152,'kcal');
INSERT INTO nutrientdetail (ntdetailcode, fdcode, seq, ntcode, amount, unit) VALUES (952,38,2,2,68.1,'g');
INSERT INTO nutrientdetail (ntdetailcode, fdcode, seq, ntcode, amount, unit) VALUES (953,38,3,3,6.7,'g');
INSERT INTO nutrientdetail (ntdetailcode, fdcode, seq, ntcode, amount, unit) VALUES (954,38,4,4,5.7,'g');
INSERT INTO nutrientdetail (ntdetailcode, fdcode, seq, ntcode, amount, unit) VALUES (955,38,5,5,18.5,'g');
INSERT INTO nutrientdetail (ntdetailcode, fdcode, seq, ntcode, amount, unit) VALUES (956,38,6,23,0.2,'g');
INSERT INTO nutrientdetail (ntdetailcode, fdcode, seq, ntcode, amount, unit) VALUES (957,38,7,24,1,'g');
INSERT INTO nutrientdetail (ntdetailcode, fdcode, seq, ntcode, amount, unit) VALUES (958,38,8,6,236,'g');
INSERT INTO nutrientdetail (ntdetailcode, fdcode, seq, ntcode, amount, unit) VALUES (959,38,9,7,43,'g');
INSERT INTO nutrientdetail (ntdetailcode, fdcode, seq, ntcode, amount, unit) VALUES (960,38,10,8,0,'g');
INSERT INTO nutrientdetail (ntdetailcode, fdcode, seq, ntcode, amount, unit) VALUES (961,38,11,9,0,'g');
INSERT INTO nutrientdetail (ntdetailcode, fdcode, seq, ntcode, amount, unit) VALUES (962,38,12,10,0,'g');
INSERT INTO nutrientdetail (ntdetailcode, fdcode, seq, ntcode, amount, unit) VALUES (963,38,13,11,0.01,'g');
INSERT INTO nutrientdetail (ntdetailcode, fdcode, seq, ntcode, amount, unit) VALUES (964,38,14,12,0,'g');
INSERT INTO nutrientdetail (ntdetailcode, fdcode, seq, ntcode, amount, unit) VALUES (965,38,15,13,0,'g');
INSERT INTO nutrientdetail (ntdetailcode, fdcode, seq, ntcode, amount, unit) VALUES (966,38,16,14,0,'g');
INSERT INTO nutrientdetail (ntdetailcode, fdcode, seq, ntcode, amount, unit) VALUES (967,38,17,15,33,'g');
INSERT INTO nutrientdetail (ntdetailcode, fdcode, seq, ntcode, amount, unit) VALUES (968,38,18,16,0,'g');
INSERT INTO nutrientdetail (ntdetailcode, fdcode, seq, ntcode, amount, unit) VALUES (969,38,19,17,3,'g');
INSERT INTO nutrientdetail (ntdetailcode, fdcode, seq, ntcode, amount, unit) VALUES (970,38,20,18,0.08,'g');
INSERT INTO nutrientdetail (ntdetailcode, fdcode, seq, ntcode, amount, unit) VALUES (971,38,21,19,0.21,'g');
INSERT INTO nutrientdetail (ntdetailcode, fdcode, seq, ntcode, amount, unit) VALUES (972,38,22,20,1,'g');
INSERT INTO nutrientdetail (ntdetailcode, fdcode, seq, ntcode, amount, unit) VALUES (973,38,23,21,0,'g');
INSERT INTO nutrientdetail (ntdetailcode, fdcode, seq, ntcode, amount, unit) VALUES (974,38,24,22,0,'g');
INSERT INTO nutrientdetail (ntdetailcode, fdcode, seq, ntcode, amount, unit) VALUES (975,38,25,25,0,'g');
INSERT INTO food (fdcode, fdtname, fdename, imageurl, fooddesc) VALUES (39,'ข้าวคลุกกะปิ','','https://img.wongnai.com/p/1920x0/2019/11/18/8b043347d97041b6bfa6f042bc7cf541.jpg','');
INSERT INTO foodcategorydetail (fcdetailcode, fdcode, seq, fccode) VALUES (89,39,1,1);
INSERT INTO foodcategorydetail (fcdetailcode, fdcode, seq, fccode) VALUES (90,39,2,2);
INSERT INTO nutrientdetail (ntdetailcode, fdcode, seq, ntcode, amount, unit) VALUES (976,39,1,1,191,'kcal');
INSERT INTO nutrientdetail (ntdetailcode, fdcode, seq, ntcode, amount, unit) VALUES (977,39,2,2,59.5,'g');
INSERT INTO nutrientdetail (ntdetailcode, fdcode, seq, ntcode, amount, unit) VALUES (978,39,3,3,6.61,'g');
INSERT INTO nutrientdetail (ntdetailcode, fdcode, seq, ntcode, amount, unit) VALUES (979,39,4,4,7.11,'g');
INSERT INTO nutrientdetail (ntdetailcode, fdcode, seq, ntcode, amount, unit) VALUES (980,39,5,5,25.21,'g');
INSERT INTO nutrientdetail (ntdetailcode, fdcode, seq, ntcode, amount, unit) VALUES (981,39,6,23,0.2,'g');
INSERT INTO nutrientdetail (ntdetailcode, fdcode, seq, ntcode, amount, unit) VALUES (982,39,7,24,1.6,'g');
INSERT INTO nutrientdetail (ntdetailcode, fdcode, seq, ntcode, amount, unit) VALUES (983,39,8,6,44,'g');
INSERT INTO nutrientdetail (ntdetailcode, fdcode, seq, ntcode, amount, unit) VALUES (984,39,9,7,83,'g');
INSERT INTO nutrientdetail (ntdetailcode, fdcode, seq, ntcode, amount, unit) VALUES (985,39,10,8,17,'g');
INSERT INTO nutrientdetail (ntdetailcode, fdcode, seq, ntcode, amount, unit) VALUES (986,39,11,9,615,'g');
INSERT INTO nutrientdetail (ntdetailcode, fdcode, seq, ntcode, amount, unit) VALUES (987,39,12,10,160,'g');
INSERT INTO nutrientdetail (ntdetailcode, fdcode, seq, ntcode, amount, unit) VALUES (988,39,13,11,0.3,'g');
INSERT INTO nutrientdetail (ntdetailcode, fdcode, seq, ntcode, amount, unit) VALUES (989,39,14,12,0,'g');
INSERT INTO nutrientdetail (ntdetailcode, fdcode, seq, ntcode, amount, unit) VALUES (990,39,15,13,0,'g');
INSERT INTO nutrientdetail (ntdetailcode, fdcode, seq, ntcode, amount, unit) VALUES (991,39,16,14,0,'g');
INSERT INTO nutrientdetail (ntdetailcode, fdcode, seq, ntcode, amount, unit) VALUES (992,39,17,15,19,'g');
INSERT INTO nutrientdetail (ntdetailcode, fdcode, seq, ntcode, amount, unit) VALUES (993,39,18,16,0,'g');
INSERT INTO nutrientdetail (ntdetailcode, fdcode, seq, ntcode, amount, unit) VALUES (994,39,19,17,2,'g');
INSERT INTO nutrientdetail (ntdetailcode, fdcode, seq, ntcode, amount, unit) VALUES (995,39,20,18,0.08,'g');
INSERT INTO nutrientdetail (ntdetailcode, fdcode, seq, ntcode, amount, unit) VALUES (996,39,21,19,0.24,'g');
INSERT INTO nutrientdetail (ntdetailcode, fdcode, seq, ntcode, amount, unit) VALUES (997,39,22,20,1.2,'g');
INSERT INTO nutrientdetail (ntdetailcode, fdcode, seq, ntcode, amount, unit) VALUES (998,39,23,21,0,'g');
INSERT INTO nutrientdetail (ntdetailcode, fdcode, seq, ntcode, amount, unit) VALUES (999,39,24,22,0,'g');
INSERT INTO nutrientdetail (ntdetailcode, fdcode, seq, ntcode, amount, unit) VALUES (1000,39,25,25,0,'g');
INSERT INTO food (fdcode, fdtname, fdename, imageurl, fooddesc) VALUES (40,'ข้าวผัดหมู','','https://s359.kapook.com/pagebuilder/3dfc9eae-e6b7-484a-9cbc-280067076ce4.jpg','');
INSERT INTO foodcategorydetail (fcdetailcode, fdcode, seq, fccode) VALUES (91,40,1,1);
INSERT INTO foodcategorydetail (fcdetailcode, fdcode, seq, fccode) VALUES (92,40,2,2);
INSERT INTO nutrientdetail (ntdetailcode, fdcode, seq, ntcode, amount, unit) VALUES (1001,40,1,1,181,'kcal');
INSERT INTO nutrientdetail (ntdetailcode, fdcode, seq, ntcode, amount, unit) VALUES (1002,40,2,2,64,'g');
INSERT INTO nutrientdetail (ntdetailcode, fdcode, seq, ntcode, amount, unit) VALUES (1003,40,3,3,6.01,'g');
INSERT INTO nutrientdetail (ntdetailcode, fdcode, seq, ntcode, amount, unit) VALUES (1004,40,4,4,8.2,'g');
INSERT INTO nutrientdetail (ntdetailcode, fdcode, seq, ntcode, amount, unit) VALUES (1005,40,5,5,20.79,'g');
INSERT INTO nutrientdetail (ntdetailcode, fdcode, seq, ntcode, amount, unit) VALUES (1006,40,6,23,0.2,'g');
INSERT INTO nutrientdetail (ntdetailcode, fdcode, seq, ntcode, amount, unit) VALUES (1007,40,7,24,1,'g');
INSERT INTO nutrientdetail (ntdetailcode, fdcode, seq, ntcode, amount, unit) VALUES (1008,40,8,6,57,'g');
INSERT INTO nutrientdetail (ntdetailcode, fdcode, seq, ntcode, amount, unit) VALUES (1009,40,9,7,70,'g');
INSERT INTO nutrientdetail (ntdetailcode, fdcode, seq, ntcode, amount, unit) VALUES (1010,40,10,8,9,'g');
INSERT INTO nutrientdetail (ntdetailcode, fdcode, seq, ntcode, amount, unit) VALUES (1011,40,11,9,288,'g');
INSERT INTO nutrientdetail (ntdetailcode, fdcode, seq, ntcode, amount, unit) VALUES (1012,40,12,10,67,'g');
INSERT INTO nutrientdetail (ntdetailcode, fdcode, seq, ntcode, amount, unit) VALUES (1013,40,13,11,0.5,'g');
INSERT INTO nutrientdetail (ntdetailcode, fdcode, seq, ntcode, amount, unit) VALUES (1014,40,14,12,0,'g');
INSERT INTO nutrientdetail (ntdetailcode, fdcode, seq, ntcode, amount, unit) VALUES (1015,40,15,13,0,'g');
INSERT INTO nutrientdetail (ntdetailcode, fdcode, seq, ntcode, amount, unit) VALUES (1016,40,16,14,0,'g');
INSERT INTO nutrientdetail (ntdetailcode, fdcode, seq, ntcode, amount, unit) VALUES (1017,40,17,15,124,'g');
INSERT INTO nutrientdetail (ntdetailcode, fdcode, seq, ntcode, amount, unit) VALUES (1018,40,18,16,0,'g');
INSERT INTO nutrientdetail (ntdetailcode, fdcode, seq, ntcode, amount, unit) VALUES (1019,40,19,17,10,'g');
INSERT INTO nutrientdetail (ntdetailcode, fdcode, seq, ntcode, amount, unit) VALUES (1020,40,20,18,0.02,'g');
INSERT INTO nutrientdetail (ntdetailcode, fdcode, seq, ntcode, amount, unit) VALUES (1021,40,21,19,0.25,'g');
INSERT INTO nutrientdetail (ntdetailcode, fdcode, seq, ntcode, amount, unit) VALUES (1022,40,22,20,1.9,'g');
INSERT INTO nutrientdetail (ntdetailcode, fdcode, seq, ntcode, amount, unit) VALUES (1023,40,23,21,0,'g');
INSERT INTO nutrientdetail (ntdetailcode, fdcode, seq, ntcode, amount, unit) VALUES (1024,40,24,22,0,'g');
INSERT INTO nutrientdetail (ntdetailcode, fdcode, seq, ntcode, amount, unit) VALUES (1025,40,25,25,0,'g');
INSERT INTO food (fdcode, fdtname, fdename, imageurl, fooddesc) VALUES (41,'ข้าวมันไก่','','https://thainipponfoods.com/wp-content/uploads/2022/05/rice-steamed-with-chicken-breast-2-1024x609.jpg','');
INSERT INTO foodcategorydetail (fcdetailcode, fdcode, seq, fccode) VALUES (93,41,1,1);
INSERT INTO foodcategorydetail (fcdetailcode, fdcode, seq, fccode) VALUES (94,41,2,2);
INSERT INTO nutrientdetail (ntdetailcode, fdcode, seq, ntcode, amount, unit) VALUES (1026,41,1,1,219,'kcal');
INSERT INTO nutrientdetail (ntdetailcode, fdcode, seq, ntcode, amount, unit) VALUES (1027,41,2,2,55.9,'g');
INSERT INTO nutrientdetail (ntdetailcode, fdcode, seq, ntcode, amount, unit) VALUES (1028,41,3,3,5.36,'g');
INSERT INTO nutrientdetail (ntdetailcode, fdcode, seq, ntcode, amount, unit) VALUES (1029,41,4,4,9.51,'g');
INSERT INTO nutrientdetail (ntdetailcode, fdcode, seq, ntcode, amount, unit) VALUES (1030,41,5,5,28.01,'g');
INSERT INTO nutrientdetail (ntdetailcode, fdcode, seq, ntcode, amount, unit) VALUES (1031,41,6,23,0,'g');
INSERT INTO nutrientdetail (ntdetailcode, fdcode, seq, ntcode, amount, unit) VALUES (1032,41,7,24,1.24,'g');
INSERT INTO nutrientdetail (ntdetailcode, fdcode, seq, ntcode, amount, unit) VALUES (1033,41,8,6,64,'g');
INSERT INTO nutrientdetail (ntdetailcode, fdcode, seq, ntcode, amount, unit) VALUES (1034,41,9,7,48,'g');
INSERT INTO nutrientdetail (ntdetailcode, fdcode, seq, ntcode, amount, unit) VALUES (1035,41,10,8,11,'g');
INSERT INTO nutrientdetail (ntdetailcode, fdcode, seq, ntcode, amount, unit) VALUES (1036,41,11,9,483,'g');
INSERT INTO nutrientdetail (ntdetailcode, fdcode, seq, ntcode, amount, unit) VALUES (1037,41,12,10,82,'g');
INSERT INTO nutrientdetail (ntdetailcode, fdcode, seq, ntcode, amount, unit) VALUES (1038,41,13,11,1.2,'g');
INSERT INTO nutrientdetail (ntdetailcode, fdcode, seq, ntcode, amount, unit) VALUES (1039,41,14,12,0,'g');
INSERT INTO nutrientdetail (ntdetailcode, fdcode, seq, ntcode, amount, unit) VALUES (1040,41,15,13,0,'g');
INSERT INTO nutrientdetail (ntdetailcode, fdcode, seq, ntcode, amount, unit) VALUES (1041,41,16,14,0,'g');
INSERT INTO nutrientdetail (ntdetailcode, fdcode, seq, ntcode, amount, unit) VALUES (1042,41,17,15,14,'g');
INSERT INTO nutrientdetail (ntdetailcode, fdcode, seq, ntcode, amount, unit) VALUES (1043,41,18,16,0,'g');
INSERT INTO nutrientdetail (ntdetailcode, fdcode, seq, ntcode, amount, unit) VALUES (1044,41,19,17,1,'g');
INSERT INTO nutrientdetail (ntdetailcode, fdcode, seq, ntcode, amount, unit) VALUES (1045,41,20,18,0.01,'g');
INSERT INTO nutrientdetail (ntdetailcode, fdcode, seq, ntcode, amount, unit) VALUES (1046,41,21,19,0.03,'g');
INSERT INTO nutrientdetail (ntdetailcode, fdcode, seq, ntcode, amount, unit) VALUES (1047,41,22,20,1,'g');
INSERT INTO nutrientdetail (ntdetailcode, fdcode, seq, ntcode, amount, unit) VALUES (1048,41,23,21,0,'g');
INSERT INTO nutrientdetail (ntdetailcode, fdcode, seq, ntcode, amount, unit) VALUES (1049,41,24,22,0,'g');
INSERT INTO nutrientdetail (ntdetailcode, fdcode, seq, ntcode, amount, unit) VALUES (1050,41,25,25,0,'g');
INSERT INTO food (fdcode, fdtname, fdename, imageurl, fooddesc) VALUES (42,'ข้าวราดแกงเขียวหวานไก่','','https://img-global.cpcdn.com/recipes/f5fe8c89a3fee5f7/680x482cq70/%E0%B8%A3%E0%B8%9B-%E0%B8%AB%E0%B8%A5%E0%B8%81-%E0%B8%82%E0%B8%AD%E0%B8%87-%E0%B8%AA%E0%B8%95%E0%B8%A3-%E0%B8%9C%E0%B8%94%E0%B9%80%E0%B8%82%E0%B8%A2%E0%B8%A7%E0%B8%AB%E0%B8%A7%E0%B8%B2','');
INSERT INTO foodcategorydetail (fcdetailcode, fdcode, seq, fccode) VALUES (95,42,1,1);
INSERT INTO foodcategorydetail (fcdetailcode, fdcode, seq, fccode) VALUES (96,42,2,2);
INSERT INTO nutrientdetail (ntdetailcode, fdcode, seq, ntcode, amount, unit) VALUES (1051,42,1,1,133,'kcal');
INSERT INTO nutrientdetail (ntdetailcode, fdcode, seq, ntcode, amount, unit) VALUES (1052,42,2,2,70.9,'g');
INSERT INTO nutrientdetail (ntdetailcode, fdcode, seq, ntcode, amount, unit) VALUES (1053,42,3,3,5.22,'g');
INSERT INTO nutrientdetail (ntdetailcode, fdcode, seq, ntcode, amount, unit) VALUES (1054,42,4,4,3.9,'g');
INSERT INTO nutrientdetail (ntdetailcode, fdcode, seq, ntcode, amount, unit) VALUES (1055,42,5,5,19.25,'g');
INSERT INTO nutrientdetail (ntdetailcode, fdcode, seq, ntcode, amount, unit) VALUES (1056,42,6,23,0.4,'g');
INSERT INTO nutrientdetail (ntdetailcode, fdcode, seq, ntcode, amount, unit) VALUES (1057,42,7,24,0.73,'g');
INSERT INTO nutrientdetail (ntdetailcode, fdcode, seq, ntcode, amount, unit) VALUES (1058,42,8,6,62,'g');
INSERT INTO nutrientdetail (ntdetailcode, fdcode, seq, ntcode, amount, unit) VALUES (1059,42,9,7,89,'g');
INSERT INTO nutrientdetail (ntdetailcode, fdcode, seq, ntcode, amount, unit) VALUES (1060,42,10,8,10,'g');
INSERT INTO nutrientdetail (ntdetailcode, fdcode, seq, ntcode, amount, unit) VALUES (1061,42,11,9,170,'g');
INSERT INTO nutrientdetail (ntdetailcode, fdcode, seq, ntcode, amount, unit) VALUES (1062,42,12,10,80,'g');
INSERT INTO nutrientdetail (ntdetailcode, fdcode, seq, ntcode, amount, unit) VALUES (1063,42,13,11,0.1,'g');
INSERT INTO nutrientdetail (ntdetailcode, fdcode, seq, ntcode, amount, unit) VALUES (1064,42,14,12,0,'g');
INSERT INTO nutrientdetail (ntdetailcode, fdcode, seq, ntcode, amount, unit) VALUES (1065,42,15,13,0,'g');
INSERT INTO nutrientdetail (ntdetailcode, fdcode, seq, ntcode, amount, unit) VALUES (1066,42,16,14,0,'g');
INSERT INTO nutrientdetail (ntdetailcode, fdcode, seq, ntcode, amount, unit) VALUES (1067,42,17,15,7,'g');
INSERT INTO nutrientdetail (ntdetailcode, fdcode, seq, ntcode, amount, unit) VALUES (1068,42,18,16,20,'g');
INSERT INTO nutrientdetail (ntdetailcode, fdcode, seq, ntcode, amount, unit) VALUES (1069,42,19,17,21,'g');
INSERT INTO nutrientdetail (ntdetailcode, fdcode, seq, ntcode, amount, unit) VALUES (1070,42,20,18,0.07,'g');
INSERT INTO nutrientdetail (ntdetailcode, fdcode, seq, ntcode, amount, unit) VALUES (1071,42,21,19,0.13,'g');
INSERT INTO nutrientdetail (ntdetailcode, fdcode, seq, ntcode, amount, unit) VALUES (1072,42,22,20,1.9,'g');
INSERT INTO nutrientdetail (ntdetailcode, fdcode, seq, ntcode, amount, unit) VALUES (1073,42,23,21,1,'g');
INSERT INTO nutrientdetail (ntdetailcode, fdcode, seq, ntcode, amount, unit) VALUES (1074,42,24,22,0,'g');
INSERT INTO nutrientdetail (ntdetailcode, fdcode, seq, ntcode, amount, unit) VALUES (1075,42,25,25,0,'g');
INSERT INTO food (fdcode, fdtname, fdename, imageurl, fooddesc) VALUES (43,'ข้าวราดแกงคั่วกลิ้งหมู','','https://img.wongnai.com/p/1920x0/2021/07/14/41316976cd6e45fe80fac4ad864f5af2.jpg','');
INSERT INTO foodcategorydetail (fcdetailcode, fdcode, seq, fccode) VALUES (97,43,1,1);
INSERT INTO foodcategorydetail (fcdetailcode, fdcode, seq, fccode) VALUES (98,43,2,2);
INSERT INTO nutrientdetail (ntdetailcode, fdcode, seq, ntcode, amount, unit) VALUES (1076,43,1,1,159,'kcal');
INSERT INTO nutrientdetail (ntdetailcode, fdcode, seq, ntcode, amount, unit) VALUES (1077,43,2,2,65.2,'g');
INSERT INTO nutrientdetail (ntdetailcode, fdcode, seq, ntcode, amount, unit) VALUES (1078,43,3,3,3.93,'g');
INSERT INTO nutrientdetail (ntdetailcode, fdcode, seq, ntcode, amount, unit) VALUES (1079,43,4,4,4.71,'g');
INSERT INTO nutrientdetail (ntdetailcode, fdcode, seq, ntcode, amount, unit) VALUES (1080,43,5,5,25.13,'g');
INSERT INTO nutrientdetail (ntdetailcode, fdcode, seq, ntcode, amount, unit) VALUES (1081,43,6,23,0,'g');
INSERT INTO nutrientdetail (ntdetailcode, fdcode, seq, ntcode, amount, unit) VALUES (1082,43,7,24,1.02,'g');
INSERT INTO nutrientdetail (ntdetailcode, fdcode, seq, ntcode, amount, unit) VALUES (1083,43,8,6,12,'g');
INSERT INTO nutrientdetail (ntdetailcode, fdcode, seq, ntcode, amount, unit) VALUES (1084,43,9,7,84,'g');
INSERT INTO nutrientdetail (ntdetailcode, fdcode, seq, ntcode, amount, unit) VALUES (1085,43,10,8,17,'g');
INSERT INTO nutrientdetail (ntdetailcode, fdcode, seq, ntcode, amount, unit) VALUES (1086,43,11,9,254,'g');
INSERT INTO nutrientdetail (ntdetailcode, fdcode, seq, ntcode, amount, unit) VALUES (1087,43,12,10,141,'g');
INSERT INTO nutrientdetail (ntdetailcode, fdcode, seq, ntcode, amount, unit) VALUES (1088,43,13,11,0,'g');
INSERT INTO nutrientdetail (ntdetailcode, fdcode, seq, ntcode, amount, unit) VALUES (1089,43,14,12,0,'g');
INSERT INTO nutrientdetail (ntdetailcode, fdcode, seq, ntcode, amount, unit) VALUES (1090,43,15,13,0,'g');
INSERT INTO nutrientdetail (ntdetailcode, fdcode, seq, ntcode, amount, unit) VALUES (1091,43,16,14,0,'g');
INSERT INTO nutrientdetail (ntdetailcode, fdcode, seq, ntcode, amount, unit) VALUES (1092,43,17,15,0,'g');
INSERT INTO nutrientdetail (ntdetailcode, fdcode, seq, ntcode, amount, unit) VALUES (1093,43,18,16,0,'g');
INSERT INTO nutrientdetail (ntdetailcode, fdcode, seq, ntcode, amount, unit) VALUES (1094,43,19,17,0,'g');
INSERT INTO nutrientdetail (ntdetailcode, fdcode, seq, ntcode, amount, unit) VALUES (1095,43,20,18,0,'g');
INSERT INTO nutrientdetail (ntdetailcode, fdcode, seq, ntcode, amount, unit) VALUES (1096,43,21,19,0,'g');
INSERT INTO nutrientdetail (ntdetailcode, fdcode, seq, ntcode, amount, unit) VALUES (1097,43,22,20,0,'g');
INSERT INTO nutrientdetail (ntdetailcode, fdcode, seq, ntcode, amount, unit) VALUES (1098,43,23,21,0,'g');
INSERT INTO nutrientdetail (ntdetailcode, fdcode, seq, ntcode, amount, unit) VALUES (1099,43,24,22,0,'g');
INSERT INTO nutrientdetail (ntdetailcode, fdcode, seq, ntcode, amount, unit) VALUES (1100,43,25,25,0,'g');
INSERT INTO food (fdcode, fdtname, fdename, imageurl, fooddesc) VALUES (44,'ข้าวราดแกงฉู่ฉี่ปลาทู','','https://img.wongnai.com/p/1920x0/2018/05/28/1851b51a121a408c88b869d2141cb9bb.jpg','');
INSERT INTO foodcategorydetail (fcdetailcode, fdcode, seq, fccode) VALUES (99,44,1,1);
INSERT INTO foodcategorydetail (fcdetailcode, fdcode, seq, fccode) VALUES (100,44,2,2);
INSERT INTO nutrientdetail (ntdetailcode, fdcode, seq, ntcode, amount, unit) VALUES (1101,44,1,1,122,'kcal');
INSERT INTO nutrientdetail (ntdetailcode, fdcode, seq, ntcode, amount, unit) VALUES (1102,44,2,2,72.5,'g');
INSERT INTO nutrientdetail (ntdetailcode, fdcode, seq, ntcode, amount, unit) VALUES (1103,44,3,3,5.16,'g');
INSERT INTO nutrientdetail (ntdetailcode, fdcode, seq, ntcode, amount, unit) VALUES (1104,44,4,4,3.31,'g');
INSERT INTO nutrientdetail (ntdetailcode, fdcode, seq, ntcode, amount, unit) VALUES (1105,44,5,5,17.85,'g');
INSERT INTO nutrientdetail (ntdetailcode, fdcode, seq, ntcode, amount, unit) VALUES (1106,44,6,23,0,'g');
INSERT INTO nutrientdetail (ntdetailcode, fdcode, seq, ntcode, amount, unit) VALUES (1107,44,7,24,1.2,'g');
INSERT INTO nutrientdetail (ntdetailcode, fdcode, seq, ntcode, amount, unit) VALUES (1108,44,8,6,20,'g');
INSERT INTO nutrientdetail (ntdetailcode, fdcode, seq, ntcode, amount, unit) VALUES (1109,44,9,7,55,'g');
INSERT INTO nutrientdetail (ntdetailcode, fdcode, seq, ntcode, amount, unit) VALUES (1110,44,10,8,15,'g');
INSERT INTO nutrientdetail (ntdetailcode, fdcode, seq, ntcode, amount, unit) VALUES (1111,44,11,9,429,'g');
INSERT INTO nutrientdetail (ntdetailcode, fdcode, seq, ntcode, amount, unit) VALUES (1112,44,12,10,111,'g');
INSERT INTO nutrientdetail (ntdetailcode, fdcode, seq, ntcode, amount, unit) VALUES (1113,44,13,11,0,'g');
INSERT INTO nutrientdetail (ntdetailcode, fdcode, seq, ntcode, amount, unit) VALUES (1114,44,14,12,0,'g');
INSERT INTO nutrientdetail (ntdetailcode, fdcode, seq, ntcode, amount, unit) VALUES (1115,44,15,13,0,'g');
INSERT INTO nutrientdetail (ntdetailcode, fdcode, seq, ntcode, amount, unit) VALUES (1116,44,16,14,0,'g');
INSERT INTO nutrientdetail (ntdetailcode, fdcode, seq, ntcode, amount, unit) VALUES (1117,44,17,15,0,'g');
INSERT INTO nutrientdetail (ntdetailcode, fdcode, seq, ntcode, amount, unit) VALUES (1118,44,18,16,0,'g');
INSERT INTO nutrientdetail (ntdetailcode, fdcode, seq, ntcode, amount, unit) VALUES (1119,44,19,17,0,'g');
INSERT INTO nutrientdetail (ntdetailcode, fdcode, seq, ntcode, amount, unit) VALUES (1120,44,20,18,0,'g');
INSERT INTO nutrientdetail (ntdetailcode, fdcode, seq, ntcode, amount, unit) VALUES (1121,44,21,19,0,'g');
INSERT INTO nutrientdetail (ntdetailcode, fdcode, seq, ntcode, amount, unit) VALUES (1122,44,22,20,0,'g');
INSERT INTO nutrientdetail (ntdetailcode, fdcode, seq, ntcode, amount, unit) VALUES (1123,44,23,21,0,'g');
INSERT INTO nutrientdetail (ntdetailcode, fdcode, seq, ntcode, amount, unit) VALUES (1124,44,24,22,0,'g');
INSERT INTO nutrientdetail (ntdetailcode, fdcode, seq, ntcode, amount, unit) VALUES (1125,44,25,25,0,'g');
INSERT INTO food (fdcode, fdtname, fdename, imageurl, fooddesc) VALUES (45,'ข้าวราดแกงไตปลา','','https://img.wongnai.com/p/1920x0/2016/12/14/c6e36c29105f4911b686f21de18aeb20.jpg','');
INSERT INTO foodcategorydetail (fcdetailcode, fdcode, seq, fccode) VALUES (101,45,1,1);
INSERT INTO foodcategorydetail (fcdetailcode, fdcode, seq, fccode) VALUES (102,45,2,2);
INSERT INTO nutrientdetail (ntdetailcode, fdcode, seq, ntcode, amount, unit) VALUES (1126,45,1,1,106,'kcal');
INSERT INTO nutrientdetail (ntdetailcode, fdcode, seq, ntcode, amount, unit) VALUES (1127,45,2,2,73.3,'g');
INSERT INTO nutrientdetail (ntdetailcode, fdcode, seq, ntcode, amount, unit) VALUES (1128,45,3,3,3.28,'g');
INSERT INTO nutrientdetail (ntdetailcode, fdcode, seq, ntcode, amount, unit) VALUES (1129,45,4,4,0.73,'g');
INSERT INTO nutrientdetail (ntdetailcode, fdcode, seq, ntcode, amount, unit) VALUES (1130,45,5,5,21.66,'g');
INSERT INTO nutrientdetail (ntdetailcode, fdcode, seq, ntcode, amount, unit) VALUES (1131,45,6,23,0,'g');
INSERT INTO nutrientdetail (ntdetailcode, fdcode, seq, ntcode, amount, unit) VALUES (1132,45,7,24,1.05,'g');
INSERT INTO nutrientdetail (ntdetailcode, fdcode, seq, ntcode, amount, unit) VALUES (1133,45,8,6,6,'g');
INSERT INTO nutrientdetail (ntdetailcode, fdcode, seq, ntcode, amount, unit) VALUES (1134,45,9,7,37,'g');
INSERT INTO nutrientdetail (ntdetailcode, fdcode, seq, ntcode, amount, unit) VALUES (1135,45,10,8,7,'g');
INSERT INTO nutrientdetail (ntdetailcode, fdcode, seq, ntcode, amount, unit) VALUES (1136,45,11,9,336,'g');
INSERT INTO nutrientdetail (ntdetailcode, fdcode, seq, ntcode, amount, unit) VALUES (1137,45,12,10,39,'g');
INSERT INTO nutrientdetail (ntdetailcode, fdcode, seq, ntcode, amount, unit) VALUES (1138,45,13,11,0,'g');
INSERT INTO nutrientdetail (ntdetailcode, fdcode, seq, ntcode, amount, unit) VALUES (1139,45,14,12,0,'g');
INSERT INTO nutrientdetail (ntdetailcode, fdcode, seq, ntcode, amount, unit) VALUES (1140,45,15,13,0,'g');
INSERT INTO nutrientdetail (ntdetailcode, fdcode, seq, ntcode, amount, unit) VALUES (1141,45,16,14,0,'g');
INSERT INTO nutrientdetail (ntdetailcode, fdcode, seq, ntcode, amount, unit) VALUES (1142,45,17,15,0,'g');
INSERT INTO nutrientdetail (ntdetailcode, fdcode, seq, ntcode, amount, unit) VALUES (1143,45,18,16,0,'g');
INSERT INTO nutrientdetail (ntdetailcode, fdcode, seq, ntcode, amount, unit) VALUES (1144,45,19,17,0,'g');
INSERT INTO nutrientdetail (ntdetailcode, fdcode, seq, ntcode, amount, unit) VALUES (1145,45,20,18,0,'g');
INSERT INTO nutrientdetail (ntdetailcode, fdcode, seq, ntcode, amount, unit) VALUES (1146,45,21,19,0,'g');
INSERT INTO nutrientdetail (ntdetailcode, fdcode, seq, ntcode, amount, unit) VALUES (1147,45,22,20,0,'g');
INSERT INTO nutrientdetail (ntdetailcode, fdcode, seq, ntcode, amount, unit) VALUES (1148,45,23,21,0,'g');
INSERT INTO nutrientdetail (ntdetailcode, fdcode, seq, ntcode, amount, unit) VALUES (1149,45,24,22,0,'g');
INSERT INTO nutrientdetail (ntdetailcode, fdcode, seq, ntcode, amount, unit) VALUES (1150,45,25,25,0,'g');
INSERT INTO food (fdcode, fdtname, fdename, imageurl, fooddesc) VALUES (46,'ข้าวราดแกงเทโพหมูสามชั้น','','https://img.wongnai.com/p/1920x0/2014/08/18/fcb91c180ec74b30898d0514be13e59c.jpg','');
INSERT INTO foodcategorydetail (fcdetailcode, fdcode, seq, fccode) VALUES (103,46,1,1);
INSERT INTO foodcategorydetail (fcdetailcode, fdcode, seq, fccode) VALUES (104,46,2,2);
INSERT INTO nutrientdetail (ntdetailcode, fdcode, seq, ntcode, amount, unit) VALUES (1151,46,1,1,85,'kcal');
INSERT INTO nutrientdetail (ntdetailcode, fdcode, seq, ntcode, amount, unit) VALUES (1152,46,2,2,80.6,'g');
INSERT INTO nutrientdetail (ntdetailcode, fdcode, seq, ntcode, amount, unit) VALUES (1153,46,3,3,1.93,'g');
INSERT INTO nutrientdetail (ntdetailcode, fdcode, seq, ntcode, amount, unit) VALUES (1154,46,4,4,2.28,'g');
INSERT INTO nutrientdetail (ntdetailcode, fdcode, seq, ntcode, amount, unit) VALUES (1155,46,5,5,14.2,'g');
INSERT INTO nutrientdetail (ntdetailcode, fdcode, seq, ntcode, amount, unit) VALUES (1156,46,6,23,0,'g');
INSERT INTO nutrientdetail (ntdetailcode, fdcode, seq, ntcode, amount, unit) VALUES (1157,46,7,24,1.02,'g');
INSERT INTO nutrientdetail (ntdetailcode, fdcode, seq, ntcode, amount, unit) VALUES (1158,46,8,6,7,'g');
INSERT INTO nutrientdetail (ntdetailcode, fdcode, seq, ntcode, amount, unit) VALUES (1159,46,9,7,22,'g');
INSERT INTO nutrientdetail (ntdetailcode, fdcode, seq, ntcode, amount, unit) VALUES (1160,46,10,8,12,'g');
INSERT INTO nutrientdetail (ntdetailcode, fdcode, seq, ntcode, amount, unit) VALUES (1161,46,11,9,347,'g');
INSERT INTO nutrientdetail (ntdetailcode, fdcode, seq, ntcode, amount, unit) VALUES (1162,46,12,10,95,'g');
INSERT INTO nutrientdetail (ntdetailcode, fdcode, seq, ntcode, amount, unit) VALUES (1163,46,13,11,0,'g');
INSERT INTO nutrientdetail (ntdetailcode, fdcode, seq, ntcode, amount, unit) VALUES (1164,46,14,12,0,'g');
INSERT INTO nutrientdetail (ntdetailcode, fdcode, seq, ntcode, amount, unit) VALUES (1165,46,15,13,0,'g');
INSERT INTO nutrientdetail (ntdetailcode, fdcode, seq, ntcode, amount, unit) VALUES (1166,46,16,14,0,'g');
INSERT INTO nutrientdetail (ntdetailcode, fdcode, seq, ntcode, amount, unit) VALUES (1167,46,17,15,0,'g');
INSERT INTO nutrientdetail (ntdetailcode, fdcode, seq, ntcode, amount, unit) VALUES (1168,46,18,16,0,'g');
INSERT INTO nutrientdetail (ntdetailcode, fdcode, seq, ntcode, amount, unit) VALUES (1169,46,19,17,0,'g');
INSERT INTO nutrientdetail (ntdetailcode, fdcode, seq, ntcode, amount, unit) VALUES (1170,46,20,18,0,'g');
INSERT INTO nutrientdetail (ntdetailcode, fdcode, seq, ntcode, amount, unit) VALUES (1171,46,21,19,0,'g');
INSERT INTO nutrientdetail (ntdetailcode, fdcode, seq, ntcode, amount, unit) VALUES (1172,46,22,20,0,'g');
INSERT INTO nutrientdetail (ntdetailcode, fdcode, seq, ntcode, amount, unit) VALUES (1173,46,23,21,0,'g');
INSERT INTO nutrientdetail (ntdetailcode, fdcode, seq, ntcode, amount, unit) VALUES (1174,46,24,22,0,'g');
INSERT INTO nutrientdetail (ntdetailcode, fdcode, seq, ntcode, amount, unit) VALUES (1175,46,25,25,0,'g');
INSERT INTO food (fdcode, fdtname, fdename, imageurl, fooddesc) VALUES (47,'ข้าวราดแกงพะแนงหมู','','https://img.wongnai.com/p/1920x0/2020/11/29/19fa43820d044632a883ac73b0c394dd.jpg','');
INSERT INTO foodcategorydetail (fcdetailcode, fdcode, seq, fccode) VALUES (105,47,1,1);
INSERT INTO foodcategorydetail (fcdetailcode, fdcode, seq, fccode) VALUES (106,47,2,2);
INSERT INTO nutrientdetail (ntdetailcode, fdcode, seq, ntcode, amount, unit) VALUES (1176,47,1,1,136,'kcal');
INSERT INTO nutrientdetail (ntdetailcode, fdcode, seq, ntcode, amount, unit) VALUES (1177,47,2,2,68.2,'g');
INSERT INTO nutrientdetail (ntdetailcode, fdcode, seq, ntcode, amount, unit) VALUES (1178,47,3,3,7.29,'g');
INSERT INTO nutrientdetail (ntdetailcode, fdcode, seq, ntcode, amount, unit) VALUES (1179,47,4,4,2.65,'g');
INSERT INTO nutrientdetail (ntdetailcode, fdcode, seq, ntcode, amount, unit) VALUES (1180,47,5,5,20.84,'g');
INSERT INTO nutrientdetail (ntdetailcode, fdcode, seq, ntcode, amount, unit) VALUES (1181,47,6,23,0,'g');
INSERT INTO nutrientdetail (ntdetailcode, fdcode, seq, ntcode, amount, unit) VALUES (1182,47,7,24,1.03,'g');
INSERT INTO nutrientdetail (ntdetailcode, fdcode, seq, ntcode, amount, unit) VALUES (1183,47,8,6,8,'g');
INSERT INTO nutrientdetail (ntdetailcode, fdcode, seq, ntcode, amount, unit) VALUES (1184,47,9,7,67,'g');
INSERT INTO nutrientdetail (ntdetailcode, fdcode, seq, ntcode, amount, unit) VALUES (1185,47,10,8,13,'g');
INSERT INTO nutrientdetail (ntdetailcode, fdcode, seq, ntcode, amount, unit) VALUES (1186,47,11,9,424,'g');
INSERT INTO nutrientdetail (ntdetailcode, fdcode, seq, ntcode, amount, unit) VALUES (1187,47,12,10,129,'g');
INSERT INTO nutrientdetail (ntdetailcode, fdcode, seq, ntcode, amount, unit) VALUES (1188,47,13,11,0,'g');
INSERT INTO nutrientdetail (ntdetailcode, fdcode, seq, ntcode, amount, unit) VALUES (1189,47,14,12,0,'g');
INSERT INTO nutrientdetail (ntdetailcode, fdcode, seq, ntcode, amount, unit) VALUES (1190,47,15,13,0,'g');
INSERT INTO nutrientdetail (ntdetailcode, fdcode, seq, ntcode, amount, unit) VALUES (1191,47,16,14,0,'g');
INSERT INTO nutrientdetail (ntdetailcode, fdcode, seq, ntcode, amount, unit) VALUES (1192,47,17,15,0,'g');
INSERT INTO nutrientdetail (ntdetailcode, fdcode, seq, ntcode, amount, unit) VALUES (1193,47,18,16,0,'g');
INSERT INTO nutrientdetail (ntdetailcode, fdcode, seq, ntcode, amount, unit) VALUES (1194,47,19,17,0,'g');
INSERT INTO nutrientdetail (ntdetailcode, fdcode, seq, ntcode, amount, unit) VALUES (1195,47,20,18,0,'g');
INSERT INTO nutrientdetail (ntdetailcode, fdcode, seq, ntcode, amount, unit) VALUES (1196,47,21,19,0,'g');
INSERT INTO nutrientdetail (ntdetailcode, fdcode, seq, ntcode, amount, unit) VALUES (1197,47,22,20,0,'g');
INSERT INTO nutrientdetail (ntdetailcode, fdcode, seq, ntcode, amount, unit) VALUES (1198,47,23,21,0,'g');
INSERT INTO nutrientdetail (ntdetailcode, fdcode, seq, ntcode, amount, unit) VALUES (1199,47,24,22,0,'g');
INSERT INTO nutrientdetail (ntdetailcode, fdcode, seq, ntcode, amount, unit) VALUES (1200,47,25,25,0,'g');
INSERT INTO food (fdcode, fdtname, fdename, imageurl, fooddesc) VALUES (48,'ข้าวราดแกงมัสมั่นไก่','','https://www.calforlife.com/image/food/Chicken-Massaman-Curry-with-Rice.jpg','');
INSERT INTO foodcategorydetail (fcdetailcode, fdcode, seq, fccode) VALUES (107,48,1,1);
INSERT INTO foodcategorydetail (fcdetailcode, fdcode, seq, fccode) VALUES (108,48,2,2);
INSERT INTO nutrientdetail (ntdetailcode, fdcode, seq, ntcode, amount, unit) VALUES (1201,48,1,1,138,'kcal');
INSERT INTO nutrientdetail (ntdetailcode, fdcode, seq, ntcode, amount, unit) VALUES (1202,48,2,2,71.1,'g');
INSERT INTO nutrientdetail (ntdetailcode, fdcode, seq, ntcode, amount, unit) VALUES (1203,48,3,3,4.4,'g');
INSERT INTO nutrientdetail (ntdetailcode, fdcode, seq, ntcode, amount, unit) VALUES (1204,48,4,4,5.1,'g');
INSERT INTO nutrientdetail (ntdetailcode, fdcode, seq, ntcode, amount, unit) VALUES (1205,48,5,5,18.5,'g');
INSERT INTO nutrientdetail (ntdetailcode, fdcode, seq, ntcode, amount, unit) VALUES (1206,48,6,23,0,'g');
INSERT INTO nutrientdetail (ntdetailcode, fdcode, seq, ntcode, amount, unit) VALUES (1207,48,7,24,0.9,'g');
INSERT INTO nutrientdetail (ntdetailcode, fdcode, seq, ntcode, amount, unit) VALUES (1208,48,8,6,5,'g');
INSERT INTO nutrientdetail (ntdetailcode, fdcode, seq, ntcode, amount, unit) VALUES (1209,48,9,7,55,'g');
INSERT INTO nutrientdetail (ntdetailcode, fdcode, seq, ntcode, amount, unit) VALUES (1210,48,10,8,12,'g');
INSERT INTO nutrientdetail (ntdetailcode, fdcode, seq, ntcode, amount, unit) VALUES (1211,48,11,9,295,'g');
INSERT INTO nutrientdetail (ntdetailcode, fdcode, seq, ntcode, amount, unit) VALUES (1212,48,12,10,135,'g');
INSERT INTO nutrientdetail (ntdetailcode, fdcode, seq, ntcode, amount, unit) VALUES (1213,48,13,11,0,'g');
INSERT INTO nutrientdetail (ntdetailcode, fdcode, seq, ntcode, amount, unit) VALUES (1214,48,14,12,0,'g');
INSERT INTO nutrientdetail (ntdetailcode, fdcode, seq, ntcode, amount, unit) VALUES (1215,48,15,13,0,'g');
INSERT INTO nutrientdetail (ntdetailcode, fdcode, seq, ntcode, amount, unit) VALUES (1216,48,16,14,0,'g');
INSERT INTO nutrientdetail (ntdetailcode, fdcode, seq, ntcode, amount, unit) VALUES (1217,48,17,15,0,'g');
INSERT INTO nutrientdetail (ntdetailcode, fdcode, seq, ntcode, amount, unit) VALUES (1218,48,18,16,0,'g');
INSERT INTO nutrientdetail (ntdetailcode, fdcode, seq, ntcode, amount, unit) VALUES (1219,48,19,17,0,'g');
INSERT INTO nutrientdetail (ntdetailcode, fdcode, seq, ntcode, amount, unit) VALUES (1220,48,20,18,0,'g');
INSERT INTO nutrientdetail (ntdetailcode, fdcode, seq, ntcode, amount, unit) VALUES (1221,48,21,19,0,'g');
INSERT INTO nutrientdetail (ntdetailcode, fdcode, seq, ntcode, amount, unit) VALUES (1222,48,22,20,0,'g');
INSERT INTO nutrientdetail (ntdetailcode, fdcode, seq, ntcode, amount, unit) VALUES (1223,48,23,21,0,'g');
INSERT INTO nutrientdetail (ntdetailcode, fdcode, seq, ntcode, amount, unit) VALUES (1224,48,24,22,0,'g');
INSERT INTO nutrientdetail (ntdetailcode, fdcode, seq, ntcode, amount, unit) VALUES (1225,48,25,25,0,'g');
INSERT INTO food (fdcode, fdtname, fdename, imageurl, fooddesc) VALUES (49,'ข้าวราดแกงส้มชะอมทอด','','https://img.wongnai.com/p/400x0/2020/03/06/c1aa44fb908f40d7a2677059f4932c8a.jpg','');
INSERT INTO foodcategorydetail (fcdetailcode, fdcode, seq, fccode) VALUES (109,49,1,1);
INSERT INTO foodcategorydetail (fcdetailcode, fdcode, seq, fccode) VALUES (110,49,2,2);
INSERT INTO nutrientdetail (ntdetailcode, fdcode, seq, ntcode, amount, unit) VALUES (1226,49,1,1,107,'kcal');
INSERT INTO nutrientdetail (ntdetailcode, fdcode, seq, ntcode, amount, unit) VALUES (1227,49,2,2,76.2,'g');
INSERT INTO nutrientdetail (ntdetailcode, fdcode, seq, ntcode, amount, unit) VALUES (1228,49,3,3,3.77,'g');
INSERT INTO nutrientdetail (ntdetailcode, fdcode, seq, ntcode, amount, unit) VALUES (1229,49,4,4,3.34,'g');
INSERT INTO nutrientdetail (ntdetailcode, fdcode, seq, ntcode, amount, unit) VALUES (1230,49,5,5,15.31,'g');
INSERT INTO nutrientdetail (ntdetailcode, fdcode, seq, ntcode, amount, unit) VALUES (1231,49,6,23,0,'g');
INSERT INTO nutrientdetail (ntdetailcode, fdcode, seq, ntcode, amount, unit) VALUES (1232,49,7,24,1.27,'g');
INSERT INTO nutrientdetail (ntdetailcode, fdcode, seq, ntcode, amount, unit) VALUES (1233,49,8,6,21,'g');
INSERT INTO nutrientdetail (ntdetailcode, fdcode, seq, ntcode, amount, unit) VALUES (1234,49,9,7,54,'g');
INSERT INTO nutrientdetail (ntdetailcode, fdcode, seq, ntcode, amount, unit) VALUES (1235,49,10,8,10,'g');
INSERT INTO nutrientdetail (ntdetailcode, fdcode, seq, ntcode, amount, unit) VALUES (1236,49,11,9,386,'g');
INSERT INTO nutrientdetail (ntdetailcode, fdcode, seq, ntcode, amount, unit) VALUES (1237,49,12,10,83,'g');
INSERT INTO nutrientdetail (ntdetailcode, fdcode, seq, ntcode, amount, unit) VALUES (1238,49,13,11,0,'g');
INSERT INTO nutrientdetail (ntdetailcode, fdcode, seq, ntcode, amount, unit) VALUES (1239,49,14,12,0,'g');
INSERT INTO nutrientdetail (ntdetailcode, fdcode, seq, ntcode, amount, unit) VALUES (1240,49,15,13,0,'g');
INSERT INTO nutrientdetail (ntdetailcode, fdcode, seq, ntcode, amount, unit) VALUES (1241,49,16,14,0,'g');
INSERT INTO nutrientdetail (ntdetailcode, fdcode, seq, ntcode, amount, unit) VALUES (1242,49,17,15,0,'g');
INSERT INTO nutrientdetail (ntdetailcode, fdcode, seq, ntcode, amount, unit) VALUES (1243,49,18,16,0,'g');
INSERT INTO nutrientdetail (ntdetailcode, fdcode, seq, ntcode, amount, unit) VALUES (1244,49,19,17,0,'g');
INSERT INTO nutrientdetail (ntdetailcode, fdcode, seq, ntcode, amount, unit) VALUES (1245,49,20,18,0,'g');
INSERT INTO nutrientdetail (ntdetailcode, fdcode, seq, ntcode, amount, unit) VALUES (1246,49,21,19,0,'g');
INSERT INTO nutrientdetail (ntdetailcode, fdcode, seq, ntcode, amount, unit) VALUES (1247,49,22,20,0,'g');
INSERT INTO nutrientdetail (ntdetailcode, fdcode, seq, ntcode, amount, unit) VALUES (1248,49,23,21,0,'g');
INSERT INTO nutrientdetail (ntdetailcode, fdcode, seq, ntcode, amount, unit) VALUES (1249,49,24,22,0,'g');
INSERT INTO nutrientdetail (ntdetailcode, fdcode, seq, ntcode, amount, unit) VALUES (1250,49,25,25,0,'g');
INSERT INTO food (fdcode, fdtname, fdename, imageurl, fooddesc) VALUES (50,'ข้าวราดแกงส้มผักรวม','','https://img.wongnai.com/p/400x0/2017/12/20/843e177fb97a473d8dfc698c33eb8dd9.jpg','');
INSERT INTO foodcategorydetail (fcdetailcode, fdcode, seq, fccode) VALUES (111,50,1,1);
INSERT INTO foodcategorydetail (fcdetailcode, fdcode, seq, fccode) VALUES (112,50,2,2);
INSERT INTO nutrientdetail (ntdetailcode, fdcode, seq, ntcode, amount, unit) VALUES (1251,50,1,1,85,'kcal');
INSERT INTO nutrientdetail (ntdetailcode, fdcode, seq, ntcode, amount, unit) VALUES (1252,50,2,2,77.9,'g');
INSERT INTO nutrientdetail (ntdetailcode, fdcode, seq, ntcode, amount, unit) VALUES (1253,50,3,3,2.91,'g');
INSERT INTO nutrientdetail (ntdetailcode, fdcode, seq, ntcode, amount, unit) VALUES (1254,50,4,4,0.23,'g');
INSERT INTO nutrientdetail (ntdetailcode, fdcode, seq, ntcode, amount, unit) VALUES (1255,50,5,5,17.77,'g');
INSERT INTO nutrientdetail (ntdetailcode, fdcode, seq, ntcode, amount, unit) VALUES (1256,50,6,23,0,'g');
INSERT INTO nutrientdetail (ntdetailcode, fdcode, seq, ntcode, amount, unit) VALUES (1257,50,7,24,1.22,'g');
INSERT INTO nutrientdetail (ntdetailcode, fdcode, seq, ntcode, amount, unit) VALUES (1258,50,8,6,20,'g');
INSERT INTO nutrientdetail (ntdetailcode, fdcode, seq, ntcode, amount, unit) VALUES (1259,50,9,7,33,'g');
INSERT INTO nutrientdetail (ntdetailcode, fdcode, seq, ntcode, amount, unit) VALUES (1260,50,10,8,15,'g');
INSERT INTO nutrientdetail (ntdetailcode, fdcode, seq, ntcode, amount, unit) VALUES (1261,50,11,9,401,'g');
INSERT INTO nutrientdetail (ntdetailcode, fdcode, seq, ntcode, amount, unit) VALUES (1262,50,12,10,96,'g');
INSERT INTO nutrientdetail (ntdetailcode, fdcode, seq, ntcode, amount, unit) VALUES (1263,50,13,11,0,'g');
INSERT INTO nutrientdetail (ntdetailcode, fdcode, seq, ntcode, amount, unit) VALUES (1264,50,14,12,0,'g');
INSERT INTO nutrientdetail (ntdetailcode, fdcode, seq, ntcode, amount, unit) VALUES (1265,50,15,13,0,'g');
INSERT INTO nutrientdetail (ntdetailcode, fdcode, seq, ntcode, amount, unit) VALUES (1266,50,16,14,0,'g');
INSERT INTO nutrientdetail (ntdetailcode, fdcode, seq, ntcode, amount, unit) VALUES (1267,50,17,15,0,'g');
INSERT INTO nutrientdetail (ntdetailcode, fdcode, seq, ntcode, amount, unit) VALUES (1268,50,18,16,0,'g');
INSERT INTO nutrientdetail (ntdetailcode, fdcode, seq, ntcode, amount, unit) VALUES (1269,50,19,17,0,'g');
INSERT INTO nutrientdetail (ntdetailcode, fdcode, seq, ntcode, amount, unit) VALUES (1270,50,20,18,0,'g');
INSERT INTO nutrientdetail (ntdetailcode, fdcode, seq, ntcode, amount, unit) VALUES (1271,50,21,19,0,'g');
INSERT INTO nutrientdetail (ntdetailcode, fdcode, seq, ntcode, amount, unit) VALUES (1272,50,22,20,0,'g');
INSERT INTO nutrientdetail (ntdetailcode, fdcode, seq, ntcode, amount, unit) VALUES (1273,50,23,21,0,'g');
INSERT INTO nutrientdetail (ntdetailcode, fdcode, seq, ntcode, amount, unit) VALUES (1274,50,24,22,0,'g');
INSERT INTO nutrientdetail (ntdetailcode, fdcode, seq, ntcode, amount, unit) VALUES (1275,50,25,25,0,'g');
INSERT INTO food (fdcode, fdtname, fdename, imageurl, fooddesc) VALUES (51,'ข้าวราดไข่เจียวหมูสับ','','https://yalamarketplace.com/upload/1615340846439.png','');
INSERT INTO foodcategorydetail (fcdetailcode, fdcode, seq, fccode) VALUES (113,51,1,1);
INSERT INTO foodcategorydetail (fcdetailcode, fdcode, seq, fccode) VALUES (114,51,2,2);
INSERT INTO nutrientdetail (ntdetailcode, fdcode, seq, ntcode, amount, unit) VALUES (1276,51,1,1,236,'kcal');
INSERT INTO nutrientdetail (ntdetailcode, fdcode, seq, ntcode, amount, unit) VALUES (1277,51,2,2,59.6,'g');
INSERT INTO nutrientdetail (ntdetailcode, fdcode, seq, ntcode, amount, unit) VALUES (1278,51,3,3,8.15,'g');
INSERT INTO nutrientdetail (ntdetailcode, fdcode, seq, ntcode, amount, unit) VALUES (1279,51,4,4,15.56,'g');
INSERT INTO nutrientdetail (ntdetailcode, fdcode, seq, ntcode, amount, unit) VALUES (1280,51,5,5,15.93,'g');
INSERT INTO nutrientdetail (ntdetailcode, fdcode, seq, ntcode, amount, unit) VALUES (1281,51,6,23,0,'g');
INSERT INTO nutrientdetail (ntdetailcode, fdcode, seq, ntcode, amount, unit) VALUES (1282,51,7,24,0.75,'g');
INSERT INTO nutrientdetail (ntdetailcode, fdcode, seq, ntcode, amount, unit) VALUES (1283,51,8,6,15,'g');
INSERT INTO nutrientdetail (ntdetailcode, fdcode, seq, ntcode, amount, unit) VALUES (1284,51,9,7,100,'g');
INSERT INTO nutrientdetail (ntdetailcode, fdcode, seq, ntcode, amount, unit) VALUES (1285,51,10,8,9,'g');
INSERT INTO nutrientdetail (ntdetailcode, fdcode, seq, ntcode, amount, unit) VALUES (1286,51,11,9,200,'g');
INSERT INTO nutrientdetail (ntdetailcode, fdcode, seq, ntcode, amount, unit) VALUES (1287,51,12,10,107,'g');
INSERT INTO nutrientdetail (ntdetailcode, fdcode, seq, ntcode, amount, unit) VALUES (1288,51,13,11,0,'g');
INSERT INTO nutrientdetail (ntdetailcode, fdcode, seq, ntcode, amount, unit) VALUES (1289,51,14,12,0,'g');
INSERT INTO nutrientdetail (ntdetailcode, fdcode, seq, ntcode, amount, unit) VALUES (1290,51,15,13,0,'g');
INSERT INTO nutrientdetail (ntdetailcode, fdcode, seq, ntcode, amount, unit) VALUES (1291,51,16,14,0,'g');
INSERT INTO nutrientdetail (ntdetailcode, fdcode, seq, ntcode, amount, unit) VALUES (1292,51,17,15,0,'g');
INSERT INTO nutrientdetail (ntdetailcode, fdcode, seq, ntcode, amount, unit) VALUES (1293,51,18,16,0,'g');
INSERT INTO nutrientdetail (ntdetailcode, fdcode, seq, ntcode, amount, unit) VALUES (1294,51,19,17,0,'g');
INSERT INTO nutrientdetail (ntdetailcode, fdcode, seq, ntcode, amount, unit) VALUES (1295,51,20,18,0,'g');
INSERT INTO nutrientdetail (ntdetailcode, fdcode, seq, ntcode, amount, unit) VALUES (1296,51,21,19,0,'g');
INSERT INTO nutrientdetail (ntdetailcode, fdcode, seq, ntcode, amount, unit) VALUES (1297,51,22,20,0,'g');
INSERT INTO nutrientdetail (ntdetailcode, fdcode, seq, ntcode, amount, unit) VALUES (1298,51,23,21,0,'g');
INSERT INTO nutrientdetail (ntdetailcode, fdcode, seq, ntcode, amount, unit) VALUES (1299,51,24,22,0,'g');
INSERT INTO nutrientdetail (ntdetailcode, fdcode, seq, ntcode, amount, unit) VALUES (1300,51,25,25,0,'g');
INSERT INTO food (fdcode, fdtname, fdename, imageurl, fooddesc) VALUES (52,'ข้าวราดต้มจืดเต้าหู้หมูสับ','','https://yalamarketplace.com/upload/1691991940083.jpg','');
INSERT INTO foodcategorydetail (fcdetailcode, fdcode, seq, fccode) VALUES (115,52,1,1);
INSERT INTO foodcategorydetail (fcdetailcode, fdcode, seq, fccode) VALUES (116,52,2,2);
INSERT INTO nutrientdetail (ntdetailcode, fdcode, seq, ntcode, amount, unit) VALUES (1301,52,1,1,56,'kcal');
INSERT INTO nutrientdetail (ntdetailcode, fdcode, seq, ntcode, amount, unit) VALUES (1302,52,2,2,87.5,'g');
INSERT INTO nutrientdetail (ntdetailcode, fdcode, seq, ntcode, amount, unit) VALUES (1303,52,3,3,4.49,'g');
INSERT INTO nutrientdetail (ntdetailcode, fdcode, seq, ntcode, amount, unit) VALUES (1304,52,4,4,1.84,'g');
INSERT INTO nutrientdetail (ntdetailcode, fdcode, seq, ntcode, amount, unit) VALUES (1305,52,5,5,5.29,'g');
INSERT INTO nutrientdetail (ntdetailcode, fdcode, seq, ntcode, amount, unit) VALUES (1306,52,6,23,0,'g');
INSERT INTO nutrientdetail (ntdetailcode, fdcode, seq, ntcode, amount, unit) VALUES (1307,52,7,24,0.86,'g');
INSERT INTO nutrientdetail (ntdetailcode, fdcode, seq, ntcode, amount, unit) VALUES (1308,52,8,6,9,'g');
INSERT INTO nutrientdetail (ntdetailcode, fdcode, seq, ntcode, amount, unit) VALUES (1309,52,9,7,45,'g');
INSERT INTO nutrientdetail (ntdetailcode, fdcode, seq, ntcode, amount, unit) VALUES (1310,52,10,8,5,'g');
INSERT INTO nutrientdetail (ntdetailcode, fdcode, seq, ntcode, amount, unit) VALUES (1311,52,11,9,271,'g');
INSERT INTO nutrientdetail (ntdetailcode, fdcode, seq, ntcode, amount, unit) VALUES (1312,52,12,10,77,'g');
INSERT INTO nutrientdetail (ntdetailcode, fdcode, seq, ntcode, amount, unit) VALUES (1313,52,13,11,0,'g');
INSERT INTO nutrientdetail (ntdetailcode, fdcode, seq, ntcode, amount, unit) VALUES (1314,52,14,12,0,'g');
INSERT INTO nutrientdetail (ntdetailcode, fdcode, seq, ntcode, amount, unit) VALUES (1315,52,15,13,0,'g');
INSERT INTO nutrientdetail (ntdetailcode, fdcode, seq, ntcode, amount, unit) VALUES (1316,52,16,14,0,'g');
INSERT INTO nutrientdetail (ntdetailcode, fdcode, seq, ntcode, amount, unit) VALUES (1317,52,17,15,0,'g');
INSERT INTO nutrientdetail (ntdetailcode, fdcode, seq, ntcode, amount, unit) VALUES (1318,52,18,16,0,'g');
INSERT INTO nutrientdetail (ntdetailcode, fdcode, seq, ntcode, amount, unit) VALUES (1319,52,19,17,0,'g');
INSERT INTO nutrientdetail (ntdetailcode, fdcode, seq, ntcode, amount, unit) VALUES (1320,52,20,18,0,'g');
INSERT INTO nutrientdetail (ntdetailcode, fdcode, seq, ntcode, amount, unit) VALUES (1321,52,21,19,0,'g');
INSERT INTO nutrientdetail (ntdetailcode, fdcode, seq, ntcode, amount, unit) VALUES (1322,52,22,20,0,'g');
INSERT INTO nutrientdetail (ntdetailcode, fdcode, seq, ntcode, amount, unit) VALUES (1323,52,23,21,0,'g');
INSERT INTO nutrientdetail (ntdetailcode, fdcode, seq, ntcode, amount, unit) VALUES (1324,52,24,22,0,'g');
INSERT INTO nutrientdetail (ntdetailcode, fdcode, seq, ntcode, amount, unit) VALUES (1325,52,25,25,0,'g');
INSERT INTO food (fdcode, fdtname, fdename, imageurl, fooddesc) VALUES (53,'ข้าวราดต้มพะโล้','','https://f.ptcdn.info/018/010/000/1379758857-5483941020-o.jpg','');
INSERT INTO foodcategorydetail (fcdetailcode, fdcode, seq, fccode) VALUES (117,53,1,1);
INSERT INTO foodcategorydetail (fcdetailcode, fdcode, seq, fccode) VALUES (118,53,2,2);
INSERT INTO nutrientdetail (ntdetailcode, fdcode, seq, ntcode, amount, unit) VALUES (1326,53,1,1,158,'kcal');
INSERT INTO nutrientdetail (ntdetailcode, fdcode, seq, ntcode, amount, unit) VALUES (1327,53,2,2,66.2,'g');
INSERT INTO nutrientdetail (ntdetailcode, fdcode, seq, ntcode, amount, unit) VALUES (1328,53,3,3,7.43,'g');
INSERT INTO nutrientdetail (ntdetailcode, fdcode, seq, ntcode, amount, unit) VALUES (1329,53,4,4,5.57,'g');
INSERT INTO nutrientdetail (ntdetailcode, fdcode, seq, ntcode, amount, unit) VALUES (1330,53,5,5,19.62,'g');
INSERT INTO nutrientdetail (ntdetailcode, fdcode, seq, ntcode, amount, unit) VALUES (1331,53,6,23,0,'g');
INSERT INTO nutrientdetail (ntdetailcode, fdcode, seq, ntcode, amount, unit) VALUES (1332,53,7,24,1.2,'g');
INSERT INTO nutrientdetail (ntdetailcode, fdcode, seq, ntcode, amount, unit) VALUES (1333,53,8,6,17,'g');
INSERT INTO nutrientdetail (ntdetailcode, fdcode, seq, ntcode, amount, unit) VALUES (1334,53,9,7,76,'g');
INSERT INTO nutrientdetail (ntdetailcode, fdcode, seq, ntcode, amount, unit) VALUES (1335,53,10,8,3,'g');
INSERT INTO nutrientdetail (ntdetailcode, fdcode, seq, ntcode, amount, unit) VALUES (1336,53,11,9,376,'g');
INSERT INTO nutrientdetail (ntdetailcode, fdcode, seq, ntcode, amount, unit) VALUES (1337,53,12,10,79,'g');
INSERT INTO nutrientdetail (ntdetailcode, fdcode, seq, ntcode, amount, unit) VALUES (1338,53,13,11,0,'g');
INSERT INTO nutrientdetail (ntdetailcode, fdcode, seq, ntcode, amount, unit) VALUES (1339,53,14,12,0,'g');
INSERT INTO nutrientdetail (ntdetailcode, fdcode, seq, ntcode, amount, unit) VALUES (1340,53,15,13,0,'g');
INSERT INTO nutrientdetail (ntdetailcode, fdcode, seq, ntcode, amount, unit) VALUES (1341,53,16,14,0,'g');
INSERT INTO nutrientdetail (ntdetailcode, fdcode, seq, ntcode, amount, unit) VALUES (1342,53,17,15,0,'g');
INSERT INTO nutrientdetail (ntdetailcode, fdcode, seq, ntcode, amount, unit) VALUES (1343,53,18,16,0,'g');
INSERT INTO nutrientdetail (ntdetailcode, fdcode, seq, ntcode, amount, unit) VALUES (1344,53,19,17,0,'g');
INSERT INTO nutrientdetail (ntdetailcode, fdcode, seq, ntcode, amount, unit) VALUES (1345,53,20,18,0,'g');
INSERT INTO nutrientdetail (ntdetailcode, fdcode, seq, ntcode, amount, unit) VALUES (1346,53,21,19,0,'g');
INSERT INTO nutrientdetail (ntdetailcode, fdcode, seq, ntcode, amount, unit) VALUES (1347,53,22,20,0,'g');
INSERT INTO nutrientdetail (ntdetailcode, fdcode, seq, ntcode, amount, unit) VALUES (1348,53,23,21,0,'g');
INSERT INTO nutrientdetail (ntdetailcode, fdcode, seq, ntcode, amount, unit) VALUES (1349,53,24,22,0,'g');
INSERT INTO nutrientdetail (ntdetailcode, fdcode, seq, ntcode, amount, unit) VALUES (1350,53,25,25,0,'g');
INSERT INTO food (fdcode, fdtname, fdename, imageurl, fooddesc) VALUES (54,'ข้าวราดผัดกะเพราไก่','','https://f.ptcdn.info/331/028/000/1423645531-1ss-o.jpg','');
INSERT INTO foodcategorydetail (fcdetailcode, fdcode, seq, fccode) VALUES (119,54,1,1);
INSERT INTO foodcategorydetail (fcdetailcode, fdcode, seq, fccode) VALUES (120,54,2,2);
INSERT INTO nutrientdetail (ntdetailcode, fdcode, seq, ntcode, amount, unit) VALUES (1351,54,1,1,174,'kcal');
INSERT INTO nutrientdetail (ntdetailcode, fdcode, seq, ntcode, amount, unit) VALUES (1352,54,2,2,62,'g');
INSERT INTO nutrientdetail (ntdetailcode, fdcode, seq, ntcode, amount, unit) VALUES (1353,54,3,3,8.95,'g');
INSERT INTO nutrientdetail (ntdetailcode, fdcode, seq, ntcode, amount, unit) VALUES (1354,54,4,4,5.48,'g');
INSERT INTO nutrientdetail (ntdetailcode, fdcode, seq, ntcode, amount, unit) VALUES (1355,54,5,5,22.19,'g');
INSERT INTO nutrientdetail (ntdetailcode, fdcode, seq, ntcode, amount, unit) VALUES (1356,54,6,23,0,'g');
INSERT INTO nutrientdetail (ntdetailcode, fdcode, seq, ntcode, amount, unit) VALUES (1357,54,7,24,1.43,'g');
INSERT INTO nutrientdetail (ntdetailcode, fdcode, seq, ntcode, amount, unit) VALUES (1358,54,8,6,12,'g');
INSERT INTO nutrientdetail (ntdetailcode, fdcode, seq, ntcode, amount, unit) VALUES (1359,54,9,7,83,'g');
INSERT INTO nutrientdetail (ntdetailcode, fdcode, seq, ntcode, amount, unit) VALUES (1360,54,10,8,19,'g');
INSERT INTO nutrientdetail (ntdetailcode, fdcode, seq, ntcode, amount, unit) VALUES (1361,54,11,9,696,'g');
INSERT INTO nutrientdetail (ntdetailcode, fdcode, seq, ntcode, amount, unit) VALUES (1362,54,12,10,140,'g');
INSERT INTO nutrientdetail (ntdetailcode, fdcode, seq, ntcode, amount, unit) VALUES (1363,54,13,11,0,'g');
INSERT INTO nutrientdetail (ntdetailcode, fdcode, seq, ntcode, amount, unit) VALUES (1364,54,14,12,0,'g');
INSERT INTO nutrientdetail (ntdetailcode, fdcode, seq, ntcode, amount, unit) VALUES (1365,54,15,13,0,'g');
INSERT INTO nutrientdetail (ntdetailcode, fdcode, seq, ntcode, amount, unit) VALUES (1366,54,16,14,0,'g');
INSERT INTO nutrientdetail (ntdetailcode, fdcode, seq, ntcode, amount, unit) VALUES (1367,54,17,15,0,'g');
INSERT INTO nutrientdetail (ntdetailcode, fdcode, seq, ntcode, amount, unit) VALUES (1368,54,18,16,0,'g');
INSERT INTO nutrientdetail (ntdetailcode, fdcode, seq, ntcode, amount, unit) VALUES (1369,54,19,17,0,'g');
INSERT INTO nutrientdetail (ntdetailcode, fdcode, seq, ntcode, amount, unit) VALUES (1370,54,20,18,0,'g');
INSERT INTO nutrientdetail (ntdetailcode, fdcode, seq, ntcode, amount, unit) VALUES (1371,54,21,19,0,'g');
INSERT INTO nutrientdetail (ntdetailcode, fdcode, seq, ntcode, amount, unit) VALUES (1372,54,22,20,0,'g');
INSERT INTO nutrientdetail (ntdetailcode, fdcode, seq, ntcode, amount, unit) VALUES (1373,54,23,21,0,'g');
INSERT INTO nutrientdetail (ntdetailcode, fdcode, seq, ntcode, amount, unit) VALUES (1374,54,24,22,0,'g');
INSERT INTO nutrientdetail (ntdetailcode, fdcode, seq, ntcode, amount, unit) VALUES (1375,54,25,25,0,'g');
INSERT INTO food (fdcode, fdtname, fdename, imageurl, fooddesc) VALUES (55,'ข้าวราดผัดกะเพราตับ','','https://img.wongnai.com/p/1920x0/2020/02/22/6266d184d66a45f4b9c84f094c4bd97a.jpg','');
INSERT INTO foodcategorydetail (fcdetailcode, fdcode, seq, fccode) VALUES (121,55,1,1);
INSERT INTO foodcategorydetail (fcdetailcode, fdcode, seq, fccode) VALUES (122,55,2,2);
INSERT INTO nutrientdetail (ntdetailcode, fdcode, seq, ntcode, amount, unit) VALUES (1376,55,1,1,192,'kcal');
INSERT INTO nutrientdetail (ntdetailcode, fdcode, seq, ntcode, amount, unit) VALUES (1377,55,2,2,59,'g');
INSERT INTO nutrientdetail (ntdetailcode, fdcode, seq, ntcode, amount, unit) VALUES (1378,55,3,3,6.57,'g');
INSERT INTO nutrientdetail (ntdetailcode, fdcode, seq, ntcode, amount, unit) VALUES (1379,55,4,4,6.3,'g');
INSERT INTO nutrientdetail (ntdetailcode, fdcode, seq, ntcode, amount, unit) VALUES (1380,55,5,5,27.19,'g');
INSERT INTO nutrientdetail (ntdetailcode, fdcode, seq, ntcode, amount, unit) VALUES (1381,55,6,23,0,'g');
INSERT INTO nutrientdetail (ntdetailcode, fdcode, seq, ntcode, amount, unit) VALUES (1382,55,7,24,0.94,'g');
INSERT INTO nutrientdetail (ntdetailcode, fdcode, seq, ntcode, amount, unit) VALUES (1383,55,8,6,10,'g');
INSERT INTO nutrientdetail (ntdetailcode, fdcode, seq, ntcode, amount, unit) VALUES (1384,55,9,7,83,'g');
INSERT INTO nutrientdetail (ntdetailcode, fdcode, seq, ntcode, amount, unit) VALUES (1385,55,10,8,11,'g');
INSERT INTO nutrientdetail (ntdetailcode, fdcode, seq, ntcode, amount, unit) VALUES (1386,55,11,9,299,'g');
INSERT INTO nutrientdetail (ntdetailcode, fdcode, seq, ntcode, amount, unit) VALUES (1387,55,12,10,111,'g');
INSERT INTO nutrientdetail (ntdetailcode, fdcode, seq, ntcode, amount, unit) VALUES (1388,55,13,11,0,'g');
INSERT INTO nutrientdetail (ntdetailcode, fdcode, seq, ntcode, amount, unit) VALUES (1389,55,14,12,0,'g');
INSERT INTO nutrientdetail (ntdetailcode, fdcode, seq, ntcode, amount, unit) VALUES (1390,55,15,13,0,'g');
INSERT INTO nutrientdetail (ntdetailcode, fdcode, seq, ntcode, amount, unit) VALUES (1391,55,16,14,0,'g');
INSERT INTO nutrientdetail (ntdetailcode, fdcode, seq, ntcode, amount, unit) VALUES (1392,55,17,15,0,'g');
INSERT INTO nutrientdetail (ntdetailcode, fdcode, seq, ntcode, amount, unit) VALUES (1393,55,18,16,0,'g');
INSERT INTO nutrientdetail (ntdetailcode, fdcode, seq, ntcode, amount, unit) VALUES (1394,55,19,17,0,'g');
INSERT INTO nutrientdetail (ntdetailcode, fdcode, seq, ntcode, amount, unit) VALUES (1395,55,20,18,0,'g');
INSERT INTO nutrientdetail (ntdetailcode, fdcode, seq, ntcode, amount, unit) VALUES (1396,55,21,19,0,'g');
INSERT INTO nutrientdetail (ntdetailcode, fdcode, seq, ntcode, amount, unit) VALUES (1397,55,22,20,0,'g');
INSERT INTO nutrientdetail (ntdetailcode, fdcode, seq, ntcode, amount, unit) VALUES (1398,55,23,21,0,'g');
INSERT INTO nutrientdetail (ntdetailcode, fdcode, seq, ntcode, amount, unit) VALUES (1399,55,24,22,0,'g');
INSERT INTO nutrientdetail (ntdetailcode, fdcode, seq, ntcode, amount, unit) VALUES (1400,55,25,25,0,'g');
INSERT INTO food (fdcode, fdtname, fdename, imageurl, fooddesc) VALUES (56,'ข้าวราดผัดคะน้าหมูกรอบ','','https://theconnecion.com/wp-content/uploads/2021/08/%E0%B8%82%E0%B9%89%E0%B8%B2%E0%B8%A7%E0%B8%84%E0%B8%B0%E0%B8%99%E0%B9%89%E0%B8%B2%E0%B8%AB%E0%B8%A1%E0%B8%B9%E0%B8%81%E0%B8%A3%E0%B8%AD%E0%B8%9A-scaled.jpg','');
INSERT INTO foodcategorydetail (fcdetailcode, fdcode, seq, fccode) VALUES (123,56,1,1);
INSERT INTO foodcategorydetail (fcdetailcode, fdcode, seq, fccode) VALUES (124,56,2,2);
INSERT INTO nutrientdetail (ntdetailcode, fdcode, seq, ntcode, amount, unit) VALUES (1401,56,1,1,165,'kcal');
INSERT INTO nutrientdetail (ntdetailcode, fdcode, seq, ntcode, amount, unit) VALUES (1402,56,2,2,66.3,'g');
INSERT INTO nutrientdetail (ntdetailcode, fdcode, seq, ntcode, amount, unit) VALUES (1403,56,3,3,5.5,'g');
INSERT INTO nutrientdetail (ntdetailcode, fdcode, seq, ntcode, amount, unit) VALUES (1404,56,4,4,6.85,'g');
INSERT INTO nutrientdetail (ntdetailcode, fdcode, seq, ntcode, amount, unit) VALUES (1405,56,5,5,20.3,'g');
INSERT INTO nutrientdetail (ntdetailcode, fdcode, seq, ntcode, amount, unit) VALUES (1406,56,6,23,0,'g');
INSERT INTO nutrientdetail (ntdetailcode, fdcode, seq, ntcode, amount, unit) VALUES (1407,56,7,24,1.05,'g');
INSERT INTO nutrientdetail (ntdetailcode, fdcode, seq, ntcode, amount, unit) VALUES (1408,56,8,6,10,'g');
INSERT INTO nutrientdetail (ntdetailcode, fdcode, seq, ntcode, amount, unit) VALUES (1409,56,9,7,61,'g');
INSERT INTO nutrientdetail (ntdetailcode, fdcode, seq, ntcode, amount, unit) VALUES (1410,56,10,8,10,'g');
INSERT INTO nutrientdetail (ntdetailcode, fdcode, seq, ntcode, amount, unit) VALUES (1411,56,11,9,294,'g');
INSERT INTO nutrientdetail (ntdetailcode, fdcode, seq, ntcode, amount, unit) VALUES (1412,56,12,10,131,'g');
INSERT INTO nutrientdetail (ntdetailcode, fdcode, seq, ntcode, amount, unit) VALUES (1413,56,13,11,0,'g');
INSERT INTO nutrientdetail (ntdetailcode, fdcode, seq, ntcode, amount, unit) VALUES (1414,56,14,12,0,'g');
INSERT INTO nutrientdetail (ntdetailcode, fdcode, seq, ntcode, amount, unit) VALUES (1415,56,15,13,0,'g');
INSERT INTO nutrientdetail (ntdetailcode, fdcode, seq, ntcode, amount, unit) VALUES (1416,56,16,14,0,'g');
INSERT INTO nutrientdetail (ntdetailcode, fdcode, seq, ntcode, amount, unit) VALUES (1417,56,17,15,0,'g');
INSERT INTO nutrientdetail (ntdetailcode, fdcode, seq, ntcode, amount, unit) VALUES (1418,56,18,16,0,'g');
INSERT INTO nutrientdetail (ntdetailcode, fdcode, seq, ntcode, amount, unit) VALUES (1419,56,19,17,0,'g');
INSERT INTO nutrientdetail (ntdetailcode, fdcode, seq, ntcode, amount, unit) VALUES (1420,56,20,18,0,'g');
INSERT INTO nutrientdetail (ntdetailcode, fdcode, seq, ntcode, amount, unit) VALUES (1421,56,21,19,0,'g');
INSERT INTO nutrientdetail (ntdetailcode, fdcode, seq, ntcode, amount, unit) VALUES (1422,56,22,20,0,'g');
INSERT INTO nutrientdetail (ntdetailcode, fdcode, seq, ntcode, amount, unit) VALUES (1423,56,23,21,0,'g');
INSERT INTO nutrientdetail (ntdetailcode, fdcode, seq, ntcode, amount, unit) VALUES (1424,56,24,22,0,'g');
INSERT INTO nutrientdetail (ntdetailcode, fdcode, seq, ntcode, amount, unit) VALUES (1425,56,25,25,0,'g');
INSERT INTO food (fdcode, fdtname, fdename, imageurl, fooddesc) VALUES (57,'ข้าวราดผัดเต้าหู้ไข้ทรงเครื่อง','','https://img-global.cpcdn.com/recipes/a7ed8f74bf0393d0/680x482cq70/%E0%B8%A3%E0%B8%9B-%E0%B8%AB%E0%B8%A5%E0%B8%81-%E0%B8%82%E0%B8%AD%E0%B8%87-%E0%B8%AA%E0%B8%95%E0%B8%A3-%E0%B9%80%E0%B8%95%E0%B8%B2%E0%B8%AB%E0%B8%97%E0%B8%A3%E0%B8%87%E0%B9%80%E0%B8%84','');
INSERT INTO foodcategorydetail (fcdetailcode, fdcode, seq, fccode) VALUES (125,57,1,1);
INSERT INTO foodcategorydetail (fcdetailcode, fdcode, seq, fccode) VALUES (126,57,2,2);
INSERT INTO nutrientdetail (ntdetailcode, fdcode, seq, ntcode, amount, unit) VALUES (1426,57,1,1,105,'kcal');
INSERT INTO nutrientdetail (ntdetailcode, fdcode, seq, ntcode, amount, unit) VALUES (1427,57,2,2,76.4,'g');
INSERT INTO nutrientdetail (ntdetailcode, fdcode, seq, ntcode, amount, unit) VALUES (1428,57,3,3,4.29,'g');
INSERT INTO nutrientdetail (ntdetailcode, fdcode, seq, ntcode, amount, unit) VALUES (1429,57,4,4,2.92,'g');
INSERT INTO nutrientdetail (ntdetailcode, fdcode, seq, ntcode, amount, unit) VALUES (1430,57,5,5,15.36,'g');
INSERT INTO nutrientdetail (ntdetailcode, fdcode, seq, ntcode, amount, unit) VALUES (1431,57,6,23,0,'g');
INSERT INTO nutrientdetail (ntdetailcode, fdcode, seq, ntcode, amount, unit) VALUES (1432,57,7,24,1.04,'g');
INSERT INTO nutrientdetail (ntdetailcode, fdcode, seq, ntcode, amount, unit) VALUES (1433,57,8,6,8,'g');
INSERT INTO nutrientdetail (ntdetailcode, fdcode, seq, ntcode, amount, unit) VALUES (1434,57,9,7,61,'g');
INSERT INTO nutrientdetail (ntdetailcode, fdcode, seq, ntcode, amount, unit) VALUES (1435,57,10,8,6,'g');
INSERT INTO nutrientdetail (ntdetailcode, fdcode, seq, ntcode, amount, unit) VALUES (1436,57,11,9,477,'g');
INSERT INTO nutrientdetail (ntdetailcode, fdcode, seq, ntcode, amount, unit) VALUES (1437,57,12,10,99,'g');
INSERT INTO nutrientdetail (ntdetailcode, fdcode, seq, ntcode, amount, unit) VALUES (1438,57,13,11,0,'g');
INSERT INTO nutrientdetail (ntdetailcode, fdcode, seq, ntcode, amount, unit) VALUES (1439,57,14,12,0,'g');
INSERT INTO nutrientdetail (ntdetailcode, fdcode, seq, ntcode, amount, unit) VALUES (1440,57,15,13,0,'g');
INSERT INTO nutrientdetail (ntdetailcode, fdcode, seq, ntcode, amount, unit) VALUES (1441,57,16,14,0,'g');
INSERT INTO nutrientdetail (ntdetailcode, fdcode, seq, ntcode, amount, unit) VALUES (1442,57,17,15,0,'g');
INSERT INTO nutrientdetail (ntdetailcode, fdcode, seq, ntcode, amount, unit) VALUES (1443,57,18,16,0,'g');
INSERT INTO nutrientdetail (ntdetailcode, fdcode, seq, ntcode, amount, unit) VALUES (1444,57,19,17,0,'g');
INSERT INTO nutrientdetail (ntdetailcode, fdcode, seq, ntcode, amount, unit) VALUES (1445,57,20,18,0,'g');
INSERT INTO nutrientdetail (ntdetailcode, fdcode, seq, ntcode, amount, unit) VALUES (1446,57,21,19,0,'g');
INSERT INTO nutrientdetail (ntdetailcode, fdcode, seq, ntcode, amount, unit) VALUES (1447,57,22,20,0,'g');
INSERT INTO nutrientdetail (ntdetailcode, fdcode, seq, ntcode, amount, unit) VALUES (1448,57,23,21,0,'g');
INSERT INTO nutrientdetail (ntdetailcode, fdcode, seq, ntcode, amount, unit) VALUES (1449,57,24,22,0,'g');
INSERT INTO nutrientdetail (ntdetailcode, fdcode, seq, ntcode, amount, unit) VALUES (1450,57,25,25,0,'g');
INSERT INTO food (fdcode, fdtname, fdename, imageurl, fooddesc) VALUES (58,'ข้าวราดยำไข่ดาว','','https://img-global.cpcdn.com/recipes/763f277de2284416/680x482cq70/%E0%B8%A3%E0%B8%9B-%E0%B8%AB%E0%B8%A5%E0%B8%81-%E0%B8%82%E0%B8%AD%E0%B8%87-%E0%B8%AA%E0%B8%95%E0%B8%A3-%E0%B8%A2%E0%B8%B3%E0%B9%84%E0%B8%82%E0%B8%94%E0%B8%B2%E0%B8%A7-%E0%B8%A3%E0%B8%B','');
INSERT INTO foodcategorydetail (fcdetailcode, fdcode, seq, fccode) VALUES (127,58,1,1);
INSERT INTO foodcategorydetail (fcdetailcode, fdcode, seq, fccode) VALUES (128,58,2,2);
INSERT INTO nutrientdetail (ntdetailcode, fdcode, seq, ntcode, amount, unit) VALUES (1451,58,1,1,174,'kcal');
INSERT INTO nutrientdetail (ntdetailcode, fdcode, seq, ntcode, amount, unit) VALUES (1452,58,2,2,65.1,'g');
INSERT INTO nutrientdetail (ntdetailcode, fdcode, seq, ntcode, amount, unit) VALUES (1453,58,3,3,5.44,'g');
INSERT INTO nutrientdetail (ntdetailcode, fdcode, seq, ntcode, amount, unit) VALUES (1454,58,4,4,7.8,'g');
INSERT INTO nutrientdetail (ntdetailcode, fdcode, seq, ntcode, amount, unit) VALUES (1455,58,5,5,20.58,'g');
INSERT INTO nutrientdetail (ntdetailcode, fdcode, seq, ntcode, amount, unit) VALUES (1456,58,6,23,0,'g');
INSERT INTO nutrientdetail (ntdetailcode, fdcode, seq, ntcode, amount, unit) VALUES (1457,58,7,24,1.11,'g');
INSERT INTO nutrientdetail (ntdetailcode, fdcode, seq, ntcode, amount, unit) VALUES (1458,58,8,6,21,'g');
INSERT INTO nutrientdetail (ntdetailcode, fdcode, seq, ntcode, amount, unit) VALUES (1459,58,9,7,95,'g');
INSERT INTO nutrientdetail (ntdetailcode, fdcode, seq, ntcode, amount, unit) VALUES (1460,58,10,8,8,'g');
INSERT INTO nutrientdetail (ntdetailcode, fdcode, seq, ntcode, amount, unit) VALUES (1461,58,11,9,468,'g');
INSERT INTO nutrientdetail (ntdetailcode, fdcode, seq, ntcode, amount, unit) VALUES (1462,58,12,10,69,'g');
INSERT INTO nutrientdetail (ntdetailcode, fdcode, seq, ntcode, amount, unit) VALUES (1463,58,13,11,0,'g');
INSERT INTO nutrientdetail (ntdetailcode, fdcode, seq, ntcode, amount, unit) VALUES (1464,58,14,12,0,'g');
INSERT INTO nutrientdetail (ntdetailcode, fdcode, seq, ntcode, amount, unit) VALUES (1465,58,15,13,0,'g');
INSERT INTO nutrientdetail (ntdetailcode, fdcode, seq, ntcode, amount, unit) VALUES (1466,58,16,14,0,'g');
INSERT INTO nutrientdetail (ntdetailcode, fdcode, seq, ntcode, amount, unit) VALUES (1467,58,17,15,0,'g');
INSERT INTO nutrientdetail (ntdetailcode, fdcode, seq, ntcode, amount, unit) VALUES (1468,58,18,16,0,'g');
INSERT INTO nutrientdetail (ntdetailcode, fdcode, seq, ntcode, amount, unit) VALUES (1469,58,19,17,0,'g');
INSERT INTO nutrientdetail (ntdetailcode, fdcode, seq, ntcode, amount, unit) VALUES (1470,58,20,18,0,'g');
INSERT INTO nutrientdetail (ntdetailcode, fdcode, seq, ntcode, amount, unit) VALUES (1471,58,21,19,0,'g');
INSERT INTO nutrientdetail (ntdetailcode, fdcode, seq, ntcode, amount, unit) VALUES (1472,58,22,20,0,'g');
INSERT INTO nutrientdetail (ntdetailcode, fdcode, seq, ntcode, amount, unit) VALUES (1473,58,23,21,0,'g');
INSERT INTO nutrientdetail (ntdetailcode, fdcode, seq, ntcode, amount, unit) VALUES (1474,58,24,22,0,'g');
INSERT INTO nutrientdetail (ntdetailcode, fdcode, seq, ntcode, amount, unit) VALUES (1475,58,25,25,0,'g');
INSERT INTO food (fdcode, fdtname, fdename, imageurl, fooddesc) VALUES (59,'ข้าวราดหมูทอดกระเทียมพริกไทย','','https://img.wongnai.com/p/1968x0/2020/03/21/0f417d8d2ccc4f1eaf79668306c1ec03.jpg','');
INSERT INTO foodcategorydetail (fcdetailcode, fdcode, seq, fccode) VALUES (129,59,1,1);
INSERT INTO foodcategorydetail (fcdetailcode, fdcode, seq, fccode) VALUES (130,59,2,2);
INSERT INTO nutrientdetail (ntdetailcode, fdcode, seq, ntcode, amount, unit) VALUES (1476,59,1,1,193,'kcal');
INSERT INTO nutrientdetail (ntdetailcode, fdcode, seq, ntcode, amount, unit) VALUES (1477,59,2,2,57,'g');
INSERT INTO nutrientdetail (ntdetailcode, fdcode, seq, ntcode, amount, unit) VALUES (1478,59,3,3,6.1,'g');
INSERT INTO nutrientdetail (ntdetailcode, fdcode, seq, ntcode, amount, unit) VALUES (1479,59,4,4,4.91,'g');
INSERT INTO nutrientdetail (ntdetailcode, fdcode, seq, ntcode, amount, unit) VALUES (1480,59,5,5,31.16,'g');
INSERT INTO nutrientdetail (ntdetailcode, fdcode, seq, ntcode, amount, unit) VALUES (1481,59,6,23,0,'g');
INSERT INTO nutrientdetail (ntdetailcode, fdcode, seq, ntcode, amount, unit) VALUES (1482,59,7,24,0.84,'g');
INSERT INTO nutrientdetail (ntdetailcode, fdcode, seq, ntcode, amount, unit) VALUES (1483,59,8,6,7,'g');
INSERT INTO nutrientdetail (ntdetailcode, fdcode, seq, ntcode, amount, unit) VALUES (1484,59,9,7,88,'g');
INSERT INTO nutrientdetail (ntdetailcode, fdcode, seq, ntcode, amount, unit) VALUES (1485,59,10,8,10,'g');
INSERT INTO nutrientdetail (ntdetailcode, fdcode, seq, ntcode, amount, unit) VALUES (1486,59,11,9,267,'g');
INSERT INTO nutrientdetail (ntdetailcode, fdcode, seq, ntcode, amount, unit) VALUES (1487,59,12,10,107,'g');
INSERT INTO nutrientdetail (ntdetailcode, fdcode, seq, ntcode, amount, unit) VALUES (1488,59,13,11,0,'g');
INSERT INTO nutrientdetail (ntdetailcode, fdcode, seq, ntcode, amount, unit) VALUES (1489,59,14,12,0,'g');
INSERT INTO nutrientdetail (ntdetailcode, fdcode, seq, ntcode, amount, unit) VALUES (1490,59,15,13,0,'g');
INSERT INTO nutrientdetail (ntdetailcode, fdcode, seq, ntcode, amount, unit) VALUES (1491,59,16,14,0,'g');
INSERT INTO nutrientdetail (ntdetailcode, fdcode, seq, ntcode, amount, unit) VALUES (1492,59,17,15,0,'g');
INSERT INTO nutrientdetail (ntdetailcode, fdcode, seq, ntcode, amount, unit) VALUES (1493,59,18,16,0,'g');
INSERT INTO nutrientdetail (ntdetailcode, fdcode, seq, ntcode, amount, unit) VALUES (1494,59,19,17,0,'g');
INSERT INTO nutrientdetail (ntdetailcode, fdcode, seq, ntcode, amount, unit) VALUES (1495,59,20,18,0,'g');
INSERT INTO nutrientdetail (ntdetailcode, fdcode, seq, ntcode, amount, unit) VALUES (1496,59,21,19,0,'g');
INSERT INTO nutrientdetail (ntdetailcode, fdcode, seq, ntcode, amount, unit) VALUES (1497,59,22,20,0,'g');
INSERT INTO nutrientdetail (ntdetailcode, fdcode, seq, ntcode, amount, unit) VALUES (1498,59,23,21,0,'g');
INSERT INTO nutrientdetail (ntdetailcode, fdcode, seq, ntcode, amount, unit) VALUES (1499,59,24,22,0,'g');
INSERT INTO nutrientdetail (ntdetailcode, fdcode, seq, ntcode, amount, unit) VALUES (1500,59,25,25,0,'g');
INSERT INTO food (fdcode, fdtname, fdename, imageurl, fooddesc) VALUES (60,'ข้าวหมกไก่','','https://static.amarintv.com/images/upload/editor/source/Program/longpung-guide/guide9/kaomokkaikhunwut/kaomokkaikhunwut.jpg','');
INSERT INTO foodcategorydetail (fcdetailcode, fdcode, seq, fccode) VALUES (131,60,1,1);
INSERT INTO nutrientdetail (ntdetailcode, fdcode, seq, ntcode, amount, unit) VALUES (1501,60,1,1,158,'kcal');
INSERT INTO nutrientdetail (ntdetailcode, fdcode, seq, ntcode, amount, unit) VALUES (1502,60,2,2,66.5,'g');
INSERT INTO nutrientdetail (ntdetailcode, fdcode, seq, ntcode, amount, unit) VALUES (1503,60,3,3,6.94,'g');
INSERT INTO nutrientdetail (ntdetailcode, fdcode, seq, ntcode, amount, unit) VALUES (1504,60,4,4,6.07,'g');
INSERT INTO nutrientdetail (ntdetailcode, fdcode, seq, ntcode, amount, unit) VALUES (1505,60,5,5,19,'g');
INSERT INTO nutrientdetail (ntdetailcode, fdcode, seq, ntcode, amount, unit) VALUES (1506,60,6,23,0,'g');
INSERT INTO nutrientdetail (ntdetailcode, fdcode, seq, ntcode, amount, unit) VALUES (1507,60,7,24,1.48,'g');
INSERT INTO nutrientdetail (ntdetailcode, fdcode, seq, ntcode, amount, unit) VALUES (1508,60,8,6,6,'g');
INSERT INTO nutrientdetail (ntdetailcode, fdcode, seq, ntcode, amount, unit) VALUES (1509,60,9,7,75,'g');
INSERT INTO nutrientdetail (ntdetailcode, fdcode, seq, ntcode, amount, unit) VALUES (1510,60,10,8,8,'g');
INSERT INTO nutrientdetail (ntdetailcode, fdcode, seq, ntcode, amount, unit) VALUES (1511,60,11,9,411,'g');
INSERT INTO nutrientdetail (ntdetailcode, fdcode, seq, ntcode, amount, unit) VALUES (1512,60,12,10,117,'g');
INSERT INTO nutrientdetail (ntdetailcode, fdcode, seq, ntcode, amount, unit) VALUES (1513,60,13,11,0,'g');
INSERT INTO nutrientdetail (ntdetailcode, fdcode, seq, ntcode, amount, unit) VALUES (1514,60,14,12,0,'g');
INSERT INTO nutrientdetail (ntdetailcode, fdcode, seq, ntcode, amount, unit) VALUES (1515,60,15,13,0,'g');
INSERT INTO nutrientdetail (ntdetailcode, fdcode, seq, ntcode, amount, unit) VALUES (1516,60,16,14,0,'g');
INSERT INTO nutrientdetail (ntdetailcode, fdcode, seq, ntcode, amount, unit) VALUES (1517,60,17,15,0,'g');
INSERT INTO nutrientdetail (ntdetailcode, fdcode, seq, ntcode, amount, unit) VALUES (1518,60,18,16,0,'g');
INSERT INTO nutrientdetail (ntdetailcode, fdcode, seq, ntcode, amount, unit) VALUES (1519,60,19,17,0,'g');
INSERT INTO nutrientdetail (ntdetailcode, fdcode, seq, ntcode, amount, unit) VALUES (1520,60,20,18,0,'g');
INSERT INTO nutrientdetail (ntdetailcode, fdcode, seq, ntcode, amount, unit) VALUES (1521,60,21,19,0,'g');
INSERT INTO nutrientdetail (ntdetailcode, fdcode, seq, ntcode, amount, unit) VALUES (1522,60,22,20,0,'g');
INSERT INTO nutrientdetail (ntdetailcode, fdcode, seq, ntcode, amount, unit) VALUES (1523,60,23,21,0,'g');
INSERT INTO nutrientdetail (ntdetailcode, fdcode, seq, ntcode, amount, unit) VALUES (1524,60,24,22,0,'g');
INSERT INTO nutrientdetail (ntdetailcode, fdcode, seq, ntcode, amount, unit) VALUES (1525,60,25,25,0,'g');
INSERT INTO food (fdcode, fdtname, fdename, imageurl, fooddesc) VALUES (61,'ข้าวหมูแดง','','https://www.thaistreetfoods.net/wp-content/uploads/2016/08/DSC7520-700x466.jpg','');
INSERT INTO foodcategorydetail (fcdetailcode, fdcode, seq, fccode) VALUES (132,61,1,1);
INSERT INTO nutrientdetail (ntdetailcode, fdcode, seq, ntcode, amount, unit) VALUES (1526,61,1,1,169,'kcal');
INSERT INTO nutrientdetail (ntdetailcode, fdcode, seq, ntcode, amount, unit) VALUES (1527,61,2,2,63.3,'g');
INSERT INTO nutrientdetail (ntdetailcode, fdcode, seq, ntcode, amount, unit) VALUES (1528,61,3,3,6.2,'g');
INSERT INTO nutrientdetail (ntdetailcode, fdcode, seq, ntcode, amount, unit) VALUES (1529,61,4,4,5.6,'g');
INSERT INTO nutrientdetail (ntdetailcode, fdcode, seq, ntcode, amount, unit) VALUES (1530,61,5,5,23.5,'g');
INSERT INTO nutrientdetail (ntdetailcode, fdcode, seq, ntcode, amount, unit) VALUES (1531,61,6,23,0.2,'g');
INSERT INTO nutrientdetail (ntdetailcode, fdcode, seq, ntcode, amount, unit) VALUES (1532,61,7,24,1.4,'g');
INSERT INTO nutrientdetail (ntdetailcode, fdcode, seq, ntcode, amount, unit) VALUES (1533,61,8,6,352,'g');
INSERT INTO nutrientdetail (ntdetailcode, fdcode, seq, ntcode, amount, unit) VALUES (1534,61,9,7,72,'g');
INSERT INTO nutrientdetail (ntdetailcode, fdcode, seq, ntcode, amount, unit) VALUES (1535,61,10,8,0,'g');
INSERT INTO nutrientdetail (ntdetailcode, fdcode, seq, ntcode, amount, unit) VALUES (1536,61,11,9,0,'g');
INSERT INTO nutrientdetail (ntdetailcode, fdcode, seq, ntcode, amount, unit) VALUES (1537,61,12,10,0,'g');
INSERT INTO nutrientdetail (ntdetailcode, fdcode, seq, ntcode, amount, unit) VALUES (1538,61,13,11,0.2,'g');
INSERT INTO nutrientdetail (ntdetailcode, fdcode, seq, ntcode, amount, unit) VALUES (1539,61,14,12,0,'g');
INSERT INTO nutrientdetail (ntdetailcode, fdcode, seq, ntcode, amount, unit) VALUES (1540,61,15,13,0,'g');
INSERT INTO nutrientdetail (ntdetailcode, fdcode, seq, ntcode, amount, unit) VALUES (1541,61,16,14,0,'g');
INSERT INTO nutrientdetail (ntdetailcode, fdcode, seq, ntcode, amount, unit) VALUES (1542,61,17,15,61,'g');
INSERT INTO nutrientdetail (ntdetailcode, fdcode, seq, ntcode, amount, unit) VALUES (1543,61,18,16,0,'g');
INSERT INTO nutrientdetail (ntdetailcode, fdcode, seq, ntcode, amount, unit) VALUES (1544,61,19,17,5,'g');
INSERT INTO nutrientdetail (ntdetailcode, fdcode, seq, ntcode, amount, unit) VALUES (1545,61,20,18,0.02,'g');
INSERT INTO nutrientdetail (ntdetailcode, fdcode, seq, ntcode, amount, unit) VALUES (1546,61,21,19,0,'g');
INSERT INTO nutrientdetail (ntdetailcode, fdcode, seq, ntcode, amount, unit) VALUES (1547,61,22,20,1.3,'g');
INSERT INTO nutrientdetail (ntdetailcode, fdcode, seq, ntcode, amount, unit) VALUES (1548,61,23,21,0,'g');
INSERT INTO nutrientdetail (ntdetailcode, fdcode, seq, ntcode, amount, unit) VALUES (1549,61,24,22,0,'g');
INSERT INTO nutrientdetail (ntdetailcode, fdcode, seq, ntcode, amount, unit) VALUES (1550,61,25,25,0,'g');