INSERT INTO food (fdcode, fdtname, fdename, imageurl, fooddesc) VALUES (1,'แกงเขียวหวานทูน่า','Curry green tuna','https://img-global.cpcdn.com/recipes/964d04391600e3e9/680x482cq70/%E0%B8%A3%E0%B8%9B-%E0%B8%AB%E0%B8%A5%E0%B8%81-%E0%B8%82%E0%B8%AD%E0%B8%87-%E0%B8%AA%E0%B8%95%E0%B8%A3-%E0%B9%81%E0%B8%81%E0%B8%87%E0%B9%80%E0%B8%82%E0%B8%A2%E0%B8%A7%E0%B8%AB%E0%B8%A7%E0%B8%B2%E0%B8%99%E0%B8%97%E0%B8%99%E0%B8%B2.jpg','');
INSERT INTO foodcategorydetail (fdcode, seq, fccode) VALUES (1,1,1);
INSERT INTO nutrientdetail (fdcode, seq, ntcode, amount, unit) VALUES (1,1,1,169,'kcal');
INSERT INTO nutrientdetail (fdcode, seq, ntcode, amount, unit) VALUES (1,2,2,68.6,'g');
INSERT INTO nutrientdetail (fdcode, seq, ntcode, amount, unit) VALUES (1,3,3,9.16,'g');
INSERT INTO nutrientdetail (fdcode, seq, ntcode, amount, unit) VALUES (1,4,4,10.36,'g');
INSERT INTO nutrientdetail (fdcode, seq, ntcode, amount, unit) VALUES (1,5,5,9.82,'g');
INSERT INTO nutrientdetail (fdcode, seq, ntcode, amount, unit) VALUES (1,7,24,2.06,'g');
INSERT INTO food (fdcode, fdtname, fdename, imageurl, fooddesc) VALUES (2,'แกงเผ็ดเนื้อ','Curry red beef','https://img.wongnai.com/p/400x0/2019/08/06/07ac51ff3efd4fd5b4c2337bb13717ea.jpg','');
INSERT INTO foodcategorydetail (fdcode, seq, fccode) VALUES (2,1,1);
INSERT INTO nutrientdetail (fdcode, seq, ntcode, amount, unit) VALUES (2,1,1,136,'kcal');
INSERT INTO nutrientdetail (fdcode, seq, ntcode, amount, unit) VALUES (2,2,2,73,'g');
INSERT INTO nutrientdetail (fdcode, seq, ntcode, amount, unit) VALUES (2,3,3,10.1,'g');
INSERT INTO nutrientdetail (fdcode, seq, ntcode, amount, unit) VALUES (2,4,4,7.77,'g');
INSERT INTO nutrientdetail (fdcode, seq, ntcode, amount, unit) VALUES (2,5,5,6.45,'g');
INSERT INTO nutrientdetail (fdcode, seq, ntcode, amount, unit) VALUES (2,7,24,2.65,'g');
INSERT INTO food (fdcode, fdtname, fdename, imageurl, fooddesc) VALUES (3,'แกงเลียง','Spicy vegetable and prawn soup','https://img-global.cpcdn.com/recipes/a72a52b89bd0c284/400x400cq70/photo.jpg','');
INSERT INTO foodcategorydetail (fdcode, seq, fccode) VALUES (3,1,1);
INSERT INTO nutrientdetail (fdcode, seq, ntcode, amount, unit) VALUES (3,1,1,30,'kcal');
INSERT INTO nutrientdetail (fdcode, seq, ntcode, amount, unit) VALUES (3,2,2,91.6,'g');
INSERT INTO nutrientdetail (fdcode, seq, ntcode, amount, unit) VALUES (3,3,3,1.44,'g');
INSERT INTO nutrientdetail (fdcode, seq, ntcode, amount, unit) VALUES (3,4,4,0.35,'g');
INSERT INTO nutrientdetail (fdcode, seq, ntcode, amount, unit) VALUES (3,5,5,5.36,'g');
INSERT INTO nutrientdetail (fdcode, seq, ntcode, amount, unit) VALUES (3,7,24,1.29,'g');
INSERT INTO nutrientdetail (fdcode, seq, ntcode, amount, unit) VALUES (3,8,6,24,'g');
INSERT INTO nutrientdetail (fdcode, seq, ntcode, amount, unit) VALUES (3,9,7,40,'g');
INSERT INTO nutrientdetail (fdcode, seq, ntcode, amount, unit) VALUES (3,10,8,17,'g');
INSERT INTO nutrientdetail (fdcode, seq, ntcode, amount, unit) VALUES (3,11,9,3,'g');
INSERT INTO nutrientdetail (fdcode, seq, ntcode, amount, unit) VALUES (3,12,10,170,'g');
INSERT INTO food (fdcode, fdtname, fdename, imageurl, fooddesc) VALUES (4,'กระเทียมพริกไทยไก่','Fried chicken with garlic and pepper','https://s359.kapook.com/pagebuilder/683d4862-5951-4398-a53f-97af8490f14a.jpg','');
INSERT INTO foodcategorydetail (fdcode, seq, fccode) VALUES (4,1,1);
INSERT INTO nutrientdetail (fdcode, seq, ntcode, amount, unit) VALUES (4,1,1,186,'kcal');
INSERT INTO nutrientdetail (fdcode, seq, ntcode, amount, unit) VALUES (4,2,2,63.2,'g');
INSERT INTO nutrientdetail (fdcode, seq, ntcode, amount, unit) VALUES (4,3,3,18.38,'g');
INSERT INTO nutrientdetail (fdcode, seq, ntcode, amount, unit) VALUES (4,4,4,10.02,'g');
INSERT INTO nutrientdetail (fdcode, seq, ntcode, amount, unit) VALUES (4,5,5,5.68,'g');
INSERT INTO nutrientdetail (fdcode, seq, ntcode, amount, unit) VALUES (4,7,24,2.74,'g');
INSERT INTO food (fdcode, fdtname, fdename, imageurl, fooddesc) VALUES (5,'ต้มข่าทูน่า','Soup coconut milk with galangal tuna','https://media.oknation.net/uploads/201207/21/48866e3f3.jpg','');
INSERT INTO foodcategorydetail (fdcode, seq, fccode) VALUES (5,1,1);
INSERT INTO nutrientdetail (fdcode, seq, ntcode, amount, unit) VALUES (5,1,1,104,'kcal');
INSERT INTO nutrientdetail (fdcode, seq, ntcode, amount, unit) VALUES (5,2,2,80.2,'g');
INSERT INTO nutrientdetail (fdcode, seq, ntcode, amount, unit) VALUES (5,3,3,7.26,'g');
INSERT INTO nutrientdetail (fdcode, seq, ntcode, amount, unit) VALUES (5,4,4,6.64,'g');
INSERT INTO nutrientdetail (fdcode, seq, ntcode, amount, unit) VALUES (5,5,5,3.82,'g');
INSERT INTO nutrientdetail (fdcode, seq, ntcode, amount, unit) VALUES (5,7,24,2.11,'g');
INSERT INTO food (fdcode, fdtname, fdename, imageurl, fooddesc) VALUES (6,'ต้มเลือดหมู','Tom-leud-moo','https://www.khaotrachat.com/wp-content/uploads/2023/02/CP_2020_%E0%B8%82%E0%B9%89%E0%B8%B2%E0%B8%A7%E0%B8%89%E0%B8%B1%E0%B8%95%E0%B8%A3%E0%B9%80%E0%B8%82%E0%B8%B5%E0%B8%A2%E0%B8%A7_%E0%B8%95%E0%B9%89%E0%B8%A1%E0%B9%80%E0%B8%A5%E0%B8%B7%E0%B8%AD%E0%B8%94%E0%B8%AB%E0%B8%A1%E0%B8%B9-1-scaled.jpg','');
INSERT INTO foodcategorydetail (fdcode, seq, fccode) VALUES (6,1,1);
INSERT INTO nutrientdetail (fdcode, seq, ntcode, amount, unit) VALUES (6,1,1,36,'kcal');
INSERT INTO nutrientdetail (fdcode, seq, ntcode, amount, unit) VALUES (6,2,2,91.6,'g');
INSERT INTO nutrientdetail (fdcode, seq, ntcode, amount, unit) VALUES (6,3,3,5.05,'g');
INSERT INTO nutrientdetail (fdcode, seq, ntcode, amount, unit) VALUES (6,4,4,1.3,'g');
INSERT INTO nutrientdetail (fdcode, seq, ntcode, amount, unit) VALUES (6,5,5,1.04,'g');
INSERT INTO nutrientdetail (fdcode, seq, ntcode, amount, unit) VALUES (6,7,24,1.03,'g');
INSERT INTO nutrientdetail (fdcode, seq, ntcode, amount, unit) VALUES (6,8,6,10,'g');
INSERT INTO nutrientdetail (fdcode, seq, ntcode, amount, unit) VALUES (6,9,7,57,'g');
INSERT INTO nutrientdetail (fdcode, seq, ntcode, amount, unit) VALUES (6,10,8,10,'g');
INSERT INTO nutrientdetail (fdcode, seq, ntcode, amount, unit) VALUES (6,11,9,335,'g');
INSERT INTO nutrientdetail (fdcode, seq, ntcode, amount, unit) VALUES (6,12,10,120,'g');
INSERT INTO food (fdcode, fdtname, fdename, imageurl, fooddesc) VALUES (7,'น้ำพริกกะปิ+ปลาทู+ผัก','Shrimp-paste sauce with fried mackerel a','https://d.line-scdn.net/lcp-prod-photo/20200819_237/1597807133847gdTsW_JPEG/IJLU9OY5XGR16932RMY1DABN5EK40J.jpg','');
INSERT INTO foodcategorydetail (fdcode, seq, fccode) VALUES (7,1,1);
INSERT INTO nutrientdetail (fdcode, seq, ntcode, amount, unit) VALUES (7,1,1,116,'kcal');
INSERT INTO nutrientdetail (fdcode, seq, ntcode, amount, unit) VALUES (7,2,2,78.1,'g');
INSERT INTO nutrientdetail (fdcode, seq, ntcode, amount, unit) VALUES (7,3,3,9.91,'g');
INSERT INTO nutrientdetail (fdcode, seq, ntcode, amount, unit) VALUES (7,4,4,7.39,'g');
INSERT INTO nutrientdetail (fdcode, seq, ntcode, amount, unit) VALUES (7,5,5,2.58,'g');
INSERT INTO nutrientdetail (fdcode, seq, ntcode, amount, unit) VALUES (7,7,24,2.06,'g');
INSERT INTO nutrientdetail (fdcode, seq, ntcode, amount, unit) VALUES (7,8,6,78,'g');
INSERT INTO nutrientdetail (fdcode, seq, ntcode, amount, unit) VALUES (7,9,7,125,'g');
INSERT INTO nutrientdetail (fdcode, seq, ntcode, amount, unit) VALUES (7,10,8,31,'g');
INSERT INTO nutrientdetail (fdcode, seq, ntcode, amount, unit) VALUES (7,11,9,505,'g');
INSERT INTO nutrientdetail (fdcode, seq, ntcode, amount, unit) VALUES (7,12,10,219,'g');
INSERT INTO food (fdcode, fdtname, fdename, imageurl, fooddesc) VALUES (8,'น้ำพริกปลาทู+ผัก','Fried mackerel paste sauce with vegetabl','https://lh4.googleusercontent.com/proxy/BTKr-IbP4lhQWJxQLq-ZywiuBUHpgrW_ZFjiZzFQsjvZDJ3ech_5cmPm9UE03_ox7-y7V5cmZoeXGwT76fyaSNjeedIGL-HkznLqEISp8PbFRRloc_kJV2M','');
INSERT INTO foodcategorydetail (fdcode, seq, fccode) VALUES (8,1,1);
INSERT INTO nutrientdetail (fdcode, seq, ntcode, amount, unit) VALUES (8,1,1,32,'kcal');
INSERT INTO nutrientdetail (fdcode, seq, ntcode, amount, unit) VALUES (8,2,2,91.6,'g');
INSERT INTO nutrientdetail (fdcode, seq, ntcode, amount, unit) VALUES (8,3,3,2.12,'g');
INSERT INTO nutrientdetail (fdcode, seq, ntcode, amount, unit) VALUES (8,4,4,0.71,'g');
INSERT INTO nutrientdetail (fdcode, seq, ntcode, amount, unit) VALUES (8,5,5,4.33,'g');
INSERT INTO nutrientdetail (fdcode, seq, ntcode, amount, unit) VALUES (8,7,24,1.27,'g');
INSERT INTO nutrientdetail (fdcode, seq, ntcode, amount, unit) VALUES (8,8,6,21,'g');
INSERT INTO nutrientdetail (fdcode, seq, ntcode, amount, unit) VALUES (8,9,7,36,'g');
INSERT INTO nutrientdetail (fdcode, seq, ntcode, amount, unit) VALUES (8,10,8,18,'g');
INSERT INTO nutrientdetail (fdcode, seq, ntcode, amount, unit) VALUES (8,11,9,423,'g');
INSERT INTO nutrientdetail (fdcode, seq, ntcode, amount, unit) VALUES (8,12,10,186,'g');
INSERT INTO food (fdcode, fdtname, fdename, imageurl, fooddesc) VALUES (9,'ปลาซาบะในซอสมะเขือเทศ','Steamed saba in tomato sauce','https://assets.tops.co.th/ROZA-RozaBigSabainTomatoSauce220g-8850511121617-1','');
INSERT INTO foodcategorydetail (fdcode, seq, fccode) VALUES (9,1,1);
INSERT INTO nutrientdetail (fdcode, seq, ntcode, amount, unit) VALUES (9,1,1,187,'kcal');
INSERT INTO nutrientdetail (fdcode, seq, ntcode, amount, unit) VALUES (9,2,2,73.4,'g');
INSERT INTO nutrientdetail (fdcode, seq, ntcode, amount, unit) VALUES (9,3,3,16.7,'g');
INSERT INTO nutrientdetail (fdcode, seq, ntcode, amount, unit) VALUES (9,4,4,13.37,'g');
INSERT INTO nutrientdetail (fdcode, seq, ntcode, amount, unit) VALUES (9,7,24,1.32,'g');
INSERT INTO food (fdcode, fdtname, fdename, imageurl, fooddesc) VALUES (10,'ก๋วยเตี๊ยวผัดปูใส่ถั่วงอก','Rice noodles fried with crab and raw mun','https://f.ptcdn.info/229/059/000/pdll822hJN0c4JBIv4-o.jpg','');
INSERT INTO foodcategorydetail (fdcode, seq, fccode) VALUES (10,1,1);
INSERT INTO nutrientdetail (fdcode, seq, ntcode, amount, unit) VALUES (10,1,1,243,'kcal');
INSERT INTO nutrientdetail (fdcode, seq, ntcode, amount, unit) VALUES (10,2,2,44.9,'g');
INSERT INTO nutrientdetail (fdcode, seq, ntcode, amount, unit) VALUES (10,3,3,2.94,'g');
INSERT INTO nutrientdetail (fdcode, seq, ntcode, amount, unit) VALUES (10,4,4,6.12,'g');
INSERT INTO nutrientdetail (fdcode, seq, ntcode, amount, unit) VALUES (10,5,5,44.1,'g');
INSERT INTO nutrientdetail (fdcode, seq, ntcode, amount, unit) VALUES (10,7,24,1.9,'g');
INSERT INTO nutrientdetail (fdcode, seq, ntcode, amount, unit) VALUES (10,8,6,54,'g');
INSERT INTO nutrientdetail (fdcode, seq, ntcode, amount, unit) VALUES (10,9,7,37,'g');
INSERT INTO nutrientdetail (fdcode, seq, ntcode, amount, unit) VALUES (10,10,8,23,'g');
INSERT INTO nutrientdetail (fdcode, seq, ntcode, amount, unit) VALUES (10,11,9,545,'g');
INSERT INTO nutrientdetail (fdcode, seq, ntcode, amount, unit) VALUES (10,12,10,135,'g');
INSERT INTO nutrientdetail (fdcode, seq, ntcode, amount, unit) VALUES (10,13,11,1.2,'g');
INSERT INTO nutrientdetail (fdcode, seq, ntcode, amount, unit) VALUES (10,14,12,0.37,'g');
INSERT INTO nutrientdetail (fdcode, seq, ntcode, amount, unit) VALUES (10,15,13,13,'g');
INSERT INTO nutrientdetail (fdcode, seq, ntcode, amount, unit) VALUES (10,16,14,20,'g');
INSERT INTO nutrientdetail (fdcode, seq, ntcode, amount, unit) VALUES (10,17,15,96,'g');
INSERT INTO nutrientdetail (fdcode, seq, ntcode, amount, unit) VALUES (10,19,17,8,'g');
INSERT INTO nutrientdetail (fdcode, seq, ntcode, amount, unit) VALUES (10,20,18,0.01,'g');
INSERT INTO nutrientdetail (fdcode, seq, ntcode, amount, unit) VALUES (10,21,19,0.08,'g');
INSERT INTO nutrientdetail (fdcode, seq, ntcode, amount, unit) VALUES (10,22,20,1.33,'g');
INSERT INTO nutrientdetail (fdcode, seq, ntcode, amount, unit) VALUES (10,24,22,74,'g');
INSERT INTO food (fdcode, fdtname, fdename, imageurl, fooddesc) VALUES (11,'แกงขี้เหล็ก','Curry cassia leaves','https://wwwgreeneryorg2b5fd.zapwp.com/q:i/r:1/wp:1/w:412/u:https://greenery.org/wp-content/uploads/2019/10/KKR-04.jpg','');
INSERT INTO foodcategorydetail (fdcode, seq, fccode) VALUES (11,1,1);
INSERT INTO nutrientdetail (fdcode, seq, ntcode, amount, unit) VALUES (11,1,1,182,'kcal');
INSERT INTO nutrientdetail (fdcode, seq, ntcode, amount, unit) VALUES (11,2,2,81.8,'g');
INSERT INTO nutrientdetail (fdcode, seq, ntcode, amount, unit) VALUES (11,3,3,2.8,'g');
INSERT INTO nutrientdetail (fdcode, seq, ntcode, amount, unit) VALUES (11,4,4,19.02,'g');
INSERT INTO nutrientdetail (fdcode, seq, ntcode, amount, unit) VALUES (11,7,24,1.84,'g');
INSERT INTO nutrientdetail (fdcode, seq, ntcode, amount, unit) VALUES (11,8,6,32,'g');
INSERT INTO nutrientdetail (fdcode, seq, ntcode, amount, unit) VALUES (11,9,7,44,'g');
INSERT INTO nutrientdetail (fdcode, seq, ntcode, amount, unit) VALUES (11,10,8,20,'g');
INSERT INTO nutrientdetail (fdcode, seq, ntcode, amount, unit) VALUES (11,11,9,598,'g');
INSERT INTO nutrientdetail (fdcode, seq, ntcode, amount, unit) VALUES (11,12,10,142,'g');
INSERT INTO nutrientdetail (fdcode, seq, ntcode, amount, unit) VALUES (11,13,11,1,'g');
INSERT INTO nutrientdetail (fdcode, seq, ntcode, amount, unit) VALUES (11,14,12,0.16,'g');
INSERT INTO nutrientdetail (fdcode, seq, ntcode, amount, unit) VALUES (11,15,13,0.4,'g');
INSERT INTO nutrientdetail (fdcode, seq, ntcode, amount, unit) VALUES (11,16,14,8,'g');
INSERT INTO nutrientdetail (fdcode, seq, ntcode, amount, unit) VALUES (11,20,18,0.05,'g');
INSERT INTO nutrientdetail (fdcode, seq, ntcode, amount, unit) VALUES (11,21,19,0.03,'g');
INSERT INTO nutrientdetail (fdcode, seq, ntcode, amount, unit) VALUES (11,22,20,1.09,'g');
INSERT INTO food (fdcode, fdtname, fdename, imageurl, fooddesc) VALUES (12,'แกงเขียวหวานหมู','Green curry pork','https://f.ptcdn.info/145/047/000/ogfk3my5jHgqR0XI08N-o.jpg','');
INSERT INTO foodcategorydetail (fdcode, seq, fccode) VALUES (12,1,1);
INSERT INTO nutrientdetail (fdcode, seq, ntcode, amount, unit) VALUES (12,1,1,136,'kcal');
INSERT INTO nutrientdetail (fdcode, seq, ntcode, amount, unit) VALUES (12,2,2,82.7,'g');
INSERT INTO nutrientdetail (fdcode, seq, ntcode, amount, unit) VALUES (12,3,3,6.31,'g');
INSERT INTO nutrientdetail (fdcode, seq, ntcode, amount, unit) VALUES (12,4,4,12.32,'g');
INSERT INTO nutrientdetail (fdcode, seq, ntcode, amount, unit) VALUES (12,7,24,1.86,'g');
INSERT INTO nutrientdetail (fdcode, seq, ntcode, amount, unit) VALUES (12,8,6,15,'g');
INSERT INTO nutrientdetail (fdcode, seq, ntcode, amount, unit) VALUES (12,9,7,64,'g');
INSERT INTO nutrientdetail (fdcode, seq, ntcode, amount, unit) VALUES (12,10,8,23,'g');
INSERT INTO nutrientdetail (fdcode, seq, ntcode, amount, unit) VALUES (12,11,9,571,'g');
INSERT INTO nutrientdetail (fdcode, seq, ntcode, amount, unit) VALUES (12,12,10,242,'g');
INSERT INTO nutrientdetail (fdcode, seq, ntcode, amount, unit) VALUES (12,13,11,1.1,'g');
INSERT INTO nutrientdetail (fdcode, seq, ntcode, amount, unit) VALUES (12,14,12,0.16,'g');
INSERT INTO nutrientdetail (fdcode, seq, ntcode, amount, unit) VALUES (12,15,13,0.8,'g');
INSERT INTO nutrientdetail (fdcode, seq, ntcode, amount, unit) VALUES (12,16,14,12,'g');
INSERT INTO nutrientdetail (fdcode, seq, ntcode, amount, unit) VALUES (12,17,15,40,'g');
INSERT INTO nutrientdetail (fdcode, seq, ntcode, amount, unit) VALUES (12,19,17,3,'g');
INSERT INTO nutrientdetail (fdcode, seq, ntcode, amount, unit) VALUES (12,20,18,0.12,'g');
INSERT INTO nutrientdetail (fdcode, seq, ntcode, amount, unit) VALUES (12,21,19,0.06,'g');
INSERT INTO nutrientdetail (fdcode, seq, ntcode, amount, unit) VALUES (12,22,20,3.32,'g');
INSERT INTO nutrientdetail (fdcode, seq, ntcode, amount, unit) VALUES (12,24,22,0.2,'g');
INSERT INTO food (fdcode, fdtname, fdename, imageurl, fooddesc) VALUES (13,'แกงบอน','Kang-bon','https://i.ytimg.com/vi/R0TAFwSMLFE/maxresdefault.jpg','');
INSERT INTO foodcategorydetail (fdcode, seq, fccode) VALUES (13,1,1);
INSERT INTO nutrientdetail (fdcode, seq, ntcode, amount, unit) VALUES (13,1,1,39,'kcal');
INSERT INTO nutrientdetail (fdcode, seq, ntcode, amount, unit) VALUES (13,2,2,88.2,'g');
INSERT INTO nutrientdetail (fdcode, seq, ntcode, amount, unit) VALUES (13,3,3,1.55,'g');
INSERT INTO nutrientdetail (fdcode, seq, ntcode, amount, unit) VALUES (13,4,4,0.32,'g');
INSERT INTO nutrientdetail (fdcode, seq, ntcode, amount, unit) VALUES (13,5,5,7.53,'g');
INSERT INTO nutrientdetail (fdcode, seq, ntcode, amount, unit) VALUES (13,7,24,2.43,'g');
INSERT INTO nutrientdetail (fdcode, seq, ntcode, amount, unit) VALUES (13,8,6,5,'g');
INSERT INTO nutrientdetail (fdcode, seq, ntcode, amount, unit) VALUES (13,9,7,26,'g');
INSERT INTO nutrientdetail (fdcode, seq, ntcode, amount, unit) VALUES (13,10,8,15,'g');
INSERT INTO nutrientdetail (fdcode, seq, ntcode, amount, unit) VALUES (13,11,9,437,'g');
INSERT INTO nutrientdetail (fdcode, seq, ntcode, amount, unit) VALUES (13,12,10,152,'g');
INSERT INTO nutrientdetail (fdcode, seq, ntcode, amount, unit) VALUES (13,13,11,0.7,'g');
INSERT INTO nutrientdetail (fdcode, seq, ntcode, amount, unit) VALUES (13,14,12,0.09,'g');
INSERT INTO nutrientdetail (fdcode, seq, ntcode, amount, unit) VALUES (13,15,13,0.3,'g');
INSERT INTO nutrientdetail (fdcode, seq, ntcode, amount, unit) VALUES (13,16,14,54,'g');
INSERT INTO nutrientdetail (fdcode, seq, ntcode, amount, unit) VALUES (13,17,15,50,'g');
INSERT INTO nutrientdetail (fdcode, seq, ntcode, amount, unit) VALUES (13,19,17,4,'g');
INSERT INTO nutrientdetail (fdcode, seq, ntcode, amount, unit) VALUES (13,20,18,0.03,'g');
INSERT INTO nutrientdetail (fdcode, seq, ntcode, amount, unit) VALUES (13,21,19,0.02,'g');
INSERT INTO nutrientdetail (fdcode, seq, ntcode, amount, unit) VALUES (13,22,20,1.74,'g');
INSERT INTO nutrientdetail (fdcode, seq, ntcode, amount, unit) VALUES (13,24,22,0.22,'g');
INSERT INTO food (fdcode, fdtname, fdename, imageurl, fooddesc) VALUES (14,'แกงส้มผักปลาช่อน','Kang-som vegetable and triped snakehead ','https://img.wongnai.com/p/1968x0/2022/12/16/9b1fa064d9774afb8e55587cde14254d.jpg','');
INSERT INTO foodcategorydetail (fdcode, seq, fccode) VALUES (14,1,1);
INSERT INTO nutrientdetail (fdcode, seq, ntcode, amount, unit) VALUES (14,1,1,24,'kcal');
INSERT INTO nutrientdetail (fdcode, seq, ntcode, amount, unit) VALUES (14,2,2,93.1,'g');
INSERT INTO nutrientdetail (fdcode, seq, ntcode, amount, unit) VALUES (14,3,3,1.96,'g');
INSERT INTO nutrientdetail (fdcode, seq, ntcode, amount, unit) VALUES (14,4,4,0.49,'g');
INSERT INTO nutrientdetail (fdcode, seq, ntcode, amount, unit) VALUES (14,5,5,2.91,'g');
INSERT INTO nutrientdetail (fdcode, seq, ntcode, amount, unit) VALUES (14,7,24,1.54,'g');
INSERT INTO nutrientdetail (fdcode, seq, ntcode, amount, unit) VALUES (14,8,6,20,'g');
INSERT INTO nutrientdetail (fdcode, seq, ntcode, amount, unit) VALUES (14,9,7,27,'g');
INSERT INTO nutrientdetail (fdcode, seq, ntcode, amount, unit) VALUES (14,10,8,3,'g');
INSERT INTO nutrientdetail (fdcode, seq, ntcode, amount, unit) VALUES (14,11,9,509,'g');
INSERT INTO nutrientdetail (fdcode, seq, ntcode, amount, unit) VALUES (14,12,10,128,'g');
INSERT INTO nutrientdetail (fdcode, seq, ntcode, amount, unit) VALUES (14,13,11,1.1,'g');
INSERT INTO nutrientdetail (fdcode, seq, ntcode, amount, unit) VALUES (14,14,12,0.11,'g');
INSERT INTO nutrientdetail (fdcode, seq, ntcode, amount, unit) VALUES (14,15,13,1,'g');
INSERT INTO nutrientdetail (fdcode, seq, ntcode, amount, unit) VALUES (14,16,14,11,'g');
INSERT INTO nutrientdetail (fdcode, seq, ntcode, amount, unit) VALUES (14,17,15,34,'g');
INSERT INTO nutrientdetail (fdcode, seq, ntcode, amount, unit) VALUES (14,19,17,3,'g');
INSERT INTO nutrientdetail (fdcode, seq, ntcode, amount, unit) VALUES (14,20,18,0.03,'g');
INSERT INTO nutrientdetail (fdcode, seq, ntcode, amount, unit) VALUES (14,21,19,0.04,'g');
INSERT INTO nutrientdetail (fdcode, seq, ntcode, amount, unit) VALUES (14,22,20,1.03,'g');
INSERT INTO nutrientdetail (fdcode, seq, ntcode, amount, unit) VALUES (14,24,22,0.31,'g');
INSERT INTO food (fdcode, fdtname, fdename, imageurl, fooddesc) VALUES (15,'แกงหมูชะมวง','Kang-moo-chamoung','https://img-global.cpcdn.com/recipes/40b9a48bc7d2bb1f/1200x630cq70/photo.jpg','');
INSERT INTO foodcategorydetail (fdcode, seq, fccode) VALUES (15,1,1);
INSERT INTO nutrientdetail (fdcode, seq, ntcode, amount, unit) VALUES (15,1,1,194,'kcal');
INSERT INTO nutrientdetail (fdcode, seq, ntcode, amount, unit) VALUES (15,2,2,56.6,'g');
INSERT INTO nutrientdetail (fdcode, seq, ntcode, amount, unit) VALUES (15,3,3,10.28,'g');
INSERT INTO nutrientdetail (fdcode, seq, ntcode, amount, unit) VALUES (15,4,4,6.5,'g');
INSERT INTO nutrientdetail (fdcode, seq, ntcode, amount, unit) VALUES (15,5,5,22.82,'g');
INSERT INTO nutrientdetail (fdcode, seq, ntcode, amount, unit) VALUES (15,6,23,2,'g');
INSERT INTO nutrientdetail (fdcode, seq, ntcode, amount, unit) VALUES (15,7,24,2.26,'g');
INSERT INTO nutrientdetail (fdcode, seq, ntcode, amount, unit) VALUES (15,8,6,44,'g');
INSERT INTO nutrientdetail (fdcode, seq, ntcode, amount, unit) VALUES (15,9,7,100,'g');
INSERT INTO nutrientdetail (fdcode, seq, ntcode, amount, unit) VALUES (15,10,8,27,'g');
INSERT INTO nutrientdetail (fdcode, seq, ntcode, amount, unit) VALUES (15,11,9,625,'g');
INSERT INTO nutrientdetail (fdcode, seq, ntcode, amount, unit) VALUES (15,12,10,249,'g');
INSERT INTO nutrientdetail (fdcode, seq, ntcode, amount, unit) VALUES (15,13,11,1.1,'g');
INSERT INTO nutrientdetail (fdcode, seq, ntcode, amount, unit) VALUES (15,14,12,0.19,'g');
INSERT INTO nutrientdetail (fdcode, seq, ntcode, amount, unit) VALUES (15,15,13,4.9,'g');
INSERT INTO nutrientdetail (fdcode, seq, ntcode, amount, unit) VALUES (15,16,14,70,'g');
INSERT INTO nutrientdetail (fdcode, seq, ntcode, amount, unit) VALUES (15,17,15,142,'g');
INSERT INTO nutrientdetail (fdcode, seq, ntcode, amount, unit) VALUES (15,19,17,12,'g');
INSERT INTO nutrientdetail (fdcode, seq, ntcode, amount, unit) VALUES (15,20,18,0.03,'g');
INSERT INTO nutrientdetail (fdcode, seq, ntcode, amount, unit) VALUES (15,21,19,0.18,'g');
INSERT INTO nutrientdetail (fdcode, seq, ntcode, amount, unit) VALUES (15,22,20,2.85,'g');
INSERT INTO nutrientdetail (fdcode, seq, ntcode, amount, unit) VALUES (15,24,22,0.61,'g');
INSERT INTO food (fdcode, fdtname, fdename, imageurl, fooddesc) VALUES (16,'แกงหอยขม','Curry river snail','https://i.ytimg.com/vi/1EGsW2yJytc/maxresdefault.jpg','');
INSERT INTO foodcategorydetail (fdcode, seq, fccode) VALUES (16,1,1);
INSERT INTO nutrientdetail (fdcode, seq, ntcode, amount, unit) VALUES (16,1,1,129,'kcal');
INSERT INTO nutrientdetail (fdcode, seq, ntcode, amount, unit) VALUES (16,2,2,76.2,'g');
INSERT INTO nutrientdetail (fdcode, seq, ntcode, amount, unit) VALUES (16,3,3,5.46,'g');
INSERT INTO nutrientdetail (fdcode, seq, ntcode, amount, unit) VALUES (16,4,4,10,'g');
INSERT INTO nutrientdetail (fdcode, seq, ntcode, amount, unit) VALUES (16,5,5,2.39,'g');
INSERT INTO nutrientdetail (fdcode, seq, ntcode, amount, unit) VALUES (16,6,23,2,'g');
INSERT INTO nutrientdetail (fdcode, seq, ntcode, amount, unit) VALUES (16,7,24,3.87,'g');
INSERT INTO nutrientdetail (fdcode, seq, ntcode, amount, unit) VALUES (16,8,6,633,'g');
INSERT INTO nutrientdetail (fdcode, seq, ntcode, amount, unit) VALUES (16,9,7,69,'g');
INSERT INTO nutrientdetail (fdcode, seq, ntcode, amount, unit) VALUES (16,10,8,73,'g');
INSERT INTO nutrientdetail (fdcode, seq, ntcode, amount, unit) VALUES (16,11,9,618,'g');
INSERT INTO nutrientdetail (fdcode, seq, ntcode, amount, unit) VALUES (16,12,10,161,'g');
INSERT INTO nutrientdetail (fdcode, seq, ntcode, amount, unit) VALUES (16,13,11,16,'g');
INSERT INTO nutrientdetail (fdcode, seq, ntcode, amount, unit) VALUES (16,14,12,0.94,'g');
INSERT INTO nutrientdetail (fdcode, seq, ntcode, amount, unit) VALUES (16,15,13,2.5,'g');
INSERT INTO nutrientdetail (fdcode, seq, ntcode, amount, unit) VALUES (16,16,14,85,'g');
INSERT INTO nutrientdetail (fdcode, seq, ntcode, amount, unit) VALUES (16,17,15,184,'g');
INSERT INTO nutrientdetail (fdcode, seq, ntcode, amount, unit) VALUES (16,19,17,15,'g');
INSERT INTO nutrientdetail (fdcode, seq, ntcode, amount, unit) VALUES (16,20,18,0.07,'g');
INSERT INTO nutrientdetail (fdcode, seq, ntcode, amount, unit) VALUES (16,21,19,0.16,'g');
INSERT INTO nutrientdetail (fdcode, seq, ntcode, amount, unit) VALUES (16,22,20,2.81,'g');
INSERT INTO nutrientdetail (fdcode, seq, ntcode, amount, unit) VALUES (16,24,22,0.81,'g');
INSERT INTO food (fdcode, fdtname, fdename, imageurl, fooddesc) VALUES (17,'ขนมจีนซาวน้ำ','Round rice noodles with coconut milk pin','https://img.wongnai.com/p/1920x0/2018/12/17/213ff8cc6acf4daca0f10f38854db298.jpg','');
INSERT INTO foodcategorydetail (fdcode, seq, fccode) VALUES (17,1,1);
INSERT INTO nutrientdetail (fdcode, seq, ntcode, amount, unit) VALUES (17,1,1,120,'kcal');
INSERT INTO nutrientdetail (fdcode, seq, ntcode, amount, unit) VALUES (17,2,2,74.9,'g');
INSERT INTO nutrientdetail (fdcode, seq, ntcode, amount, unit) VALUES (17,3,3,2.5,'g');
INSERT INTO nutrientdetail (fdcode, seq, ntcode, amount, unit) VALUES (17,4,4,4.6,'g');
INSERT INTO nutrientdetail (fdcode, seq, ntcode, amount, unit) VALUES (17,5,5,17,'g');
INSERT INTO nutrientdetail (fdcode, seq, ntcode, amount, unit) VALUES (17,6,23,0.1,'g');
INSERT INTO nutrientdetail (fdcode, seq, ntcode, amount, unit) VALUES (17,7,24,0.9,'g');
INSERT INTO nutrientdetail (fdcode, seq, ntcode, amount, unit) VALUES (17,8,6,143,'g');
INSERT INTO nutrientdetail (fdcode, seq, ntcode, amount, unit) VALUES (17,9,7,43,'g');
INSERT INTO nutrientdetail (fdcode, seq, ntcode, amount, unit) VALUES (17,13,11,0.9,'g');
INSERT INTO nutrientdetail (fdcode, seq, ntcode, amount, unit) VALUES (17,17,15,4,'g');
INSERT INTO nutrientdetail (fdcode, seq, ntcode, amount, unit) VALUES (17,21,19,0.2,'g');
INSERT INTO nutrientdetail (fdcode, seq, ntcode, amount, unit) VALUES (17,22,20,1,'g');
INSERT INTO food (fdcode, fdtname, fdename, imageurl, fooddesc) VALUES (18,'ขนมจีนน้ำพริก','Round rice noodles with shrimp mungbean ','https://img.kapook.com/u/wanwanat/Noodle-1.jpg','');
INSERT INTO foodcategorydetail (fdcode, seq, fccode) VALUES (18,1,1);
INSERT INTO nutrientdetail (fdcode, seq, ntcode, amount, unit) VALUES (18,1,1,168,'kcal');
INSERT INTO nutrientdetail (fdcode, seq, ntcode, amount, unit) VALUES (18,2,2,65.9,'g');
INSERT INTO nutrientdetail (fdcode, seq, ntcode, amount, unit) VALUES (18,3,3,3.58,'g');
INSERT INTO nutrientdetail (fdcode, seq, ntcode, amount, unit) VALUES (18,4,4,8.57,'g');
INSERT INTO nutrientdetail (fdcode, seq, ntcode, amount, unit) VALUES (18,5,5,19.06,'g');
INSERT INTO nutrientdetail (fdcode, seq, ntcode, amount, unit) VALUES (18,7,24,2.87,'g');
INSERT INTO nutrientdetail (fdcode, seq, ntcode, amount, unit) VALUES (18,8,6,36,'g');
INSERT INTO nutrientdetail (fdcode, seq, ntcode, amount, unit) VALUES (18,9,7,61,'g');
INSERT INTO nutrientdetail (fdcode, seq, ntcode, amount, unit) VALUES (18,10,8,32,'g');
INSERT INTO nutrientdetail (fdcode, seq, ntcode, amount, unit) VALUES (18,11,9,413,'g');
INSERT INTO nutrientdetail (fdcode, seq, ntcode, amount, unit) VALUES (18,12,10,204,'g');
INSERT INTO nutrientdetail (fdcode, seq, ntcode, amount, unit) VALUES (18,13,11,1.1,'g');
INSERT INTO nutrientdetail (fdcode, seq, ntcode, amount, unit) VALUES (18,14,12,0.28,'g');
INSERT INTO nutrientdetail (fdcode, seq, ntcode, amount, unit) VALUES (18,15,13,0.5,'g');
INSERT INTO nutrientdetail (fdcode, seq, ntcode, amount, unit) VALUES (18,16,14,53,'g');
INSERT INTO nutrientdetail (fdcode, seq, ntcode, amount, unit) VALUES (18,17,15,111,'g');
INSERT INTO nutrientdetail (fdcode, seq, ntcode, amount, unit) VALUES (18,19,17,9,'g');
INSERT INTO nutrientdetail (fdcode, seq, ntcode, amount, unit) VALUES (18,20,18,0.03,'g');
INSERT INTO nutrientdetail (fdcode, seq, ntcode, amount, unit) VALUES (18,22,20,1.83,'g');
INSERT INTO nutrientdetail (fdcode, seq, ntcode, amount, unit) VALUES (18,24,22,0.32,'g');
INSERT INTO food (fdcode, fdtname, fdename, imageurl, fooddesc) VALUES (19,'ขนมจีนน้ำพริกรวมผัก','Round rice noodles with shrimp mungbean ','https://i.ytimg.com/vi/4sJV0OrcWk0/maxresdefault.jpg','');
INSERT INTO foodcategorydetail (fdcode, seq, fccode) VALUES (19,1,1);
INSERT INTO nutrientdetail (fdcode, seq, ntcode, amount, unit) VALUES (19,1,1,152,'kcal');
INSERT INTO nutrientdetail (fdcode, seq, ntcode, amount, unit) VALUES (19,2,2,68.2,'g');
INSERT INTO nutrientdetail (fdcode, seq, ntcode, amount, unit) VALUES (19,3,3,3.4,'g');
INSERT INTO nutrientdetail (fdcode, seq, ntcode, amount, unit) VALUES (19,4,4,6.6,'g');
INSERT INTO nutrientdetail (fdcode, seq, ntcode, amount, unit) VALUES (19,5,5,19.5,'g');
INSERT INTO nutrientdetail (fdcode, seq, ntcode, amount, unit) VALUES (19,6,23,0.3,'g');
INSERT INTO nutrientdetail (fdcode, seq, ntcode, amount, unit) VALUES (19,7,24,2,'g');
INSERT INTO nutrientdetail (fdcode, seq, ntcode, amount, unit) VALUES (19,8,6,32,'g');
INSERT INTO nutrientdetail (fdcode, seq, ntcode, amount, unit) VALUES (19,9,7,54,'g');
INSERT INTO nutrientdetail (fdcode, seq, ntcode, amount, unit) VALUES (19,13,11,1.2,'g');
INSERT INTO nutrientdetail (fdcode, seq, ntcode, amount, unit) VALUES (19,16,14,51,'g');
INSERT INTO nutrientdetail (fdcode, seq, ntcode, amount, unit) VALUES (19,17,15,94,'g');
INSERT INTO nutrientdetail (fdcode, seq, ntcode, amount, unit) VALUES (19,19,17,8,'g');
INSERT INTO nutrientdetail (fdcode, seq, ntcode, amount, unit) VALUES (19,20,18,0.02,'g');
INSERT INTO nutrientdetail (fdcode, seq, ntcode, amount, unit) VALUES (19,21,19,0.1,'g');
INSERT INTO nutrientdetail (fdcode, seq, ntcode, amount, unit) VALUES (19,22,20,1.5,'g');
INSERT INTO nutrientdetail (fdcode, seq, ntcode, amount, unit) VALUES (19,23,21,1,'g');
INSERT INTO nutrientdetail (fdcode, seq, ntcode, amount, unit) VALUES (19,24,22,0.32,'g');
INSERT INTO food (fdcode, fdtname, fdename, imageurl, fooddesc) VALUES (20,'ขนมจีนน้ำยา','Round rice noodles with fish curry and c','https://img.wongnai.com/p/1920x0/2019/02/18/b5a6f26e61b0419f942c6aa099bd1bf7.jpg','');
INSERT INTO foodcategorydetail (fdcode, seq, fccode) VALUES (20,1,1);
INSERT INTO nutrientdetail (fdcode, seq, ntcode, amount, unit) VALUES (20,1,1,95,'kcal');
INSERT INTO nutrientdetail (fdcode, seq, ntcode, amount, unit) VALUES (20,2,2,81.8,'g');
INSERT INTO nutrientdetail (fdcode, seq, ntcode, amount, unit) VALUES (20,3,3,2.4,'g');
INSERT INTO nutrientdetail (fdcode, seq, ntcode, amount, unit) VALUES (20,4,4,5.4,'g');
INSERT INTO nutrientdetail (fdcode, seq, ntcode, amount, unit) VALUES (20,5,5,9.07,'g');
INSERT INTO nutrientdetail (fdcode, seq, ntcode, amount, unit) VALUES (20,7,24,1.33,'g');
INSERT INTO nutrientdetail (fdcode, seq, ntcode, amount, unit) VALUES (20,8,6,21,'g');
INSERT INTO nutrientdetail (fdcode, seq, ntcode, amount, unit) VALUES (20,9,7,35,'g');
INSERT INTO nutrientdetail (fdcode, seq, ntcode, amount, unit) VALUES (20,10,8,18,'g');
INSERT INTO nutrientdetail (fdcode, seq, ntcode, amount, unit) VALUES (20,11,9,436,'g');
INSERT INTO nutrientdetail (fdcode, seq, ntcode, amount, unit) VALUES (20,12,10,165,'g');
INSERT INTO nutrientdetail (fdcode, seq, ntcode, amount, unit) VALUES (20,13,11,1,'g');
INSERT INTO nutrientdetail (fdcode, seq, ntcode, amount, unit) VALUES (20,14,12,0.13,'g');
INSERT INTO nutrientdetail (fdcode, seq, ntcode, amount, unit) VALUES (20,16,14,21,'g');
INSERT INTO nutrientdetail (fdcode, seq, ntcode, amount, unit) VALUES (20,17,15,42,'g');
INSERT INTO nutrientdetail (fdcode, seq, ntcode, amount, unit) VALUES (20,19,17,4,'g');
INSERT INTO nutrientdetail (fdcode, seq, ntcode, amount, unit) VALUES (20,20,18,0.03,'g');
INSERT INTO nutrientdetail (fdcode, seq, ntcode, amount, unit) VALUES (20,21,19,0.04,'g');
INSERT INTO nutrientdetail (fdcode, seq, ntcode, amount, unit) VALUES (20,22,20,0.99,'g');
INSERT INTO nutrientdetail (fdcode, seq, ntcode, amount, unit) VALUES (20,24,22,0.08,'g');
INSERT INTO food (fdcode, fdtname, fdename, imageurl, fooddesc) VALUES (21,'ขนมจีนน้ำยารวมผัก','Round rice noodles with fish curry and c','https://img.kapook.com/u/2017/surauch/cooking/q1_5.jpg','');
INSERT INTO foodcategorydetail (fdcode, seq, fccode) VALUES (21,1,1);
INSERT INTO nutrientdetail (fdcode, seq, ntcode, amount, unit) VALUES (21,1,1,80,'kcal');
INSERT INTO nutrientdetail (fdcode, seq, ntcode, amount, unit) VALUES (21,2,2,83,'g');
INSERT INTO nutrientdetail (fdcode, seq, ntcode, amount, unit) VALUES (21,3,3,2.7,'g');
INSERT INTO nutrientdetail (fdcode, seq, ntcode, amount, unit) VALUES (21,4,4,3.6,'g');
INSERT INTO nutrientdetail (fdcode, seq, ntcode, amount, unit) VALUES (21,5,5,9.2,'g');
INSERT INTO nutrientdetail (fdcode, seq, ntcode, amount, unit) VALUES (21,6,23,0.2,'g');
INSERT INTO nutrientdetail (fdcode, seq, ntcode, amount, unit) VALUES (21,7,24,1.3,'g');
INSERT INTO nutrientdetail (fdcode, seq, ntcode, amount, unit) VALUES (21,8,6,40,'g');
INSERT INTO nutrientdetail (fdcode, seq, ntcode, amount, unit) VALUES (21,9,7,41,'g');
INSERT INTO nutrientdetail (fdcode, seq, ntcode, amount, unit) VALUES (21,13,11,0.6,'g');
INSERT INTO nutrientdetail (fdcode, seq, ntcode, amount, unit) VALUES (21,16,14,22,'g');
INSERT INTO nutrientdetail (fdcode, seq, ntcode, amount, unit) VALUES (21,17,15,53,'g');
INSERT INTO nutrientdetail (fdcode, seq, ntcode, amount, unit) VALUES (21,19,17,9,'g');
INSERT INTO nutrientdetail (fdcode, seq, ntcode, amount, unit) VALUES (21,20,18,0.02,'g');
INSERT INTO nutrientdetail (fdcode, seq, ntcode, amount, unit) VALUES (21,21,19,0.11,'g');
INSERT INTO nutrientdetail (fdcode, seq, ntcode, amount, unit) VALUES (21,22,20,1,'g');
INSERT INTO nutrientdetail (fdcode, seq, ntcode, amount, unit) VALUES (21,24,22,0.08,'g');
INSERT INTO food (fdcode, fdtname, fdename, imageurl, fooddesc) VALUES (22,'ขนมจีนน้ำยาป่า','Round rice nooldes with fish curry witho','https://s359.kapook.com/pagebuilder/fa4a8a78-9d57-46a4-b8e4-9139574dd68e.jpg','');
INSERT INTO foodcategorydetail (fdcode, seq, fccode) VALUES (22,1,1);
INSERT INTO nutrientdetail (fdcode, seq, ntcode, amount, unit) VALUES (22,1,1,66,'kcal');
INSERT INTO nutrientdetail (fdcode, seq, ntcode, amount, unit) VALUES (22,2,2,82.8,'g');
INSERT INTO nutrientdetail (fdcode, seq, ntcode, amount, unit) VALUES (22,3,3,1.96,'g');
INSERT INTO nutrientdetail (fdcode, seq, ntcode, amount, unit) VALUES (22,4,4,0.63,'g');
INSERT INTO nutrientdetail (fdcode, seq, ntcode, amount, unit) VALUES (22,5,5,13.12,'g');
INSERT INTO nutrientdetail (fdcode, seq, ntcode, amount, unit) VALUES (22,7,24,1.49,'g');
INSERT INTO nutrientdetail (fdcode, seq, ntcode, amount, unit) VALUES (22,8,6,17,'g');
INSERT INTO nutrientdetail (fdcode, seq, ntcode, amount, unit) VALUES (22,9,7,33,'g');
INSERT INTO nutrientdetail (fdcode, seq, ntcode, amount, unit) VALUES (22,10,8,16,'g');
INSERT INTO nutrientdetail (fdcode, seq, ntcode, amount, unit) VALUES (22,11,9,499,'g');
INSERT INTO nutrientdetail (fdcode, seq, ntcode, amount, unit) VALUES (22,12,10,129,'g');
INSERT INTO nutrientdetail (fdcode, seq, ntcode, amount, unit) VALUES (22,13,11,1.4,'g');
INSERT INTO nutrientdetail (fdcode, seq, ntcode, amount, unit) VALUES (22,14,12,0.22,'g');
INSERT INTO nutrientdetail (fdcode, seq, ntcode, amount, unit) VALUES (22,15,13,9.7,'g');
INSERT INTO nutrientdetail (fdcode, seq, ntcode, amount, unit) VALUES (22,16,14,19,'g');
INSERT INTO nutrientdetail (fdcode, seq, ntcode, amount, unit) VALUES (22,20,18,0.02,'g');
INSERT INTO nutrientdetail (fdcode, seq, ntcode, amount, unit) VALUES (22,21,19,0.04,'g');
INSERT INTO nutrientdetail (fdcode, seq, ntcode, amount, unit) VALUES (22,22,20,1.47,'g');
INSERT INTO nutrientdetail (fdcode, seq, ntcode, amount, unit) VALUES (22,24,22,0.09,'g');
INSERT INTO food (fdcode, fdtname, fdename, imageurl, fooddesc) VALUES (23,'ซุปหน่อไม้','Bamboo shoot salad','https://img-global.cpcdn.com/recipes/303352aef14aa6f5/1200x630cq70/photo.jpg','');
INSERT INTO foodcategorydetail (fdcode, seq, fccode) VALUES (23,1,1);
INSERT INTO nutrientdetail (fdcode, seq, ntcode, amount, unit) VALUES (23,1,1,41,'kcal');
INSERT INTO nutrientdetail (fdcode, seq, ntcode, amount, unit) VALUES (23,2,2,88.5,'g');
INSERT INTO nutrientdetail (fdcode, seq, ntcode, amount, unit) VALUES (23,3,3,2.5,'g');
INSERT INTO nutrientdetail (fdcode, seq, ntcode, amount, unit) VALUES (23,4,4,0.8,'g');
INSERT INTO nutrientdetail (fdcode, seq, ntcode, amount, unit) VALUES (23,5,5,6,'g');
INSERT INTO nutrientdetail (fdcode, seq, ntcode, amount, unit) VALUES (23,6,23,1,'g');
INSERT INTO nutrientdetail (fdcode, seq, ntcode, amount, unit) VALUES (23,7,24,2.2,'g');
INSERT INTO nutrientdetail (fdcode, seq, ntcode, amount, unit) VALUES (23,8,6,251,'g');
INSERT INTO nutrientdetail (fdcode, seq, ntcode, amount, unit) VALUES (23,9,7,31,'g');
INSERT INTO nutrientdetail (fdcode, seq, ntcode, amount, unit) VALUES (23,13,11,1.3,'g');
INSERT INTO nutrientdetail (fdcode, seq, ntcode, amount, unit) VALUES (23,17,15,95,'g');
INSERT INTO nutrientdetail (fdcode, seq, ntcode, amount, unit) VALUES (23,19,17,8,'g');
INSERT INTO nutrientdetail (fdcode, seq, ntcode, amount, unit) VALUES (23,21,19,0.08,'g');
INSERT INTO nutrientdetail (fdcode, seq, ntcode, amount, unit) VALUES (23,22,20,0.4,'g');
INSERT INTO nutrientdetail (fdcode, seq, ntcode, amount, unit) VALUES (23,23,21,1,'g');
INSERT INTO food (fdcode, fdtname, fdename, imageurl, fooddesc) VALUES (24,'เต้าเจี้ยวหลน','Preserved soy bean dip','https://img.wongnai.com/p/1920x0/2020/06/18/5c6635bda6e04cb19a4b0827a1ade1da.jpg','');
INSERT INTO foodcategorydetail (fdcode, seq, fccode) VALUES (24,1,1);
INSERT INTO nutrientdetail (fdcode, seq, ntcode, amount, unit) VALUES (24,1,1,72,'kcal');
INSERT INTO nutrientdetail (fdcode, seq, ntcode, amount, unit) VALUES (24,2,2,83.6,'g');
INSERT INTO nutrientdetail (fdcode, seq, ntcode, amount, unit) VALUES (24,3,3,3.52,'g');
INSERT INTO nutrientdetail (fdcode, seq, ntcode, amount, unit) VALUES (24,4,4,2.94,'g');
INSERT INTO nutrientdetail (fdcode, seq, ntcode, amount, unit) VALUES (24,5,5,7.95,'g');
INSERT INTO nutrientdetail (fdcode, seq, ntcode, amount, unit) VALUES (24,7,24,2.03,'g');
INSERT INTO nutrientdetail (fdcode, seq, ntcode, amount, unit) VALUES (24,8,6,29,'g');
INSERT INTO nutrientdetail (fdcode, seq, ntcode, amount, unit) VALUES (24,9,7,61,'g');
INSERT INTO nutrientdetail (fdcode, seq, ntcode, amount, unit) VALUES (24,10,8,32,'g');
INSERT INTO nutrientdetail (fdcode, seq, ntcode, amount, unit) VALUES (24,11,9,576,'g');
INSERT INTO nutrientdetail (fdcode, seq, ntcode, amount, unit) VALUES (24,12,10,274,'g');
INSERT INTO nutrientdetail (fdcode, seq, ntcode, amount, unit) VALUES (24,13,11,1.7,'g');
INSERT INTO nutrientdetail (fdcode, seq, ntcode, amount, unit) VALUES (24,14,12,0.26,'g');
INSERT INTO nutrientdetail (fdcode, seq, ntcode, amount, unit) VALUES (24,15,13,0.8,'g');
INSERT INTO nutrientdetail (fdcode, seq, ntcode, amount, unit) VALUES (24,16,14,14,'g');
INSERT INTO nutrientdetail (fdcode, seq, ntcode, amount, unit) VALUES (24,17,15,529,'g');
INSERT INTO nutrientdetail (fdcode, seq, ntcode, amount, unit) VALUES (24,19,17,44,'g');
INSERT INTO nutrientdetail (fdcode, seq, ntcode, amount, unit) VALUES (24,20,18,0.02,'g');
INSERT INTO nutrientdetail (fdcode, seq, ntcode, amount, unit) VALUES (24,21,19,0.06,'g');
INSERT INTO nutrientdetail (fdcode, seq, ntcode, amount, unit) VALUES (24,22,20,0.82,'g');
INSERT INTO nutrientdetail (fdcode, seq, ntcode, amount, unit) VALUES (24,24,22,0.53,'g');
INSERT INTO food (fdcode, fdtname, fdename, imageurl, fooddesc) VALUES (25,'ผักลวกน้ำพริกปลาร้า','Nmaprik-pla-ra with blanched vegetable','https://img-global.cpcdn.com/recipes/57be7fcf590029f0/680x482cq70/%E0%B8%A3%E0%B8%9B-%E0%B8%AB%E0%B8%A5%E0%B8%81-%E0%B8%82%E0%B8%AD%E0%B8%87-%E0%B8%AA%E0%B8%95%E0%B8%A3-%E0%B8%99%E0%B8%B3%E0%B8%9E%E0%B8%A3%E0%B8%81%E0%B8%9B%E0%B8%A5%E0%B8%B2%E0%B8%A3%E0%B8%B2%E0%B8%9C%E0%B8%81%E0%B8%95%E0%B8%A1.jpg','');
INSERT INTO foodcategorydetail (fdcode, seq, fccode) VALUES (25,1,1);
INSERT INTO nutrientdetail (fdcode, seq, ntcode, amount, unit) VALUES (25,1,1,88,'kcal');
INSERT INTO nutrientdetail (fdcode, seq, ntcode, amount, unit) VALUES (25,2,2,87.3,'g');
INSERT INTO nutrientdetail (fdcode, seq, ntcode, amount, unit) VALUES (25,3,3,3.42,'g');
INSERT INTO nutrientdetail (fdcode, seq, ntcode, amount, unit) VALUES (25,4,4,7.99,'g');
INSERT INTO nutrientdetail (fdcode, seq, ntcode, amount, unit) VALUES (25,6,23,1.31,'g');
INSERT INTO nutrientdetail (fdcode, seq, ntcode, amount, unit) VALUES (25,7,24,2.26,'g');
INSERT INTO nutrientdetail (fdcode, seq, ntcode, amount, unit) VALUES (25,8,6,48,'g');
INSERT INTO nutrientdetail (fdcode, seq, ntcode, amount, unit) VALUES (25,9,7,55,'g');
INSERT INTO nutrientdetail (fdcode, seq, ntcode, amount, unit) VALUES (25,10,8,27,'g');
INSERT INTO nutrientdetail (fdcode, seq, ntcode, amount, unit) VALUES (25,11,9,697,'g');
INSERT INTO nutrientdetail (fdcode, seq, ntcode, amount, unit) VALUES (25,12,10,212,'g');
INSERT INTO nutrientdetail (fdcode, seq, ntcode, amount, unit) VALUES (25,13,11,2,'g');
INSERT INTO nutrientdetail (fdcode, seq, ntcode, amount, unit) VALUES (25,14,12,0.22,'g');
INSERT INTO nutrientdetail (fdcode, seq, ntcode, amount, unit) VALUES (25,15,13,0.4,'g');
INSERT INTO nutrientdetail (fdcode, seq, ntcode, amount, unit) VALUES (25,16,14,17,'g');
INSERT INTO nutrientdetail (fdcode, seq, ntcode, amount, unit) VALUES (25,17,15,90,'g');
INSERT INTO nutrientdetail (fdcode, seq, ntcode, amount, unit) VALUES (25,19,17,7,'g');
INSERT INTO nutrientdetail (fdcode, seq, ntcode, amount, unit) VALUES (25,20,18,0.05,'g');
INSERT INTO nutrientdetail (fdcode, seq, ntcode, amount, unit) VALUES (25,21,19,0.06,'g');
INSERT INTO nutrientdetail (fdcode, seq, ntcode, amount, unit) VALUES (25,22,20,2.09,'g');
INSERT INTO nutrientdetail (fdcode, seq, ntcode, amount, unit) VALUES (25,24,22,0.59,'g');
INSERT INTO food (fdcode, fdtname, fdename, imageurl, fooddesc) VALUES (26,'ห่อหมกปลาช่อนใบยอ','Snakehead fish with curry and indian-mul','https://i.ytimg.com/vi/9ngfoKZWQ9A/maxresdefault.jpg','');
INSERT INTO foodcategorydetail (fdcode, seq, fccode) VALUES (26,1,1);
INSERT INTO nutrientdetail (fdcode, seq, ntcode, amount, unit) VALUES (26,1,1,126,'kcal');
INSERT INTO nutrientdetail (fdcode, seq, ntcode, amount, unit) VALUES (26,2,2,81.3,'g');
INSERT INTO nutrientdetail (fdcode, seq, ntcode, amount, unit) VALUES (26,3,3,9.9,'g');
INSERT INTO nutrientdetail (fdcode, seq, ntcode, amount, unit) VALUES (26,4,4,9.6,'g');
INSERT INTO nutrientdetail (fdcode, seq, ntcode, amount, unit) VALUES (26,7,24,1.94,'g');
INSERT INTO nutrientdetail (fdcode, seq, ntcode, amount, unit) VALUES (26,8,6,132,'g');
INSERT INTO nutrientdetail (fdcode, seq, ntcode, amount, unit) VALUES (26,9,7,76,'g');
INSERT INTO nutrientdetail (fdcode, seq, ntcode, amount, unit) VALUES (26,10,8,42,'g');
INSERT INTO nutrientdetail (fdcode, seq, ntcode, amount, unit) VALUES (26,11,9,417,'g');
INSERT INTO nutrientdetail (fdcode, seq, ntcode, amount, unit) VALUES (26,12,10,252,'g');
INSERT INTO nutrientdetail (fdcode, seq, ntcode, amount, unit) VALUES (26,13,11,1.7,'g');
INSERT INTO nutrientdetail (fdcode, seq, ntcode, amount, unit) VALUES (26,14,12,0.28,'g');
INSERT INTO nutrientdetail (fdcode, seq, ntcode, amount, unit) VALUES (26,15,13,0.7,'g');
INSERT INTO nutrientdetail (fdcode, seq, ntcode, amount, unit) VALUES (26,16,14,53,'g');
INSERT INTO nutrientdetail (fdcode, seq, ntcode, amount, unit) VALUES (26,17,15,8787,'g');
INSERT INTO nutrientdetail (fdcode, seq, ntcode, amount, unit) VALUES (26,19,17,732,'g');
INSERT INTO nutrientdetail (fdcode, seq, ntcode, amount, unit) VALUES (26,21,19,0.07,'g');
INSERT INTO nutrientdetail (fdcode, seq, ntcode, amount, unit) VALUES (26,22,20,3.75,'g');
INSERT INTO nutrientdetail (fdcode, seq, ntcode, amount, unit) VALUES (26,24,22,2.21,'g');
INSERT INTO food (fdcode, fdtname, fdename, imageurl, fooddesc) VALUES (27,'ข้าวขาหมู','','https://img.wongnai.com/p/1920x0/2020/06/14/47888461f85344e49c077fbc4126a568.jpg','');
INSERT INTO foodcategorydetail (fdcode, seq, fccode) VALUES (27,1,1);
INSERT INTO nutrientdetail (fdcode, seq, ntcode, amount, unit) VALUES (27,1,1,152,'kcal');
INSERT INTO nutrientdetail (fdcode, seq, ntcode, amount, unit) VALUES (27,2,2,68.1,'g');
INSERT INTO nutrientdetail (fdcode, seq, ntcode, amount, unit) VALUES (27,3,3,6.7,'g');
INSERT INTO nutrientdetail (fdcode, seq, ntcode, amount, unit) VALUES (27,4,4,5.7,'g');
INSERT INTO nutrientdetail (fdcode, seq, ntcode, amount, unit) VALUES (27,5,5,18.5,'g');
INSERT INTO nutrientdetail (fdcode, seq, ntcode, amount, unit) VALUES (27,6,23,0.2,'g');
INSERT INTO nutrientdetail (fdcode, seq, ntcode, amount, unit) VALUES (27,7,24,1,'g');
INSERT INTO nutrientdetail (fdcode, seq, ntcode, amount, unit) VALUES (27,8,6,236,'g');
INSERT INTO nutrientdetail (fdcode, seq, ntcode, amount, unit) VALUES (27,9,7,43,'g');
INSERT INTO nutrientdetail (fdcode, seq, ntcode, amount, unit) VALUES (27,13,11,0.01,'g');
INSERT INTO nutrientdetail (fdcode, seq, ntcode, amount, unit) VALUES (27,17,15,33,'g');
INSERT INTO nutrientdetail (fdcode, seq, ntcode, amount, unit) VALUES (27,19,17,3,'g');
INSERT INTO nutrientdetail (fdcode, seq, ntcode, amount, unit) VALUES (27,20,18,0.08,'g');
INSERT INTO nutrientdetail (fdcode, seq, ntcode, amount, unit) VALUES (27,21,19,0.21,'g');
INSERT INTO nutrientdetail (fdcode, seq, ntcode, amount, unit) VALUES (27,22,20,1,'g');
INSERT INTO food (fdcode, fdtname, fdename, imageurl, fooddesc) VALUES (28,'ข้าวคลุกกะปิ','','https://img.wongnai.com/p/1920x0/2019/11/18/8b043347d97041b6bfa6f042bc7cf541.jpg','');
INSERT INTO foodcategorydetail (fdcode, seq, fccode) VALUES (28,1,1);
INSERT INTO nutrientdetail (fdcode, seq, ntcode, amount, unit) VALUES (28,1,1,191,'kcal');
INSERT INTO nutrientdetail (fdcode, seq, ntcode, amount, unit) VALUES (28,2,2,59.5,'g');
INSERT INTO nutrientdetail (fdcode, seq, ntcode, amount, unit) VALUES (28,3,3,6.61,'g');
INSERT INTO nutrientdetail (fdcode, seq, ntcode, amount, unit) VALUES (28,4,4,7.11,'g');
INSERT INTO nutrientdetail (fdcode, seq, ntcode, amount, unit) VALUES (28,5,5,25.21,'g');
INSERT INTO nutrientdetail (fdcode, seq, ntcode, amount, unit) VALUES (28,6,23,0.2,'g');
INSERT INTO nutrientdetail (fdcode, seq, ntcode, amount, unit) VALUES (28,7,24,1.6,'g');
INSERT INTO nutrientdetail (fdcode, seq, ntcode, amount, unit) VALUES (28,8,6,44,'g');
INSERT INTO nutrientdetail (fdcode, seq, ntcode, amount, unit) VALUES (28,9,7,83,'g');
INSERT INTO nutrientdetail (fdcode, seq, ntcode, amount, unit) VALUES (28,10,8,17,'g');
INSERT INTO nutrientdetail (fdcode, seq, ntcode, amount, unit) VALUES (28,11,9,615,'g');
INSERT INTO nutrientdetail (fdcode, seq, ntcode, amount, unit) VALUES (28,12,10,160,'g');
INSERT INTO nutrientdetail (fdcode, seq, ntcode, amount, unit) VALUES (28,13,11,0.3,'g');
INSERT INTO nutrientdetail (fdcode, seq, ntcode, amount, unit) VALUES (28,17,15,19,'g');
INSERT INTO nutrientdetail (fdcode, seq, ntcode, amount, unit) VALUES (28,19,17,2,'g');
INSERT INTO nutrientdetail (fdcode, seq, ntcode, amount, unit) VALUES (28,20,18,0.08,'g');
INSERT INTO nutrientdetail (fdcode, seq, ntcode, amount, unit) VALUES (28,21,19,0.24,'g');
INSERT INTO nutrientdetail (fdcode, seq, ntcode, amount, unit) VALUES (28,22,20,1.2,'g');
INSERT INTO food (fdcode, fdtname, fdename, imageurl, fooddesc) VALUES (29,'ข้าวผัดหมู','','https://s359.kapook.com/pagebuilder/3dfc9eae-e6b7-484a-9cbc-280067076ce4.jpg','');
INSERT INTO foodcategorydetail (fdcode, seq, fccode) VALUES (29,1,1);
INSERT INTO nutrientdetail (fdcode, seq, ntcode, amount, unit) VALUES (29,1,1,181,'kcal');
INSERT INTO nutrientdetail (fdcode, seq, ntcode, amount, unit) VALUES (29,2,2,64,'g');
INSERT INTO nutrientdetail (fdcode, seq, ntcode, amount, unit) VALUES (29,3,3,6.01,'g');
INSERT INTO nutrientdetail (fdcode, seq, ntcode, amount, unit) VALUES (29,4,4,8.2,'g');
INSERT INTO nutrientdetail (fdcode, seq, ntcode, amount, unit) VALUES (29,5,5,20.79,'g');
INSERT INTO nutrientdetail (fdcode, seq, ntcode, amount, unit) VALUES (29,6,23,0.2,'g');
INSERT INTO nutrientdetail (fdcode, seq, ntcode, amount, unit) VALUES (29,7,24,1,'g');
INSERT INTO nutrientdetail (fdcode, seq, ntcode, amount, unit) VALUES (29,8,6,57,'g');
INSERT INTO nutrientdetail (fdcode, seq, ntcode, amount, unit) VALUES (29,9,7,70,'g');
INSERT INTO nutrientdetail (fdcode, seq, ntcode, amount, unit) VALUES (29,10,8,9,'g');
INSERT INTO nutrientdetail (fdcode, seq, ntcode, amount, unit) VALUES (29,11,9,288,'g');
INSERT INTO nutrientdetail (fdcode, seq, ntcode, amount, unit) VALUES (29,12,10,67,'g');
INSERT INTO nutrientdetail (fdcode, seq, ntcode, amount, unit) VALUES (29,13,11,0.5,'g');
INSERT INTO nutrientdetail (fdcode, seq, ntcode, amount, unit) VALUES (29,17,15,124,'g');
INSERT INTO nutrientdetail (fdcode, seq, ntcode, amount, unit) VALUES (29,19,17,10,'g');
INSERT INTO nutrientdetail (fdcode, seq, ntcode, amount, unit) VALUES (29,20,18,0.02,'g');
INSERT INTO nutrientdetail (fdcode, seq, ntcode, amount, unit) VALUES (29,21,19,0.25,'g');
INSERT INTO nutrientdetail (fdcode, seq, ntcode, amount, unit) VALUES (29,22,20,1.9,'g');
INSERT INTO food (fdcode, fdtname, fdename, imageurl, fooddesc) VALUES (30,'ข้าวมันไก่','','https://thainipponfoods.com/wp-content/uploads/2022/05/rice-steamed-with-chicken-breast-2-1024x609.jpg','');
INSERT INTO foodcategorydetail (fdcode, seq, fccode) VALUES (30,1,1);
INSERT INTO nutrientdetail (fdcode, seq, ntcode, amount, unit) VALUES (30,1,1,219,'kcal');
INSERT INTO nutrientdetail (fdcode, seq, ntcode, amount, unit) VALUES (30,2,2,55.9,'g');
INSERT INTO nutrientdetail (fdcode, seq, ntcode, amount, unit) VALUES (30,3,3,5.36,'g');
INSERT INTO nutrientdetail (fdcode, seq, ntcode, amount, unit) VALUES (30,4,4,9.51,'g');
INSERT INTO nutrientdetail (fdcode, seq, ntcode, amount, unit) VALUES (30,5,5,28.01,'g');
INSERT INTO nutrientdetail (fdcode, seq, ntcode, amount, unit) VALUES (30,7,24,1.24,'g');
INSERT INTO nutrientdetail (fdcode, seq, ntcode, amount, unit) VALUES (30,8,6,64,'g');
INSERT INTO nutrientdetail (fdcode, seq, ntcode, amount, unit) VALUES (30,9,7,48,'g');
INSERT INTO nutrientdetail (fdcode, seq, ntcode, amount, unit) VALUES (30,10,8,11,'g');
INSERT INTO nutrientdetail (fdcode, seq, ntcode, amount, unit) VALUES (30,11,9,483,'g');
INSERT INTO nutrientdetail (fdcode, seq, ntcode, amount, unit) VALUES (30,12,10,82,'g');
INSERT INTO nutrientdetail (fdcode, seq, ntcode, amount, unit) VALUES (30,13,11,1.2,'g');
INSERT INTO nutrientdetail (fdcode, seq, ntcode, amount, unit) VALUES (30,17,15,14,'g');
INSERT INTO nutrientdetail (fdcode, seq, ntcode, amount, unit) VALUES (30,19,17,1,'g');
INSERT INTO nutrientdetail (fdcode, seq, ntcode, amount, unit) VALUES (30,20,18,0.01,'g');
INSERT INTO nutrientdetail (fdcode, seq, ntcode, amount, unit) VALUES (30,21,19,0.03,'g');
INSERT INTO nutrientdetail (fdcode, seq, ntcode, amount, unit) VALUES (30,22,20,1,'g');
INSERT INTO food (fdcode, fdtname, fdename, imageurl, fooddesc) VALUES (31,'ข้าวราดแกงเขียวหวานไก่','','https://img-global.cpcdn.com/recipes/f5fe8c89a3fee5f7/680x482cq70/%E0%B8%A3%E0%B8%9B-%E0%B8%AB%E0%B8%A5%E0%B8%81-%E0%B8%82%E0%B8%AD%E0%B8%87-%E0%B8%AA%E0%B8%95%E0%B8%A3-%E0%B8%9C%E0%B8%94%E0%B9%80%E0%B8%82%E0%B8%A2%E0%B8%A7%E0%B8%AB%E0%B8%A7%E0%B8%B2%E0%B8%99%E0%B9%81%E0%B8%AB%E0%B8%87%E0%B9%84%E0%B8%81%E0%B8%A3%E0%B8%B2%E0%B8%94%E0%B8%82%E0%B8%B2%E0%B8%A7.jpg','');
INSERT INTO foodcategorydetail (fdcode, seq, fccode) VALUES (31,1,1);
INSERT INTO nutrientdetail (fdcode, seq, ntcode, amount, unit) VALUES (31,1,1,133,'kcal');
INSERT INTO nutrientdetail (fdcode, seq, ntcode, amount, unit) VALUES (31,2,2,70.9,'g');
INSERT INTO nutrientdetail (fdcode, seq, ntcode, amount, unit) VALUES (31,3,3,5.22,'g');
INSERT INTO nutrientdetail (fdcode, seq, ntcode, amount, unit) VALUES (31,4,4,3.9,'g');
INSERT INTO nutrientdetail (fdcode, seq, ntcode, amount, unit) VALUES (31,5,5,19.25,'g');
INSERT INTO nutrientdetail (fdcode, seq, ntcode, amount, unit) VALUES (31,6,23,0.4,'g');
INSERT INTO nutrientdetail (fdcode, seq, ntcode, amount, unit) VALUES (31,7,24,0.73,'g');
INSERT INTO nutrientdetail (fdcode, seq, ntcode, amount, unit) VALUES (31,8,6,62,'g');
INSERT INTO nutrientdetail (fdcode, seq, ntcode, amount, unit) VALUES (31,9,7,89,'g');
INSERT INTO nutrientdetail (fdcode, seq, ntcode, amount, unit) VALUES (31,10,8,10,'g');
INSERT INTO nutrientdetail (fdcode, seq, ntcode, amount, unit) VALUES (31,11,9,170,'g');
INSERT INTO nutrientdetail (fdcode, seq, ntcode, amount, unit) VALUES (31,12,10,80,'g');
INSERT INTO nutrientdetail (fdcode, seq, ntcode, amount, unit) VALUES (31,13,11,0.1,'g');
INSERT INTO nutrientdetail (fdcode, seq, ntcode, amount, unit) VALUES (31,17,15,7,'g');
INSERT INTO nutrientdetail (fdcode, seq, ntcode, amount, unit) VALUES (31,18,16,20,'g');
INSERT INTO nutrientdetail (fdcode, seq, ntcode, amount, unit) VALUES (31,19,17,21,'g');
INSERT INTO nutrientdetail (fdcode, seq, ntcode, amount, unit) VALUES (31,20,18,0.07,'g');
INSERT INTO nutrientdetail (fdcode, seq, ntcode, amount, unit) VALUES (31,21,19,0.13,'g');
INSERT INTO nutrientdetail (fdcode, seq, ntcode, amount, unit) VALUES (31,22,20,1.9,'g');
INSERT INTO nutrientdetail (fdcode, seq, ntcode, amount, unit) VALUES (31,23,21,1,'g');
INSERT INTO food (fdcode, fdtname, fdename, imageurl, fooddesc) VALUES (32,'ข้าวราดแกงคั่วกลิ้งหมู','','https://img.wongnai.com/p/1920x0/2021/07/14/41316976cd6e45fe80fac4ad864f5af2.jpg','');
INSERT INTO foodcategorydetail (fdcode, seq, fccode) VALUES (32,1,1);
INSERT INTO nutrientdetail (fdcode, seq, ntcode, amount, unit) VALUES (32,1,1,159,'kcal');
INSERT INTO nutrientdetail (fdcode, seq, ntcode, amount, unit) VALUES (32,2,2,65.2,'g');
INSERT INTO nutrientdetail (fdcode, seq, ntcode, amount, unit) VALUES (32,3,3,3.93,'g');
INSERT INTO nutrientdetail (fdcode, seq, ntcode, amount, unit) VALUES (32,4,4,4.71,'g');
INSERT INTO nutrientdetail (fdcode, seq, ntcode, amount, unit) VALUES (32,5,5,25.13,'g');
INSERT INTO nutrientdetail (fdcode, seq, ntcode, amount, unit) VALUES (32,7,24,1.02,'g');
INSERT INTO nutrientdetail (fdcode, seq, ntcode, amount, unit) VALUES (32,8,6,12,'g');
INSERT INTO nutrientdetail (fdcode, seq, ntcode, amount, unit) VALUES (32,9,7,84,'g');
INSERT INTO nutrientdetail (fdcode, seq, ntcode, amount, unit) VALUES (32,10,8,17,'g');
INSERT INTO nutrientdetail (fdcode, seq, ntcode, amount, unit) VALUES (32,11,9,254,'g');
INSERT INTO nutrientdetail (fdcode, seq, ntcode, amount, unit) VALUES (32,12,10,141,'g');
INSERT INTO food (fdcode, fdtname, fdename, imageurl, fooddesc) VALUES (33,'ข้าวราดแกงฉู่ฉี่ปลาทู','','https://img.wongnai.com/p/1920x0/2018/05/28/1851b51a121a408c88b869d2141cb9bb.jpg','');
INSERT INTO foodcategorydetail (fdcode, seq, fccode) VALUES (33,1,1);
INSERT INTO nutrientdetail (fdcode, seq, ntcode, amount, unit) VALUES (33,1,1,122,'kcal');
INSERT INTO nutrientdetail (fdcode, seq, ntcode, amount, unit) VALUES (33,2,2,72.5,'g');
INSERT INTO nutrientdetail (fdcode, seq, ntcode, amount, unit) VALUES (33,3,3,5.16,'g');
INSERT INTO nutrientdetail (fdcode, seq, ntcode, amount, unit) VALUES (33,4,4,3.31,'g');
INSERT INTO nutrientdetail (fdcode, seq, ntcode, amount, unit) VALUES (33,5,5,17.85,'g');
INSERT INTO nutrientdetail (fdcode, seq, ntcode, amount, unit) VALUES (33,7,24,1.2,'g');
INSERT INTO nutrientdetail (fdcode, seq, ntcode, amount, unit) VALUES (33,8,6,20,'g');
INSERT INTO nutrientdetail (fdcode, seq, ntcode, amount, unit) VALUES (33,9,7,55,'g');
INSERT INTO nutrientdetail (fdcode, seq, ntcode, amount, unit) VALUES (33,10,8,15,'g');
INSERT INTO nutrientdetail (fdcode, seq, ntcode, amount, unit) VALUES (33,11,9,429,'g');
INSERT INTO nutrientdetail (fdcode, seq, ntcode, amount, unit) VALUES (33,12,10,111,'g');
INSERT INTO food (fdcode, fdtname, fdename, imageurl, fooddesc) VALUES (34,'ข้าวราดแกงไตปลา','','https://img.wongnai.com/p/1920x0/2016/12/14/c6e36c29105f4911b686f21de18aeb20.jpg','');
INSERT INTO foodcategorydetail (fdcode, seq, fccode) VALUES (34,1,1);
INSERT INTO nutrientdetail (fdcode, seq, ntcode, amount, unit) VALUES (34,1,1,106,'kcal');
INSERT INTO nutrientdetail (fdcode, seq, ntcode, amount, unit) VALUES (34,2,2,73.3,'g');
INSERT INTO nutrientdetail (fdcode, seq, ntcode, amount, unit) VALUES (34,3,3,3.28,'g');
INSERT INTO nutrientdetail (fdcode, seq, ntcode, amount, unit) VALUES (34,4,4,0.73,'g');
INSERT INTO nutrientdetail (fdcode, seq, ntcode, amount, unit) VALUES (34,5,5,21.66,'g');
INSERT INTO nutrientdetail (fdcode, seq, ntcode, amount, unit) VALUES (34,7,24,1.05,'g');
INSERT INTO nutrientdetail (fdcode, seq, ntcode, amount, unit) VALUES (34,8,6,6,'g');
INSERT INTO nutrientdetail (fdcode, seq, ntcode, amount, unit) VALUES (34,9,7,37,'g');
INSERT INTO nutrientdetail (fdcode, seq, ntcode, amount, unit) VALUES (34,10,8,7,'g');
INSERT INTO nutrientdetail (fdcode, seq, ntcode, amount, unit) VALUES (34,11,9,336,'g');
INSERT INTO nutrientdetail (fdcode, seq, ntcode, amount, unit) VALUES (34,12,10,39,'g');
INSERT INTO food (fdcode, fdtname, fdename, imageurl, fooddesc) VALUES (35,'ข้าวราดแกงเทโพหมูสามชั้น','','https://img.wongnai.com/p/1920x0/2014/08/18/fcb91c180ec74b30898d0514be13e59c.jpg','');
INSERT INTO foodcategorydetail (fdcode, seq, fccode) VALUES (35,1,1);
INSERT INTO nutrientdetail (fdcode, seq, ntcode, amount, unit) VALUES (35,1,1,85,'kcal');
INSERT INTO nutrientdetail (fdcode, seq, ntcode, amount, unit) VALUES (35,2,2,80.6,'g');
INSERT INTO nutrientdetail (fdcode, seq, ntcode, amount, unit) VALUES (35,3,3,1.93,'g');
INSERT INTO nutrientdetail (fdcode, seq, ntcode, amount, unit) VALUES (35,4,4,2.28,'g');
INSERT INTO nutrientdetail (fdcode, seq, ntcode, amount, unit) VALUES (35,5,5,14.2,'g');
INSERT INTO nutrientdetail (fdcode, seq, ntcode, amount, unit) VALUES (35,7,24,1.02,'g');
INSERT INTO nutrientdetail (fdcode, seq, ntcode, amount, unit) VALUES (35,8,6,7,'g');
INSERT INTO nutrientdetail (fdcode, seq, ntcode, amount, unit) VALUES (35,9,7,22,'g');
INSERT INTO nutrientdetail (fdcode, seq, ntcode, amount, unit) VALUES (35,10,8,12,'g');
INSERT INTO nutrientdetail (fdcode, seq, ntcode, amount, unit) VALUES (35,11,9,347,'g');
INSERT INTO nutrientdetail (fdcode, seq, ntcode, amount, unit) VALUES (35,12,10,95,'g');
INSERT INTO food (fdcode, fdtname, fdename, imageurl, fooddesc) VALUES (36,'ข้าวราดแกงพะแนงหมู','','https://img.wongnai.com/p/1920x0/2020/11/29/19fa43820d044632a883ac73b0c394dd.jpg','');
INSERT INTO foodcategorydetail (fdcode, seq, fccode) VALUES (36,1,1);
INSERT INTO nutrientdetail (fdcode, seq, ntcode, amount, unit) VALUES (36,1,1,136,'kcal');
INSERT INTO nutrientdetail (fdcode, seq, ntcode, amount, unit) VALUES (36,2,2,68.2,'g');
INSERT INTO nutrientdetail (fdcode, seq, ntcode, amount, unit) VALUES (36,3,3,7.29,'g');
INSERT INTO nutrientdetail (fdcode, seq, ntcode, amount, unit) VALUES (36,4,4,2.65,'g');
INSERT INTO nutrientdetail (fdcode, seq, ntcode, amount, unit) VALUES (36,5,5,20.84,'g');
INSERT INTO nutrientdetail (fdcode, seq, ntcode, amount, unit) VALUES (36,7,24,1.03,'g');
INSERT INTO nutrientdetail (fdcode, seq, ntcode, amount, unit) VALUES (36,8,6,8,'g');
INSERT INTO nutrientdetail (fdcode, seq, ntcode, amount, unit) VALUES (36,9,7,67,'g');
INSERT INTO nutrientdetail (fdcode, seq, ntcode, amount, unit) VALUES (36,10,8,13,'g');
INSERT INTO nutrientdetail (fdcode, seq, ntcode, amount, unit) VALUES (36,11,9,424,'g');
INSERT INTO nutrientdetail (fdcode, seq, ntcode, amount, unit) VALUES (36,12,10,129,'g');
INSERT INTO food (fdcode, fdtname, fdename, imageurl, fooddesc) VALUES (37,'ข้าวราดแกงมัสมั่นไก่','','https://www.calforlife.com/image/food/Chicken-Massaman-Curry-with-Rice.jpg','');
INSERT INTO foodcategorydetail (fdcode, seq, fccode) VALUES (37,1,1);
INSERT INTO nutrientdetail (fdcode, seq, ntcode, amount, unit) VALUES (37,1,1,138,'kcal');
INSERT INTO nutrientdetail (fdcode, seq, ntcode, amount, unit) VALUES (37,2,2,71.1,'g');
INSERT INTO nutrientdetail (fdcode, seq, ntcode, amount, unit) VALUES (37,3,3,4.4,'g');
INSERT INTO nutrientdetail (fdcode, seq, ntcode, amount, unit) VALUES (37,4,4,5.1,'g');
INSERT INTO nutrientdetail (fdcode, seq, ntcode, amount, unit) VALUES (37,5,5,18.5,'g');
INSERT INTO nutrientdetail (fdcode, seq, ntcode, amount, unit) VALUES (37,7,24,0.9,'g');
INSERT INTO nutrientdetail (fdcode, seq, ntcode, amount, unit) VALUES (37,8,6,5,'g');
INSERT INTO nutrientdetail (fdcode, seq, ntcode, amount, unit) VALUES (37,9,7,55,'g');
INSERT INTO nutrientdetail (fdcode, seq, ntcode, amount, unit) VALUES (37,10,8,12,'g');
INSERT INTO nutrientdetail (fdcode, seq, ntcode, amount, unit) VALUES (37,11,9,295,'g');
INSERT INTO nutrientdetail (fdcode, seq, ntcode, amount, unit) VALUES (37,12,10,135,'g');
INSERT INTO food (fdcode, fdtname, fdename, imageurl, fooddesc) VALUES (38,'ข้าวราดแกงส้มชะอมทอด','','https://img.wongnai.com/p/400x0/2020/03/06/c1aa44fb908f40d7a2677059f4932c8a.jpg','');
INSERT INTO foodcategorydetail (fdcode, seq, fccode) VALUES (38,1,1);
INSERT INTO nutrientdetail (fdcode, seq, ntcode, amount, unit) VALUES (38,1,1,107,'kcal');
INSERT INTO nutrientdetail (fdcode, seq, ntcode, amount, unit) VALUES (38,2,2,76.2,'g');
INSERT INTO nutrientdetail (fdcode, seq, ntcode, amount, unit) VALUES (38,3,3,3.77,'g');
INSERT INTO nutrientdetail (fdcode, seq, ntcode, amount, unit) VALUES (38,4,4,3.34,'g');
INSERT INTO nutrientdetail (fdcode, seq, ntcode, amount, unit) VALUES (38,5,5,15.31,'g');
INSERT INTO nutrientdetail (fdcode, seq, ntcode, amount, unit) VALUES (38,7,24,1.27,'g');
INSERT INTO nutrientdetail (fdcode, seq, ntcode, amount, unit) VALUES (38,8,6,21,'g');
INSERT INTO nutrientdetail (fdcode, seq, ntcode, amount, unit) VALUES (38,9,7,54,'g');
INSERT INTO nutrientdetail (fdcode, seq, ntcode, amount, unit) VALUES (38,10,8,10,'g');
INSERT INTO nutrientdetail (fdcode, seq, ntcode, amount, unit) VALUES (38,11,9,386,'g');
INSERT INTO nutrientdetail (fdcode, seq, ntcode, amount, unit) VALUES (38,12,10,83,'g');
INSERT INTO food (fdcode, fdtname, fdename, imageurl, fooddesc) VALUES (39,'ข้าวราดแกงส้มผักรวม','','https://img.wongnai.com/p/400x0/2017/12/20/843e177fb97a473d8dfc698c33eb8dd9.jpg','');
INSERT INTO foodcategorydetail (fdcode, seq, fccode) VALUES (39,1,1);
INSERT INTO nutrientdetail (fdcode, seq, ntcode, amount, unit) VALUES (39,1,1,85,'kcal');
INSERT INTO nutrientdetail (fdcode, seq, ntcode, amount, unit) VALUES (39,2,2,77.9,'g');
INSERT INTO nutrientdetail (fdcode, seq, ntcode, amount, unit) VALUES (39,3,3,2.91,'g');
INSERT INTO nutrientdetail (fdcode, seq, ntcode, amount, unit) VALUES (39,4,4,0.23,'g');
INSERT INTO nutrientdetail (fdcode, seq, ntcode, amount, unit) VALUES (39,5,5,17.77,'g');
INSERT INTO nutrientdetail (fdcode, seq, ntcode, amount, unit) VALUES (39,7,24,1.22,'g');
INSERT INTO nutrientdetail (fdcode, seq, ntcode, amount, unit) VALUES (39,8,6,20,'g');
INSERT INTO nutrientdetail (fdcode, seq, ntcode, amount, unit) VALUES (39,9,7,33,'g');
INSERT INTO nutrientdetail (fdcode, seq, ntcode, amount, unit) VALUES (39,10,8,15,'g');
INSERT INTO nutrientdetail (fdcode, seq, ntcode, amount, unit) VALUES (39,11,9,401,'g');
INSERT INTO nutrientdetail (fdcode, seq, ntcode, amount, unit) VALUES (39,12,10,96,'g');
INSERT INTO food (fdcode, fdtname, fdename, imageurl, fooddesc) VALUES (40,'ข้าวราดไข่เจียวหมูสับ','','https://yalamarketplace.com/upload/1615340846439.png','');
INSERT INTO foodcategorydetail (fdcode, seq, fccode) VALUES (40,1,1);
INSERT INTO nutrientdetail (fdcode, seq, ntcode, amount, unit) VALUES (40,1,1,236,'kcal');
INSERT INTO nutrientdetail (fdcode, seq, ntcode, amount, unit) VALUES (40,2,2,59.6,'g');
INSERT INTO nutrientdetail (fdcode, seq, ntcode, amount, unit) VALUES (40,3,3,8.15,'g');
INSERT INTO nutrientdetail (fdcode, seq, ntcode, amount, unit) VALUES (40,4,4,15.56,'g');
INSERT INTO nutrientdetail (fdcode, seq, ntcode, amount, unit) VALUES (40,5,5,15.93,'g');
INSERT INTO nutrientdetail (fdcode, seq, ntcode, amount, unit) VALUES (40,7,24,0.75,'g');
INSERT INTO nutrientdetail (fdcode, seq, ntcode, amount, unit) VALUES (40,8,6,15,'g');
INSERT INTO nutrientdetail (fdcode, seq, ntcode, amount, unit) VALUES (40,9,7,100,'g');
INSERT INTO nutrientdetail (fdcode, seq, ntcode, amount, unit) VALUES (40,10,8,9,'g');
INSERT INTO nutrientdetail (fdcode, seq, ntcode, amount, unit) VALUES (40,11,9,200,'g');
INSERT INTO nutrientdetail (fdcode, seq, ntcode, amount, unit) VALUES (40,12,10,107,'g');
INSERT INTO food (fdcode, fdtname, fdename, imageurl, fooddesc) VALUES (41,'ข้าวราดต้มจืดเต้าหู้หมูสับ','','https://yalamarketplace.com/upload/1691991940083.jpg','');
INSERT INTO foodcategorydetail (fdcode, seq, fccode) VALUES (41,1,1);
INSERT INTO nutrientdetail (fdcode, seq, ntcode, amount, unit) VALUES (41,1,1,56,'kcal');
INSERT INTO nutrientdetail (fdcode, seq, ntcode, amount, unit) VALUES (41,2,2,87.5,'g');
INSERT INTO nutrientdetail (fdcode, seq, ntcode, amount, unit) VALUES (41,3,3,4.49,'g');
INSERT INTO nutrientdetail (fdcode, seq, ntcode, amount, unit) VALUES (41,4,4,1.84,'g');
INSERT INTO nutrientdetail (fdcode, seq, ntcode, amount, unit) VALUES (41,5,5,5.29,'g');
INSERT INTO nutrientdetail (fdcode, seq, ntcode, amount, unit) VALUES (41,7,24,0.86,'g');
INSERT INTO nutrientdetail (fdcode, seq, ntcode, amount, unit) VALUES (41,8,6,9,'g');
INSERT INTO nutrientdetail (fdcode, seq, ntcode, amount, unit) VALUES (41,9,7,45,'g');
INSERT INTO nutrientdetail (fdcode, seq, ntcode, amount, unit) VALUES (41,10,8,5,'g');
INSERT INTO nutrientdetail (fdcode, seq, ntcode, amount, unit) VALUES (41,11,9,271,'g');
INSERT INTO nutrientdetail (fdcode, seq, ntcode, amount, unit) VALUES (41,12,10,77,'g');
INSERT INTO food (fdcode, fdtname, fdename, imageurl, fooddesc) VALUES (42,'ข้าวราดต้มพะโล้','','https://f.ptcdn.info/018/010/000/1379758857-5483941020-o.jpg','');
INSERT INTO foodcategorydetail (fdcode, seq, fccode) VALUES (42,1,1);
INSERT INTO nutrientdetail (fdcode, seq, ntcode, amount, unit) VALUES (42,1,1,158,'kcal');
INSERT INTO nutrientdetail (fdcode, seq, ntcode, amount, unit) VALUES (42,2,2,66.2,'g');
INSERT INTO nutrientdetail (fdcode, seq, ntcode, amount, unit) VALUES (42,3,3,7.43,'g');
INSERT INTO nutrientdetail (fdcode, seq, ntcode, amount, unit) VALUES (42,4,4,5.57,'g');
INSERT INTO nutrientdetail (fdcode, seq, ntcode, amount, unit) VALUES (42,5,5,19.62,'g');
INSERT INTO nutrientdetail (fdcode, seq, ntcode, amount, unit) VALUES (42,7,24,1.2,'g');
INSERT INTO nutrientdetail (fdcode, seq, ntcode, amount, unit) VALUES (42,8,6,17,'g');
INSERT INTO nutrientdetail (fdcode, seq, ntcode, amount, unit) VALUES (42,9,7,76,'g');
INSERT INTO nutrientdetail (fdcode, seq, ntcode, amount, unit) VALUES (42,10,8,3,'g');
INSERT INTO nutrientdetail (fdcode, seq, ntcode, amount, unit) VALUES (42,11,9,376,'g');
INSERT INTO nutrientdetail (fdcode, seq, ntcode, amount, unit) VALUES (42,12,10,79,'g');
INSERT INTO food (fdcode, fdtname, fdename, imageurl, fooddesc) VALUES (43,'ข้าวราดผัดกะเพราไก่','','https://f.ptcdn.info/331/028/000/1423645531-1ss-o.jpg','');
INSERT INTO foodcategorydetail (fdcode, seq, fccode) VALUES (43,1,1);
INSERT INTO nutrientdetail (fdcode, seq, ntcode, amount, unit) VALUES (43,1,1,174,'kcal');
INSERT INTO nutrientdetail (fdcode, seq, ntcode, amount, unit) VALUES (43,2,2,62,'g');
INSERT INTO nutrientdetail (fdcode, seq, ntcode, amount, unit) VALUES (43,3,3,8.95,'g');
INSERT INTO nutrientdetail (fdcode, seq, ntcode, amount, unit) VALUES (43,4,4,5.48,'g');
INSERT INTO nutrientdetail (fdcode, seq, ntcode, amount, unit) VALUES (43,5,5,22.19,'g');
INSERT INTO nutrientdetail (fdcode, seq, ntcode, amount, unit) VALUES (43,7,24,1.43,'g');
INSERT INTO nutrientdetail (fdcode, seq, ntcode, amount, unit) VALUES (43,8,6,12,'g');
INSERT INTO nutrientdetail (fdcode, seq, ntcode, amount, unit) VALUES (43,9,7,83,'g');
INSERT INTO nutrientdetail (fdcode, seq, ntcode, amount, unit) VALUES (43,10,8,19,'g');
INSERT INTO nutrientdetail (fdcode, seq, ntcode, amount, unit) VALUES (43,11,9,696,'g');
INSERT INTO nutrientdetail (fdcode, seq, ntcode, amount, unit) VALUES (43,12,10,140,'g');
INSERT INTO food (fdcode, fdtname, fdename, imageurl, fooddesc) VALUES (44,'ข้าวราดผัดกะเพราตับ','','https://img.wongnai.com/p/1920x0/2020/02/22/6266d184d66a45f4b9c84f094c4bd97a.jpg','');
INSERT INTO foodcategorydetail (fdcode, seq, fccode) VALUES (44,1,1);
INSERT INTO nutrientdetail (fdcode, seq, ntcode, amount, unit) VALUES (44,1,1,192,'kcal');
INSERT INTO nutrientdetail (fdcode, seq, ntcode, amount, unit) VALUES (44,2,2,59,'g');
INSERT INTO nutrientdetail (fdcode, seq, ntcode, amount, unit) VALUES (44,3,3,6.57,'g');
INSERT INTO nutrientdetail (fdcode, seq, ntcode, amount, unit) VALUES (44,4,4,6.3,'g');
INSERT INTO nutrientdetail (fdcode, seq, ntcode, amount, unit) VALUES (44,5,5,27.19,'g');
INSERT INTO nutrientdetail (fdcode, seq, ntcode, amount, unit) VALUES (44,7,24,0.94,'g');
INSERT INTO nutrientdetail (fdcode, seq, ntcode, amount, unit) VALUES (44,8,6,10,'g');
INSERT INTO nutrientdetail (fdcode, seq, ntcode, amount, unit) VALUES (44,9,7,83,'g');
INSERT INTO nutrientdetail (fdcode, seq, ntcode, amount, unit) VALUES (44,10,8,11,'g');
INSERT INTO nutrientdetail (fdcode, seq, ntcode, amount, unit) VALUES (44,11,9,299,'g');
INSERT INTO nutrientdetail (fdcode, seq, ntcode, amount, unit) VALUES (44,12,10,111,'g');
INSERT INTO food (fdcode, fdtname, fdename, imageurl, fooddesc) VALUES (45,'ข้าวราดผัดคะน้าหมูกรอบ','','https://theconnecion.com/wp-content/uploads/2021/08/%E0%B8%82%E0%B9%89%E0%B8%B2%E0%B8%A7%E0%B8%84%E0%B8%B0%E0%B8%99%E0%B9%89%E0%B8%B2%E0%B8%AB%E0%B8%A1%E0%B8%B9%E0%B8%81%E0%B8%A3%E0%B8%AD%E0%B8%9A-scaled.jpg','');
INSERT INTO foodcategorydetail (fdcode, seq, fccode) VALUES (45,1,1);
INSERT INTO nutrientdetail (fdcode, seq, ntcode, amount, unit) VALUES (45,1,1,165,'kcal');
INSERT INTO nutrientdetail (fdcode, seq, ntcode, amount, unit) VALUES (45,2,2,66.3,'g');
INSERT INTO nutrientdetail (fdcode, seq, ntcode, amount, unit) VALUES (45,3,3,5.5,'g');
INSERT INTO nutrientdetail (fdcode, seq, ntcode, amount, unit) VALUES (45,4,4,6.85,'g');
INSERT INTO nutrientdetail (fdcode, seq, ntcode, amount, unit) VALUES (45,5,5,20.3,'g');
INSERT INTO nutrientdetail (fdcode, seq, ntcode, amount, unit) VALUES (45,7,24,1.05,'g');
INSERT INTO nutrientdetail (fdcode, seq, ntcode, amount, unit) VALUES (45,8,6,10,'g');
INSERT INTO nutrientdetail (fdcode, seq, ntcode, amount, unit) VALUES (45,9,7,61,'g');
INSERT INTO nutrientdetail (fdcode, seq, ntcode, amount, unit) VALUES (45,10,8,10,'g');
INSERT INTO nutrientdetail (fdcode, seq, ntcode, amount, unit) VALUES (45,11,9,294,'g');
INSERT INTO nutrientdetail (fdcode, seq, ntcode, amount, unit) VALUES (45,12,10,131,'g');
INSERT INTO food (fdcode, fdtname, fdename, imageurl, fooddesc) VALUES (46,'ข้าวราดผัดเต้าหู้ไข้ทรงเครื่อง','','https://img-global.cpcdn.com/recipes/a7ed8f74bf0393d0/680x482cq70/%E0%B8%A3%E0%B8%9B-%E0%B8%AB%E0%B8%A5%E0%B8%81-%E0%B8%82%E0%B8%AD%E0%B8%87-%E0%B8%AA%E0%B8%95%E0%B8%A3-%E0%B9%80%E0%B8%95%E0%B8%B2%E0%B8%AB%E0%B8%97%E0%B8%A3%E0%B8%87%E0%B9%80%E0%B8%84%E0%B8%A3%E0%B8%AD%E0%B8%87%E0%B8%A3%E0%B8%B2%E0%B8%94%E0%B8%82%E0%B8%B2%E0%B8%A7.jpg','');
INSERT INTO foodcategorydetail (fdcode, seq, fccode) VALUES (46,1,1);
INSERT INTO nutrientdetail (fdcode, seq, ntcode, amount, unit) VALUES (46,1,1,105,'kcal');
INSERT INTO nutrientdetail (fdcode, seq, ntcode, amount, unit) VALUES (46,2,2,76.4,'g');
INSERT INTO nutrientdetail (fdcode, seq, ntcode, amount, unit) VALUES (46,3,3,4.29,'g');
INSERT INTO nutrientdetail (fdcode, seq, ntcode, amount, unit) VALUES (46,4,4,2.92,'g');
INSERT INTO nutrientdetail (fdcode, seq, ntcode, amount, unit) VALUES (46,5,5,15.36,'g');
INSERT INTO nutrientdetail (fdcode, seq, ntcode, amount, unit) VALUES (46,7,24,1.04,'g');
INSERT INTO nutrientdetail (fdcode, seq, ntcode, amount, unit) VALUES (46,8,6,8,'g');
INSERT INTO nutrientdetail (fdcode, seq, ntcode, amount, unit) VALUES (46,9,7,61,'g');
INSERT INTO nutrientdetail (fdcode, seq, ntcode, amount, unit) VALUES (46,10,8,6,'g');
INSERT INTO nutrientdetail (fdcode, seq, ntcode, amount, unit) VALUES (46,11,9,477,'g');
INSERT INTO nutrientdetail (fdcode, seq, ntcode, amount, unit) VALUES (46,12,10,99,'g');
INSERT INTO food (fdcode, fdtname, fdename, imageurl, fooddesc) VALUES (47,'ข้าวราดยำไข่ดาว','','https://img-global.cpcdn.com/recipes/763f277de2284416/680x482cq70/%E0%B8%A3%E0%B8%9B-%E0%B8%AB%E0%B8%A5%E0%B8%81-%E0%B8%82%E0%B8%AD%E0%B8%87-%E0%B8%AA%E0%B8%95%E0%B8%A3-%E0%B8%A2%E0%B8%B3%E0%B9%84%E0%B8%82%E0%B8%94%E0%B8%B2%E0%B8%A7-%E0%B8%A3%E0%B8%B2%E0%B8%94%E0%B8%82%E0%B8%B2%E0%B8%A7.jpg','');
INSERT INTO foodcategorydetail (fdcode, seq, fccode) VALUES (47,1,1);
INSERT INTO nutrientdetail (fdcode, seq, ntcode, amount, unit) VALUES (47,1,1,174,'kcal');
INSERT INTO nutrientdetail (fdcode, seq, ntcode, amount, unit) VALUES (47,2,2,65.1,'g');
INSERT INTO nutrientdetail (fdcode, seq, ntcode, amount, unit) VALUES (47,3,3,5.44,'g');
INSERT INTO nutrientdetail (fdcode, seq, ntcode, amount, unit) VALUES (47,4,4,7.8,'g');
INSERT INTO nutrientdetail (fdcode, seq, ntcode, amount, unit) VALUES (47,5,5,20.58,'g');
INSERT INTO nutrientdetail (fdcode, seq, ntcode, amount, unit) VALUES (47,7,24,1.11,'g');
INSERT INTO nutrientdetail (fdcode, seq, ntcode, amount, unit) VALUES (47,8,6,21,'g');
INSERT INTO nutrientdetail (fdcode, seq, ntcode, amount, unit) VALUES (47,9,7,95,'g');
INSERT INTO nutrientdetail (fdcode, seq, ntcode, amount, unit) VALUES (47,10,8,8,'g');
INSERT INTO nutrientdetail (fdcode, seq, ntcode, amount, unit) VALUES (47,11,9,468,'g');
INSERT INTO nutrientdetail (fdcode, seq, ntcode, amount, unit) VALUES (47,12,10,69,'g');
INSERT INTO food (fdcode, fdtname, fdename, imageurl, fooddesc) VALUES (48,'ข้าวราดหมูทอดกระเทียมพริกไทย','','https://img.wongnai.com/p/1968x0/2020/03/21/0f417d8d2ccc4f1eaf79668306c1ec03.jpg','');
INSERT INTO foodcategorydetail (fdcode, seq, fccode) VALUES (48,1,1);
INSERT INTO nutrientdetail (fdcode, seq, ntcode, amount, unit) VALUES (48,1,1,193,'kcal');
INSERT INTO nutrientdetail (fdcode, seq, ntcode, amount, unit) VALUES (48,2,2,57,'g');
INSERT INTO nutrientdetail (fdcode, seq, ntcode, amount, unit) VALUES (48,3,3,6.1,'g');
INSERT INTO nutrientdetail (fdcode, seq, ntcode, amount, unit) VALUES (48,4,4,4.91,'g');
INSERT INTO nutrientdetail (fdcode, seq, ntcode, amount, unit) VALUES (48,5,5,31.16,'g');
INSERT INTO nutrientdetail (fdcode, seq, ntcode, amount, unit) VALUES (48,7,24,0.84,'g');
INSERT INTO nutrientdetail (fdcode, seq, ntcode, amount, unit) VALUES (48,8,6,7,'g');
INSERT INTO nutrientdetail (fdcode, seq, ntcode, amount, unit) VALUES (48,9,7,88,'g');
INSERT INTO nutrientdetail (fdcode, seq, ntcode, amount, unit) VALUES (48,10,8,10,'g');
INSERT INTO nutrientdetail (fdcode, seq, ntcode, amount, unit) VALUES (48,11,9,267,'g');
INSERT INTO nutrientdetail (fdcode, seq, ntcode, amount, unit) VALUES (48,12,10,107,'g');
INSERT INTO food (fdcode, fdtname, fdename, imageurl, fooddesc) VALUES (49,'ข้าวหมกไก่','','https://static.amarintv.com/images/upload/editor/source/Program/longpung-guide/guide9/kaomokkaikhunwut/kaomokkaikhunwut.jpg','');
INSERT INTO foodcategorydetail (fdcode, seq, fccode) VALUES (49,1,1);
INSERT INTO nutrientdetail (fdcode, seq, ntcode, amount, unit) VALUES (49,1,1,158,'kcal');
INSERT INTO nutrientdetail (fdcode, seq, ntcode, amount, unit) VALUES (49,2,2,66.5,'g');
INSERT INTO nutrientdetail (fdcode, seq, ntcode, amount, unit) VALUES (49,3,3,6.94,'g');
INSERT INTO nutrientdetail (fdcode, seq, ntcode, amount, unit) VALUES (49,4,4,6.07,'g');
INSERT INTO nutrientdetail (fdcode, seq, ntcode, amount, unit) VALUES (49,5,5,19,'g');
INSERT INTO nutrientdetail (fdcode, seq, ntcode, amount, unit) VALUES (49,7,24,1.48,'g');
INSERT INTO nutrientdetail (fdcode, seq, ntcode, amount, unit) VALUES (49,8,6,6,'g');
INSERT INTO nutrientdetail (fdcode, seq, ntcode, amount, unit) VALUES (49,9,7,75,'g');
INSERT INTO nutrientdetail (fdcode, seq, ntcode, amount, unit) VALUES (49,10,8,8,'g');
INSERT INTO nutrientdetail (fdcode, seq, ntcode, amount, unit) VALUES (49,11,9,411,'g');
INSERT INTO nutrientdetail (fdcode, seq, ntcode, amount, unit) VALUES (49,12,10,117,'g');
INSERT INTO food (fdcode, fdtname, fdename, imageurl, fooddesc) VALUES (50,'ข้าวหมูแดง','','https://www.thaistreetfoods.net/wp-content/uploads/2016/08/DSC7520-700x466.jpg','');
INSERT INTO foodcategorydetail (fdcode, seq, fccode) VALUES (50,1,1);
INSERT INTO nutrientdetail (fdcode, seq, ntcode, amount, unit) VALUES (50,1,1,169,'kcal');
INSERT INTO nutrientdetail (fdcode, seq, ntcode, amount, unit) VALUES (50,2,2,63.3,'g');
INSERT INTO nutrientdetail (fdcode, seq, ntcode, amount, unit) VALUES (50,3,3,6.2,'g');
INSERT INTO nutrientdetail (fdcode, seq, ntcode, amount, unit) VALUES (50,4,4,5.6,'g');
INSERT INTO nutrientdetail (fdcode, seq, ntcode, amount, unit) VALUES (50,5,5,23.5,'g');
INSERT INTO nutrientdetail (fdcode, seq, ntcode, amount, unit) VALUES (50,6,23,0.2,'g');
INSERT INTO nutrientdetail (fdcode, seq, ntcode, amount, unit) VALUES (50,7,24,1.4,'g');
INSERT INTO nutrientdetail (fdcode, seq, ntcode, amount, unit) VALUES (50,8,6,352,'g');
INSERT INTO nutrientdetail (fdcode, seq, ntcode, amount, unit) VALUES (50,9,7,72,'g');
INSERT INTO nutrientdetail (fdcode, seq, ntcode, amount, unit) VALUES (50,13,11,0.2,'g');
INSERT INTO nutrientdetail (fdcode, seq, ntcode, amount, unit) VALUES (50,17,15,61,'g');
INSERT INTO nutrientdetail (fdcode, seq, ntcode, amount, unit) VALUES (50,19,17,5,'g');
INSERT INTO nutrientdetail (fdcode, seq, ntcode, amount, unit) VALUES (50,20,18,0.02,'g');
INSERT INTO nutrientdetail (fdcode, seq, ntcode, amount, unit) VALUES (50,22,20,1.3,'g');